{
      "T": 58.4,
      "fer": 1.0,
      "nMSE": 0.6845896875290647,
      "nMSEf": 0.3439735471634636,
      "nMSEm": 0.7487396894182478,
      "nMSEL": 0.3473461358887808,
      "ver": 1.0,
      "verf": 1.0,
      "verm": 1.0,
      "verL": 1.0,
      "ber": 0.29446335565476195,
      "iber": 0.3038306051587302,
      "sber": 0.26636160714285717,
      "ier": 0.5321205357142857,
      "ser": 0.26636160714285717,
      "EbN0dB": 5.0,
      "SNRdB": 10.99964671522299,
      "rate": 3.98074787115883,
      "C": 3.764285644842829,
      "ShannonLimitdB": 5.69941991005719
}