{
      "T": 104.74,
      "fer": 1.0,
      "nMSE": 0.6623403721763979,
      "nMSEf": 0.25742921048331835,
      "nMSEm": 0.7447549188704715,
      "nMSEL": 0.25841672539710997,
      "ver": 0.9996875,
      "verf": 0.99,
      "verm": 1.0,
      "verL": 1.0,
      "ber": 0.28371837797619054,
      "iber": 0.29307539682539685,
      "sber": 0.25564732142857155,
      "ier": 0.5132403273809525,
      "ser": 0.25564732142857155,
      "EbN0dB": 6.0,
      "SNRdB": 11.99964671522299,
      "rate": 3.98074787115883,
      "C": 4.074474841856607,
      "ShannonLimitdB": 5.69941991005719
}