{
      "T": 188.78,
      "fer": 1.0,
      "nMSE": 0.6340133521670385,
      "nMSEf": 0.1482182152248068,
      "nMSEm": 0.7326634783971877,
      "nMSEL": 0.1670346620181885,
      "ver": 0.99375,
      "verf": 0.91,
      "verm": 1.0,
      "verL": 0.93,
      "ber": 0.27077473958333326,
      "iber": 0.27922743055555566,
      "sber": 0.24541666666666667,
      "ier": 0.4890438988095238,
      "ser": 0.24541666666666667,
      "EbN0dB": 7.0,
      "SNRdB": 12.99964671522299,
      "rate": 3.98074787115883,
      "C": 4.388947210061522,
      "ShannonLimitdB": 5.69941991005719
}