{
      "T": 197.908,
      "fer": 0.955,
      "nMSE": 0.42955306188342385,
      "nMSEf": 0.026358099302036433,
      "nMSEm": 0.6485912407482213,
      "nMSEL": 0.02380738979124396,
      "ver": 0.746125,
      "verf": 0.281,
      "verm": 0.93,
      "verL": 0.232,
      "ber": 0.1817740885416666,
      "iber": 0.1874253472222221,
      "sber": 0.16482031249999987,
      "ier": 0.32789880952380945,
      "ser": 0.16482031249999987,
      "EbN0dB": 8.25,
      "SNRdB": 14.24964671522299,
      "rate": 3.98074787115883,
      "C": 4.786862204693856,
      "ShannonLimitdB": 5.69941991005719
}