{
      "T": 187.29,
      "fer": 0.776,
      "nMSE": 0.3020566848331657,
      "nMSEf": 0.015130917772646859,
      "nMSEm": 0.47946421958364804,
      "nMSEL": 0.012468471751845636,
      "ver": 0.5386875,
      "verf": 0.148,
      "verm": 0.736,
      "verL": 0.124,
      "ber": 0.12732505580357142,
      "iber": 0.13100409226190485,
      "sber": 0.11628794642857138,
      "ier": 0.22931361607142847,
      "ser": 0.11628794642857138,
      "EbN0dB": 8.5,
      "SNRdB": 14.49964671522299,
      "rate": 3.98074787115883,
      "C": 4.866983954496746,
      "ShannonLimitdB": 5.69941991005719
}