{
      "T": 200.0,
      "fer": 1.0,
      "nMSE": 0.5289378377369471,
      "nMSEf": 0.04099443909463394,
      "nMSEm": 0.7192098910467967,
      "nMSEL": 0.0368680417587308,
      "ver": 0.886875,
      "verf": 0.4,
      "verm": 1.0,
      "verL": 0.44,
      "ber": 0.22464843749999994,
      "iber": 0.2311557539682539,
      "sber": 0.2051264880952382,
      "ier": 0.4053348214285712,
      "ser": 0.2051264880952382,
      "EbN0dB": 8.0,
      "SNRdB": 13.99964671522299,
      "rate": 3.98074787115883,
      "C": 4.7069073974948665,
      "ShannonLimitdB": 5.69941991005719
}