{
      "T": 62.88,
      "fer": 1.0,
      "nMSE": 0.5259731812477111,
      "nMSEf": 0.2774380511045456,
      "nMSEm": 0.5751562803983689,
      "nMSEL": 0.2866256155446172,
      "ver": 0.9947499999999997,
      "verf": 0.94,
      "verm": 1.0,
      "verL": 0.94,
      "ber": 0.20213437499999987,
      "iber": 0.20213437499999987,
      "sber": 0.0,
      "ier": 0.3950937500000001,
      "ser": 0.0,
      "EbN0dB": 2.0,
      "SNRdB": 5.187587626244128,
      "rate": 2.0833333333333335,
      "C": 2.104960848571501,
      "ShannonLimitdB": 1.9149828156875195
}