{
      "T": 99.76,
      "fer": 1.0,
      "nMSE": 0.39550161850452425,
      "nMSEf": 0.11733977386580591,
      "nMSEm": 0.4895867431163788,
      "nMSEL": 0.15771089661848692,
      "ver": 0.9422499999999998,
      "verf": 0.7,
      "verm": 1.0,
      "verL": 0.73,
      "ber": 0.14870625,
      "iber": 0.14870625,
      "sber": 0.0,
      "ier": 0.28739062499999996,
      "ser": 0.0,
      "EbN0dB": 3.0,
      "SNRdB": 6.187587626244128,
      "rate": 2.0833333333333335,
      "C": 2.3664751113979383,
      "ShannonLimitdB": 1.9149828156875195
}