{
      "T": 85.87,
      "fer": 0.97,
      "nMSE": 0.022776108368765556,
      "nMSEf": 0.008363715276059242,
      "nMSEm": 0.028895772101088534,
      "nMSEL": 0.008140534478641524,
      "ver": 0.14200000000000002,
      "verf": 0.09,
      "verm": 0.14,
      "verL": 0.08,
      "ber": 0.007565625,
      "iber": 0.007565625,
      "sber": 0.0,
      "ier": 0.0148125,
      "ser": 0.0,
      "EbN0dB": 4.0,
      "SNRdB": 7.187587626244128,
      "rate": 2.0833333333333335,
      "C": 2.639949102311349,
      "ShannonLimitdB": 1.9149828156875195
}