{
      "T": 42.92,
      "fer": 0.47,
      "nMSE": 0.0020900601559995387,
      "nMSEf": 0.0007931054131414618,
      "nMSEm": 0.0023774906046706147,
      "nMSEL": 0.0023650626413294434,
      "ver": 0.020249999999999994,
      "verf": 0.0,
      "verm": 0.03,
      "verL": 0.02,
      "ber": 0.0006437500000000003,
      "iber": 0.0006437500000000003,
      "sber": 0.0,
      "ier": 0.0012812499999999996,
      "ser": 0.0,
      "EbN0dB": 5.0,
      "SNRdB": 8.187587626244127,
      "rate": 2.0833333333333335,
      "C": 2.9237345959040155,
      "ShannonLimitdB": 1.9149828156875195
}