{
      "T": 21.95,
      "fer": 0.12,
      "nMSE": 0.0003695013569752939,
      "nMSEf": 7.414659983874319e-05,
      "nMSEm": 3.472315000448812e-08,
      "nMSEL": 0.001232379204969633,
      "ver": 0.0035000000000000005,
      "verf": 0.0,
      "verm": 0.0,
      "verL": 0.01,
      "ber": 0.00011875,
      "iber": 0.00011875,
      "sber": 0.0,
      "ier": 0.00021875000000000003,
      "ser": 0.0,
      "EbN0dB": 6.0,
      "SNRdB": 9.187587626244127,
      "rate": 2.0833333333333335,
      "C": 3.216284026671513,
      "ShannonLimitdB": 1.9149828156875195
}