{
      "T": 10.97,
      "fer": 0.0,
      "nMSE": 2.198402819776851e-07,
      "nMSEf": 2.242946792950207e-12,
      "nMSEm": 6.3996236269298086e-12,
      "nMSEL": 6.727485918080527e-06,
      "ver": 0.0,
      "verf": 0.0,
      "verm": 0.0,
      "verL": 0.0,
      "ber": 0.0,
      "iber": 0.0,
      "sber": 0.0,
      "ier": 0.0,
      "ser": 0.0,
      "EbN0dB": 7.0,
      "SNRdB": 10.187587626244127,
      "rate": 2.0833333333333335,
      "C": 3.516191778127995,
      "ShannonLimitdB": 1.9149828156875195
}