{
      "T": 10.0,
      "fer": 1.0,
      "nMSE": 0.46899797821044914,
      "nMSEf": 0.4648986302688718,
      "nMSEm": 0.4295626478962367,
      "nMSEL": 0.4624364868893315,
      "ver": 0.5579999999999997,
      "verf": 0.57,
      "verm": 0.54,
      "verL": 0.57,
      "ber": 0.17404166666666665,
      "iber": 0.17404166666666665,
      "sber": 0.0,
      "ier": 0.34124999999999994,
      "ser": 0.0,
      "EbN0dB": -1.0,
      "SNRdB": -5.6736141743050625,
      "rate": 0.3409090909090909,
      "C": 0.3457298615748895,
      "ShannonLimitdB": -1.068526594300626
}