{
      "T": 10.0,
      "fer": 1.0,
      "nMSE": 0.3346506956815719,
      "nMSEf": 0.33304012976615466,
      "nMSEm": 0.3326489201130471,
      "nMSEL": 0.3315002108040608,
      "ver": 0.413,
      "verf": 0.42,
      "verm": 0.4,
      "verL": 0.42,
      "ber": 0.12062500000000002,
      "iber": 0.12062500000000002,
      "sber": 0.0,
      "ier": 0.2352499999999999,
      "ser": 0.0,
      "EbN0dB": 0.0,
      "SNRdB": -4.6736141743050625,
      "rate": 0.3409090909090909,
      "C": 0.4232114307245439,
      "ShannonLimitdB": -1.068526594300626
}