{
      "T": 10.0,
      "fer": 1.0,
      "nMSE": 0.22318973058462135,
      "nMSEf": 0.17471020998017595,
      "nMSEm": 0.2013437271006142,
      "nMSEL": 0.24048472594087797,
      "ver": 0.27999999999999997,
      "verf": 0.22,
      "verm": 0.27,
      "verL": 0.33,
      "ber": 0.07808333333333334,
      "iber": 0.07808333333333334,
      "sber": 0.0,
      "ier": 0.15274999999999997,
      "ser": 0.0,
      "EbN0dB": 1.0,
      "SNRdB": -3.6736141743050625,
      "rate": 0.3409090909090909,
      "C": 0.5151867393600317,
      "ShannonLimitdB": -1.068526594300626
}