{
      "T": 3.0016,
      "fer": 0.0,
      "nMSE": 5.517495654238582e-22,
      "nMSEf": 2.3684625407612843e-30,
      "nMSEm": 5.337308595952015e-27,
      "nMSEL": 6.062730475040124e-27,
      "ver": 0.0,
      "verf": 0.0,
      "verm": 0.0,
      "verL": 0.0,
      "ber": 0.0,
      "iber": 0.0,
      "sber": 0.0,
      "ier": 0.0,
      "ser": 0.0,
      "EbN0dB": 10.0,
      "SNRdB": 5.3263858256949375,
      "rate": 0.3409090909090909,
      "C": 2.14048122354983,
      "ShannonLimitdB": -1.068526594300626
}