{
      "T": 10.0,
      "fer": 0.95,
      "nMSE": 0.12033257095515731,
      "nMSEf": 0.07595600421651946,
      "nMSEm": 0.1075005050708438,
      "nMSEL": 0.1077053357524526,
      "ver": 0.14850000000000002,
      "verf": 0.1,
      "verm": 0.13,
      "verL": 0.14,
      "ber": 0.04108333333333333,
      "iber": 0.04108333333333333,
      "sber": 0.0,
      "ier": 0.07875000000000004,
      "ser": 0.0,
      "EbN0dB": 2.0,
      "SNRdB": -2.6736141743050625,
      "rate": 0.3409090909090909,
      "C": 0.6232155804706409,
      "ShannonLimitdB": -1.068526594300626
}