{
      "T": 10.0,
      "fer": 0.69,
      "nMSE": 0.0552690424955217,
      "nMSEf": 0.04971088929799027,
      "nMSEm": 0.048848931732156785,
      "nMSEL": 0.028808109833076117,
      "ver": 0.06649999999999996,
      "verf": 0.06,
      "verm": 0.07,
      "verL": 0.03,
      "ber": 0.01612499999999999,
      "iber": 0.01612499999999999,
      "sber": 0.0,
      "ier": 0.03424999999999998,
      "ser": 0.0,
      "EbN0dB": 3.0,
      "SNRdB": -1.6736141743050625,
      "rate": 0.3409090909090909,
      "C": 0.748635601291713,
      "ShannonLimitdB": -1.068526594300626
}