{
      "T": 10.0,
      "fer": 0.33,
      "nMSE": 0.017000185054936084,
      "nMSEf": 0.020695921301554076,
      "nMSEm": 0.01426737583697436,
      "nMSEL": 0.031040319760057593,
      "ver": 0.0225,
      "verf": 0.03,
      "verm": 0.01,
      "verL": 0.04,
      "ber": 0.00525,
      "iber": 0.00525,
      "sber": 0.0,
      "ier": 0.01125,
      "ser": 0.0,
      "EbN0dB": 4.0,
      "SNRdB": -0.6736141743050625,
      "rate": 0.3409090909090909,
      "C": 0.8924492531403873,
      "ShannonLimitdB": -1.068526594300626
}