{
      "T": 10.0,
      "fer": 0.1164,
      "nMSE": 0.005101873102552981,
      "nMSEf": 0.005225820132954804,
      "nMSEm": 0.005653086319864505,
      "nMSEL": 0.005730503266831353,
      "ver": 0.00617499999999988,
      "verf": 0.0068,
      "verm": 0.0069,
      "verL": 0.0069,
      "ber": 0.001576666666666665,
      "iber": 0.001576666666666665,
      "sber": 0.0,
      "ier": 0.0031124999999999395,
      "ser": 0.0,
      "EbN0dB": 5.0,
      "SNRdB": 0.32638582569493746,
      "rate": 0.3409090909090909,
      "C": 1.05522981358636,
      "ShannonLimitdB": -1.068526594300626
}