{
      "T": 10.0,
      "fer": 0.0786,
      "nMSE": 0.003383555024415574,
      "nMSEf": 0.00437294716020924,
      "nMSEm": 0.0021208474467443498,
      "nMSEL": 0.004640733530757781,
      "ver": 0.004139999999999984,
      "verf": 0.0055,
      "verm": 0.0028,
      "verL": 0.0064,
      "ber": 0.0010308333333333346,
      "iber": 0.0010308333333333346,
      "sber": 0.0,
      "ier": 0.002092499999999991,
      "ser": 0.0,
      "EbN0dB": 5.25,
      "SNRdB": 0.5763858256949375,
      "rate": 0.3409090909090909,
      "C": 1.0989097384611841,
      "ShannonLimitdB": -1.068526594300626
}