{
      "T": 9.9998,
      "fer": 0.0521,
      "nMSE": 0.0022341067916291936,
      "nMSEf": 0.0022198784611488637,
      "nMSEm": 0.001979918234159363,
      "nMSEL": 0.0019479900013016295,
      "ver": 0.002750000000000024,
      "verf": 0.0025,
      "verm": 0.0022,
      "verL": 0.0025,
      "ber": 0.0007045833333333365,
      "iber": 0.0007045833333333365,
      "sber": 0.0,
      "ier": 0.001375000000000012,
      "ser": 0.0,
      "EbN0dB": 5.5,
      "SNRdB": 0.8263858256949375,
      "rate": 0.3409090909090909,
      "C": 1.1437794134747303,
      "ShannonLimitdB": -1.068526594300626
}