{
      "T": 9.9915,
      "fer": 0.0358,
      "nMSE": 0.001479454360098519,
      "nMSEf": 0.0016424949247979687,
      "nMSEm": 0.001640744299649346,
      "nMSEL": 0.0017115134180264216,
      "ver": 0.001810000000000012,
      "verf": 0.0023,
      "verm": 0.002,
      "verL": 0.0019,
      "ber": 0.0004662500000000007,
      "iber": 0.0004662500000000007,
      "sber": 0.0,
      "ier": 0.000910000000000006,
      "ser": 0.0,
      "EbN0dB": 5.75,
      "SNRdB": 1.0763858256949375,
      "rate": 0.3409090909090909,
      "C": 1.1898333356604183,
      "ShannonLimitdB": -1.068526594300626
}