{
      "T": 9.9385,
      "fer": 0.0235,
      "nMSE": 0.000971953763518037,
      "nMSEf": 0.0014574935468221204,
      "nMSEm": 0.001781931132659711,
      "nMSEL": 0.0011785283498832086,
      "ver": 0.0011750000000000033,
      "verf": 0.0021,
      "verm": 0.0021,
      "verL": 0.0013,
      "ber": 0.00030666666666666706,
      "iber": 0.00030666666666666706,
      "sber": 0.0,
      "ier": 0.0005875000000000016,
      "ser": 0.0,
      "EbN0dB": 6.0,
      "SNRdB": 1.3263858256949375,
      "rate": 0.3409090909090909,
      "C": 1.2370640946662812,
      "ShannonLimitdB": -1.068526594300626
}