{
      "T": 9.7145,
      "fer": 0.012,
      "nMSE": 0.0005242972409692779,
      "nMSEf": 0.00048098184344063586,
      "nMSEm": 0.0004975171924645205,
      "nMSEL": 0.000465598492889904,
      "ver": 0.0006099999999999987,
      "verf": 0.0006,
      "verm": 0.0006,
      "verL": 0.0006,
      "ber": 0.00016124999999999988,
      "iber": 0.00016124999999999988,
      "sber": 0.0,
      "ier": 0.0003074999999999993,
      "ser": 0.0,
      "EbN0dB": 6.25,
      "SNRdB": 1.5763858256949375,
      "rate": 0.3409090909090909,
      "C": 1.2854624208906975,
      "ShannonLimitdB": -1.068526594300626
}