{
      "T": 9.1237,
      "fer": 0.0073,
      "nMSE": 0.0003059265794793347,
      "nMSEf": 0.0005579175016043315,
      "nMSEm": 0.00042671024247062063,
      "nMSEL": 0.00022780940098837506,
      "ver": 0.0003649999999999995,
      "verf": 0.0006,
      "verm": 0.0005,
      "verL": 0.0002,
      "ber": 9.583333333333331e-05,
      "iber": 9.583333333333331e-05,
      "sber": 0.0,
      "ier": 0.00018249999999999975,
      "ser": 0.0,
      "EbN0dB": 6.5,
      "SNRdB": 1.8263858256949375,
      "rate": 0.3409090909090909,
      "C": 1.335017245054717,
      "ShannonLimitdB": -1.068526594300626
}