{
      "T": 8.3192,
      "fer": 0.0053,
      "nMSE": 0.00023433261965071804,
      "nMSEf": 0.00013905662889590972,
      "nMSEm": 0.0002498839519012119,
      "nMSEL": 0.00038283807350455605,
      "ver": 0.0002699999999999999,
      "verf": 0.0002,
      "verm": 0.0002,
      "verL": 0.0004,
      "ber": 6.916666666666665e-05,
      "iber": 6.916666666666665e-05,
      "sber": 0.0,
      "ier": 0.00013499999999999995,
      "ser": 0.0,
      "EbN0dB": 6.75,
      "SNRdB": 2.0763858256949375,
      "rate": 0.3409090909090909,
      "C": 1.3857157684074206,
      "ShannonLimitdB": -1.068526594300626
}