{
      "T": 7.1688,
      "fer": 0.0037,
      "nMSE": 0.00015432301345473648,
      "nMSEf": 0.00019344606869516637,
      "nMSEm": 0.00018494210648345146,
      "nMSEL": 9.512872385742267e-05,
      "ver": 0.0001850000000000001,
      "verf": 0.0003,
      "verm": 0.0002,
      "verL": 0.0001,
      "ber": 4.708333333333333e-05,
      "iber": 4.708333333333333e-05,
      "sber": 0.0,
      "ier": 9.250000000000005e-05,
      "ser": 0.0,
      "EbN0dB": 7.0,
      "SNRdB": 2.3263858256949375,
      "rate": 0.3409090909090909,
      "C": 1.4375435426344123,
      "ShannonLimitdB": -1.068526594300626
}