{
      "T": 5.8264,
      "fer": 0.0019,
      "nMSE": 8.935523557062502e-05,
      "nMSEf": 1.665924602820754e-05,
      "nMSEm": 5.700522634627894e-07,
      "nMSEL": 2.4883820962361367e-06,
      "ver": 9.500000000000003e-05,
      "verf": 0.0,
      "verm": 0.0,
      "verL": 0.0,
      "ber": 2.2500000000000005e-05,
      "iber": 2.2500000000000005e-05,
      "sber": 0.0,
      "ier": 4.7500000000000016e-05,
      "ser": 0.0,
      "EbN0dB": 7.25,
      "SNRdB": 2.5763858256949375,
      "rate": 0.3409090909090909,
      "C": 1.490484558433952,
      "ShannonLimitdB": -1.068526594300626
}