{
      "T": 4.8031,
      "fer": 0.0007,
      "nMSE": 2.9919904012438542e-05,
      "nMSEf": 2.6686122307012987e-07,
      "nMSEm": 4.638344014741831e-08,
      "nMSEL": 0.0001100297376021268,
      "ver": 3.5e-05,
      "verf": 0.0,
      "verm": 0.0,
      "verL": 0.0001,
      "ber": 7.916666666666667e-06,
      "iber": 7.916666666666667e-06,
      "sber": 0.0,
      "ier": 1.75e-05,
      "ser": 0.0,
      "EbN0dB": 7.5,
      "SNRdB": 2.8263858256949375,
      "rate": 0.3409090909090909,
      "C": 1.5445213416420802,
      "ShannonLimitdB": -1.068526594300626
}