{
      "T": 4.1361,
      "fer": 0.0004,
      "nMSE": 1.8460446061001263e-05,
      "nMSEf": 5.057527033700515e-06,
      "nMSEm": 1.71601684344206e-07,
      "nMSEL": 1.4815398922981926e-07,
      "ver": 2e-05,
      "verf": 0.0,
      "verm": 0.0,
      "verL": 0.0,
      "ber": 5.416666666666666e-06,
      "iber": 5.416666666666666e-06,
      "sber": 0.0,
      "ier": 1e-05,
      "ser": 0.0,
      "EbN0dB": 7.75,
      "SNRdB": 3.0763858256949375,
      "rate": 0.3409090909090909,
      "C": 1.599635055728329,
      "ShannonLimitdB": -1.068526594300626
}