{
      "T": 3.6249,
      "fer": 0.0003,
      "nMSE": 1.1854511384462605e-05,
      "nMSEf": 6.914565683488557e-09,
      "nMSEm": 1.7681525327185863e-10,
      "nMSEL": 1.2047359860852495e-10,
      "ver": 1.5000000000000002e-05,
      "verf": 0.0,
      "verm": 0.0,
      "verL": 0.0,
      "ber": 4.583333333333334e-06,
      "iber": 4.583333333333334e-06,
      "sber": 0.0,
      "ier": 7.500000000000001e-06,
      "ser": 0.0,
      "EbN0dB": 8.0,
      "SNRdB": 3.3263858256949375,
      "rate": 0.3409090909090909,
      "C": 1.6558056094475304,
      "ShannonLimitdB": -1.068526594300626
}