{
      "T": 3.335,
      "fer": 0.0001,
      "nMSE": 5.546553394829638e-06,
      "nMSEf": 1.4534222345229794e-08,
      "nMSEm": 5.4469001385259986e-09,
      "nMSEL": 4.5319460241079744e-09,
      "ver": 5e-06,
      "verf": 0.0,
      "verm": 0.0,
      "verL": 0.0,
      "ber": 1.6666666666666667e-06,
      "iber": 1.6666666666666667e-06,
      "sber": 0.0,
      "ier": 2.5e-06,
      "ser": 0.0,
      "EbN0dB": 8.25,
      "SNRdB": 3.5763858256949375,
      "rate": 0.3409090909090909,
      "C": 1.713011768420374,
      "ShannonLimitdB": -1.068526594300626
}