{
      "T": 3.1474,
      "fer": 0.0001,
      "nMSE": 2.289725174595395e-06,
      "nMSEf": 1.4604671265829953e-10,
      "nMSEm": 1.3528348735902455e-12,
      "nMSEL": 6.469412066460014e-12,
      "ver": 5e-06,
      "verf": 0.0,
      "verm": 0.0,
      "verL": 0.0,
      "ber": 1.2499999999999999e-06,
      "iber": 1.2499999999999999e-06,
      "sber": 0.0,
      "ier": 2.5e-06,
      "ser": 0.0,
      "EbN0dB": 8.5,
      "SNRdB": 3.8263858256949375,
      "rate": 0.3409090909090909,
      "C": 1.7712312694246886,
      "ShannonLimitdB": -1.068526594300626
}