{
      "T": 3.0778,
      "fer": 0.0002,
      "nMSE": 1.0002258571686181e-05,
      "nMSEf": 3.109810643776791e-08,
      "nMSEm": 2.9010146560010622e-15,
      "nMSEL": 2.5157526412824882e-17,
      "ver": 1e-05,
      "verf": 0.0,
      "verm": 0.0,
      "verL": 0.0,
      "ber": 2.9166666666666666e-06,
      "iber": 2.9166666666666666e-06,
      "sber": 0.0,
      "ier": 5e-06,
      "ser": 0.0,
      "EbN0dB": 8.75,
      "SNRdB": 4.0763858256949375,
      "rate": 0.3409090909090909,
      "C": 1.8304409362093104,
      "ShannonLimitdB": -1.068526594300626
}