{
      "T": 3.0392,
      "fer": 0.0,
      "nMSE": 2.6803356456088907e-11,
      "nMSEf": 9.34682393988113e-15,
      "nMSEm": 1.525206457346115e-16,
      "nMSEL": 1.2244963320084731e-16,
      "ver": 0.0,
      "verf": 0.0,
      "verm": 0.0,
      "verL": 0.0,
      "ber": 0.0,
      "iber": 0.0,
      "sber": 0.0,
      "ier": 0.0,
      "ser": 0.0,
      "EbN0dB": 9.0,
      "SNRdB": 4.3263858256949375,
      "rate": 0.3409090909090909,
      "C": 1.8906167956908007,
      "ShannonLimitdB": -1.068526594300626
}