{
      "T": 3.0166,
      "fer": 0.0001,
      "nMSE": 4.976482974533334e-06,
      "nMSEf": 3.159742090714867e-18,
      "nMSEm": 8.875058033962908e-17,
      "nMSEL": 2.123983749672056e-17,
      "ver": 5e-06,
      "verf": 0.0,
      "verm": 0.0,
      "verL": 0.0,
      "ber": 8.333333333333333e-07,
      "iber": 8.333333333333333e-07,
      "sber": 0.0,
      "ier": 2.5e-06,
      "ser": 0.0,
      "EbN0dB": 9.25,
      "SNRdB": 4.5763858256949375,
      "rate": 0.3409090909090909,
      "C": 1.9517341934577939,
      "ShannonLimitdB": -1.068526594300626
}