{
      "T": 3.0077,
      "fer": 0.0,
      "nMSE": 1.1251273499471262e-13,
      "nMSEf": 3.6049391060392653e-17,
      "nMSEm": 1.0698271331055408e-23,
      "nMSEL": 2.8298175357519714e-21,
      "ver": 0.0,
      "verf": 0.0,
      "verm": 0.0,
      "verL": 0.0,
      "ber": 0.0,
      "iber": 0.0,
      "sber": 0.0,
      "ier": 0.0,
      "ser": 0.0,
      "EbN0dB": 9.5,
      "SNRdB": 4.8263858256949375,
      "rate": 0.3409090909090909,
      "C": 2.013767907585738,
      "ShannonLimitdB": -1.068526594300626
}