{
      "T": 3.005,
      "fer": 0.0,
      "nMSE": 6.2207173752908e-18,
      "nMSEf": 1.5821379174571516e-27,
      "nMSEm": 1.075688945635348e-24,
      "nMSEL": 4.2768873052589825e-17,
      "ver": 0.0,
      "verf": 0.0,
      "verm": 0.0,
      "verL": 0.0,
      "ber": 0.0,
      "iber": 0.0,
      "sber": 0.0,
      "ier": 0.0,
      "ser": 0.0,
      "EbN0dB": 9.75,
      "SNRdB": 5.0763858256949375,
      "rate": 0.3409090909090909,
      "C": 2.07669225985349,
      "ShannonLimitdB": -1.068526594300626
}