{
      "T": 10.0,
      "fer": 1.0,
      "nMSE": 0.4002667551040651,
      "nMSEf": 0.3534763023257256,
      "nMSEm": 0.41589807253330946,
      "nMSEL": 0.32472020756453274,
      "ver": 0.8975000000000003,
      "verf": 0.9,
      "verm": 0.92,
      "verL": 0.78,
      "ber": 0.152796875,
      "iber": 0.152796875,
      "sber": 0.0,
      "ier": 0.288125,
      "ser": 0.0,
      "EbN0dB": 1.0,
      "SNRdB": 1.8354605145007492,
      "rate": 1.2121212121212122,
      "C": 1.3368376168879388,
      "ShannonLimitdB": 0.3596725428890257
}