{
      "T": 5.1787,
      "fer": 0.0011,
      "nMSE": 2.8308123933883515e-05,
      "nMSEf": 6.192406201468675e-10,
      "nMSEm": 2.0255418176082758e-12,
      "nMSEL": 5.222538653906014e-13,
      "ver": 8.000000000000002e-05,
      "verf": 0.0,
      "verm": 0.0,
      "verL": 0.0,
      "ber": 7.187499999999999e-06,
      "iber": 7.187499999999999e-06,
      "sber": 0.0,
      "ier": 1.4375000000000002e-05,
      "ser": 0.0,
      "EbN0dB": 10.0,
      "SNRdB": 10.835460514500749,
      "rate": 1.2121212121212122,
      "C": 3.7138290953682715,
      "ShannonLimitdB": 0.3596725428890257
}