{
      "T": 10.0,
      "fer": 1.0,
      "nMSE": 0.30059593963623055,
      "nMSEf": 0.2683803909318522,
      "nMSEm": 0.2988098144158721,
      "nMSEL": 0.31367518242448567,
      "ver": 0.801,
      "verf": 0.7,
      "verm": 0.79,
      "verL": 0.8,
      "ber": 0.11056250000000001,
      "iber": 0.11056250000000001,
      "sber": 0.0,
      "ier": 0.20693749999999994,
      "ser": 0.0,
      "EbN0dB": 2.0,
      "SNRdB": 2.835460514500749,
      "rate": 1.2121212121212122,
      "C": 1.5465031825147204,
      "ShannonLimitdB": 0.3596725428890257
}