{
      "T": 10.0,
      "fer": 1.0,
      "nMSE": 0.2099233887791633,
      "nMSEf": 0.21424188514705747,
      "nMSEm": 0.233884846707806,
      "nMSEL": 0.20544341220287607,
      "ver": 0.6129999999999998,
      "verf": 0.65,
      "verm": 0.72,
      "verL": 0.61,
      "ber": 0.07367187499999997,
      "iber": 0.07367187499999997,
      "sber": 0.0,
      "ier": 0.13912500000000003,
      "ser": 0.0,
      "EbN0dB": 3.0,
      "SNRdB": 3.835460514500749,
      "rate": 1.2121212121212122,
      "C": 1.7733633306723655,
      "ShannonLimitdB": 0.3596725428890257
}