{
      "T": 10.0,
      "fer": 1.0,
      "nMSE": 0.11636248521506792,
      "nMSEf": 0.12841357699731526,
      "nMSEm": 0.11814511956916704,
      "nMSEL": 0.09696268258566107,
      "ver": 0.3655,
      "verf": 0.4,
      "verm": 0.3,
      "verL": 0.39,
      "ber": 0.038484375,
      "iber": 0.038484375,
      "sber": 0.0,
      "ier": 0.0724375,
      "ser": 0.0,
      "EbN0dB": 4.0,
      "SNRdB": 4.835460514500749,
      "rate": 1.2121212121212122,
      "C": 2.0160365618135807,
      "ShannonLimitdB": 0.3596725428890257
}