{
      "T": 10.0,
      "fer": 0.8902,
      "nMSE": 0.043624583816280135,
      "nMSEf": 0.037092905908030493,
      "nMSEm": 0.04646735710693647,
      "nMSEL": 0.03882462357927448,
      "ver": 0.14513499999999657,
      "verf": 0.1311,
      "verm": 0.1528,
      "verL": 0.1357,
      "ber": 0.01376843750000001,
      "iber": 0.01376843750000001,
      "sber": 0.0,
      "ier": 0.025841874999999227,
      "ser": 0.0,
      "EbN0dB": 5.0,
      "SNRdB": 5.835460514500749,
      "rate": 1.2121212121212122,
      "C": 2.2729380486344524,
      "ShannonLimitdB": 0.3596725428890257
}