{
      "T": 10.0,
      "fer": 0.7984,
      "nMSE": 0.031194312728263132,
      "nMSEf": 0.027936261358534647,
      "nMSEm": 0.03265959737494687,
      "nMSEL": 0.027972482110060252,
      "ver": 0.10592499999999755,
      "verf": 0.0974,
      "verm": 0.1075,
      "verL": 0.1003,
      "ber": 0.009752656250000031,
      "iber": 0.009752656250000031,
      "sber": 0.0,
      "ier": 0.018274374999999326,
      "ser": 0.0,
      "EbN0dB": 5.25,
      "SNRdB": 6.085460514500749,
      "rate": 1.2121212121212122,
      "C": 2.3391907412126693,
      "ShannonLimitdB": 0.3596725428890257
}