{
      "T": 10.0,
      "fer": 0.7116,
      "nMSE": 0.024311105245207184,
      "nMSEf": 0.01898362747935129,
      "nMSEm": 0.02848400920336444,
      "nMSEL": 0.018696131891922266,
      "ver": 0.08157499999999807,
      "verf": 0.0712,
      "verm": 0.0889,
      "verL": 0.0719,
      "ber": 0.00751468749999998,
      "iber": 0.00751468749999998,
      "sber": 0.0,
      "ier": 0.014108124999999458,
      "ser": 0.0,
      "EbN0dB": 5.5,
      "SNRdB": 6.335460514500749,
      "rate": 1.2121212121212122,
      "C": 2.4062014956497664,
      "ShannonLimitdB": 0.3596725428890257
}