{
      "T": 10.0,
      "fer": 0.6019,
      "nMSE": 0.018262392843267333,
      "nMSEf": 0.015653369832538223,
      "nMSEm": 0.01872984846314243,
      "nMSEL": 0.014205935382008041,
      "ver": 0.06142000000000064,
      "verf": 0.056,
      "verm": 0.0601,
      "verL": 0.0518,
      "ber": 0.005611406249999949,
      "iber": 0.005611406249999949,
      "sber": 0.0,
      "ier": 0.010519999999999727,
      "ser": 0.0,
      "EbN0dB": 5.75,
      "SNRdB": 6.585460514500749,
      "rate": 1.2121212121212122,
      "C": 2.4739440024138686,
      "ShannonLimitdB": 0.3596725428890257
}