{
      "T": 10.0,
      "fer": 0.4949,
      "nMSE": 0.013649490902338218,
      "nMSEf": 0.011711642954349899,
      "nMSEm": 0.014423391296184761,
      "nMSEL": 0.010916320177626901,
      "ver": 0.0452350000000024,
      "verf": 0.0417,
      "verm": 0.0457,
      "verL": 0.0409,
      "ber": 0.004121406249999962,
      "iber": 0.004121406249999962,
      "sber": 0.0,
      "ier": 0.007798750000000048,
      "ser": 0.0,
      "EbN0dB": 6.0,
      "SNRdB": 6.835460514500749,
      "rate": 1.2121212121212122,
      "C": 2.5423921488506176,
      "ShannonLimitdB": 0.3596725428890257
}