{
      "T": 10.0,
      "fer": 0.3884,
      "nMSE": 0.00928782430744435,
      "nMSEf": 0.007381573150340928,
      "nMSEm": 0.010303040813722015,
      "nMSEL": 0.007740475515407378,
      "ver": 0.031855000000001556,
      "verf": 0.0302,
      "verm": 0.0347,
      "verL": 0.0274,
      "ber": 0.0028584374999999908,
      "iber": 0.0028584374999999908,
      "sber": 0.0,
      "ier": 0.0053462500000002414,
      "ser": 0.0,
      "EbN0dB": 6.25,
      "SNRdB": 7.085460514500749,
      "rate": 1.2121212121212122,
      "C": 2.611520088759602,
      "ShannonLimitdB": 0.3596725428890257
}