{
      "T": 10.0,
      "fer": 0.2859,
      "nMSE": 0.006697109650644618,
      "nMSEf": 0.005717436887459346,
      "nMSEm": 0.008155515817393062,
      "nMSEL": 0.004433605405050359,
      "ver": 0.022175000000000517,
      "verf": 0.0203,
      "verm": 0.0257,
      "verL": 0.0171,
      "ber": 0.0020167187500000033,
      "iber": 0.0020167187500000033,
      "sber": 0.0,
      "ier": 0.0037943750000001123,
      "ser": 0.0,
      "EbN0dB": 6.5,
      "SNRdB": 7.335460514500749,
      "rate": 1.2121212121212122,
      "C": 2.6813023056840235,
      "ShannonLimitdB": 0.3596725428890257
}