{
      "T": 10.0,
      "fer": 0.2123,
      "nMSE": 0.004617859555983657,
      "nMSEf": 0.003581014751218703,
      "nMSEm": 0.005180432459147774,
      "nMSEL": 0.0035966433267001067,
      "ver": 0.015740000000000004,
      "verf": 0.0133,
      "verm": 0.0173,
      "verL": 0.0136,
      "ber": 0.0013887500000000102,
      "iber": 0.0013887500000000102,
      "sber": 0.0,
      "ier": 0.0026187500000000434,
      "ser": 0.0,
      "EbN0dB": 6.75,
      "SNRdB": 7.585460514500749,
      "rate": 1.2121212121212122,
      "C": 2.751713669949768,
      "ShannonLimitdB": 0.3596725428890257
}