{
      "T": 10.0,
      "fer": 0.1543,
      "nMSE": 0.0034138943641815237,
      "nMSEf": 0.0024471321919978285,
      "nMSEm": 0.0036925780489078996,
      "nMSEL": 0.002062089149690509,
      "ver": 0.01109499999999976,
      "verf": 0.0091,
      "verm": 0.0104,
      "verL": 0.0077,
      "ber": 0.0010148437500000049,
      "iber": 0.0010148437500000049,
      "sber": 0.0,
      "ier": 0.0019199999999999968,
      "ser": 0.0,
      "EbN0dB": 7.0,
      "SNRdB": 7.835460514500749,
      "rate": 1.2121212121212122,
      "C": 2.8227294895533417,
      "ShannonLimitdB": 0.3596725428890257
}