{
      "T": 10.0,
      "fer": 0.1129,
      "nMSE": 0.002548618934916862,
      "nMSEf": 0.0017477701729979656,
      "nMSEm": 0.003120358367819571,
      "nMSEL": 0.0016310303604337515,
      "ver": 0.008104999999999871,
      "verf": 0.006,
      "verm": 0.0094,
      "verL": 0.0064,
      "ber": 0.0007790625000000003,
      "iber": 0.0007790625000000003,
      "sber": 0.0,
      "ier": 0.0014287499999999806,
      "ser": 0.0,
      "EbN0dB": 7.25,
      "SNRdB": 8.085460514500749,
      "rate": 1.2121212121212122,
      "C": 2.8943255550530105,
      "ShannonLimitdB": 0.3596725428890257
}