{
      "T": 10.0,
      "fer": 0.0754,
      "nMSE": 0.0018565851231463323,
      "nMSEf": 0.0011522738540557334,
      "nMSEm": 0.002469035515197135,
      "nMSEL": 0.0006443270773664401,
      "ver": 0.005434999999999956,
      "verf": 0.0045,
      "verm": 0.0075,
      "verL": 0.003,
      "ber": 0.0005451562500000002,
      "iber": 0.0005451562500000002,
      "sber": 0.0,
      "ier": 0.0010268749999999898,
      "ser": 0.0,
      "EbN0dB": 7.5,
      "SNRdB": 8.335460514500749,
      "rate": 1.2121212121212122,
      "C": 2.966478178663946,
      "ShannonLimitdB": 0.3596725428890257
}