{
      "T": 9.9988,
      "fer": 0.0481,
      "nMSE": 0.0012867538281159281,
      "nMSEf": 0.0005103146760912739,
      "nMSEm": 0.002002980462408206,
      "nMSEL": 0.0008378263569856549,
      "ver": 0.003560000000000006,
      "verf": 0.002,
      "verm": 0.0055,
      "verL": 0.0032,
      "ber": 0.00037078124999999985,
      "iber": 0.00037078124999999985,
      "sber": 0.0,
      "ier": 0.0007006249999999964,
      "ser": 0.0,
      "EbN0dB": 7.75,
      "SNRdB": 8.585460514500749,
      "rate": 1.2121212121212122,
      "C": 3.0391642277965483,
      "ShannonLimitdB": 0.3596725428890257
}