{
      "T": 9.9663,
      "fer": 0.0354,
      "nMSE": 0.0007985472206183867,
      "nMSEf": 0.0004279481683971065,
      "nMSEm": 0.0010740692294392508,
      "nMSEL": 0.0003290620485451838,
      "ver": 0.002385000000000012,
      "verf": 0.0016,
      "verm": 0.0026,
      "verL": 0.0014,
      "ber": 0.00023109374999999956,
      "iber": 0.00023109374999999956,
      "sber": 0.0,
      "ier": 0.00043562500000000074,
      "ser": 0.0,
      "EbN0dB": 8.0,
      "SNRdB": 8.835460514500749,
      "rate": 1.2121212121212122,
      "C": 3.112361153307775,
      "ShannonLimitdB": 0.3596725428890257
}