{
      "T": 9.791,
      "fer": 0.0213,
      "nMSE": 0.0006258919413772555,
      "nMSEf": 0.0003530582440789629,
      "nMSEm": 0.00045732783499084935,
      "nMSEL": 0.0003399194713861138,
      "ver": 0.0016900000000000044,
      "verf": 0.001,
      "verm": 0.0013,
      "verL": 0.001,
      "ber": 0.00017609375000000003,
      "iber": 0.00017609375000000003,
      "sber": 0.0,
      "ier": 0.0003356250000000008,
      "ser": 0.0,
      "EbN0dB": 8.25,
      "SNRdB": 9.085460514500749,
      "rate": 1.2121212121212122,
      "C": 3.1860470127587366,
      "ShannonLimitdB": 0.3596725428890257
}