{
      "T": 9.3196,
      "fer": 0.0155,
      "nMSE": 0.0004270010178308458,
      "nMSEf": 0.00023922041088041533,
      "nMSEm": 0.00044016442486466536,
      "nMSEL": 0.0002240839308698912,
      "ver": 0.001150000000000002,
      "verf": 0.0006,
      "verm": 0.0015,
      "verL": 0.0005,
      "ber": 0.000128125,
      "iber": 0.000128125,
      "sber": 0.0,
      "ier": 0.0002337500000000006,
      "ser": 0.0,
      "EbN0dB": 8.5,
      "SNRdB": 9.335460514500749,
      "rate": 1.2121212121212122,
      "C": 3.2602004889886236,
      "ShannonLimitdB": 0.3596725428890257
}