{
      "T": 8.521,
      "fer": 0.0093,
      "nMSE": 0.0003628949159505881,
      "nMSEf": 0.00017598893439620575,
      "nMSEm": 0.0005477540980479271,
      "nMSEL": 0.00014842476245383894,
      "ver": 0.0007799999999999992,
      "verf": 0.0004,
      "verm": 0.001,
      "verL": 0.0005,
      "ber": 0.00010593749999999998,
      "iber": 0.00010593749999999998,
      "sber": 0.0,
      "ier": 0.00018937500000000023,
      "ser": 0.0,
      "EbN0dB": 8.75,
      "SNRdB": 9.585460514500749,
      "rate": 1.2121212121212122,
      "C": 3.3348009043258378,
      "ShannonLimitdB": 0.3596725428890257
}