{
      "T": 7.4952,
      "fer": 0.0063,
      "nMSE": 0.000224553004783264,
      "nMSEf": 0.00010080364114083923,
      "nMSEm": 0.00040652624693020875,
      "nMSEL": 6.569963764438054e-05,
      "ver": 0.0005199999999999996,
      "verf": 0.0002,
      "verm": 0.0008,
      "verL": 0.0003,
      "ber": 6.374999999999999e-05,
      "iber": 6.374999999999999e-05,
      "sber": 0.0,
      "ier": 0.00011687500000000002,
      "ser": 0.0,
      "EbN0dB": 9.0,
      "SNRdB": 9.835460514500749,
      "rate": 1.2121212121212122,
      "C": 3.4098282307626313,
      "ShannonLimitdB": 0.3596725428890257
}