{
      "T": 6.6474,
      "fer": 0.0044,
      "nMSE": 0.0001299564551465657,
      "nMSEf": 2.5016442840450452e-05,
      "nMSEm": 0.00022654856723889122,
      "nMSEL": 7.486094699070647e-05,
      "ver": 0.0003399999999999998,
      "verf": 0.0001,
      "verm": 0.0006,
      "verL": 0.0003,
      "ber": 3.6093750000000007e-05,
      "iber": 3.6093750000000007e-05,
      "sber": 0.0,
      "ier": 6.687499999999995e-05,
      "ser": 0.0,
      "EbN0dB": 9.25,
      "SNRdB": 10.085460514500749,
      "rate": 1.2121212121212122,
      "C": 3.4852630964203457,
      "ShannonLimitdB": 0.3596725428890257
}