{
      "T": 5.9835,
      "fer": 0.0038,
      "nMSE": 0.0001105412235278875,
      "nMSEf": 9.956052677334604e-05,
      "nMSEm": 0.000297419888429917,
      "nMSEL": 8.867865375079367e-05,
      "ver": 0.00026999999999999984,
      "verf": 0.0003,
      "verm": 0.0006,
      "verL": 0.0002,
      "ber": 3.0625000000000006e-05,
      "iber": 3.0625000000000006e-05,
      "sber": 0.0,
      "ier": 5.812499999999997e-05,
      "ser": 0.0,
      "EbN0dB": 9.5,
      "SNRdB": 10.335460514500749,
      "rate": 1.2121212121212122,
      "C": 3.5610867886290185,
      "ShannonLimitdB": 0.3596725428890257
}