{
      "T": 5.4778,
      "fer": 0.0032,
      "nMSE": 9.182182313383904e-05,
      "nMSEf": 2.7833615681520956e-05,
      "nMSEm": 7.501394524325047e-05,
      "nMSEL": 2.4999983064009424e-05,
      "ver": 0.0002250000000000001,
      "verf": 0.0001,
      "verm": 0.0002,
      "verL": 0.0001,
      "ber": 2.6093749999999997e-05,
      "iber": 2.6093749999999997e-05,
      "sber": 0.0,
      "ier": 4.749999999999999e-05,
      "ser": 0.0,
      "EbN0dB": 9.75,
      "SNRdB": 10.585460514500749,
      "rate": 1.2121212121212122,
      "C": 3.637281253938448,
      "ShannonLimitdB": 0.3596725428890257
}