{
      "T": 21.84,
      "fer": 1.0,
      "nMSE": 0.5804937210083007,
      "nMSEf": 0.5183425615727901,
      "nMSEm": 0.566176887601614,
      "nMSEL": 0.5190277661383152,
      "ver": 0.9975,
      "verf": 0.97,
      "verm": 1.0,
      "verL": 1.0,
      "ber": 0.31109375000000006,
      "iber": 0.31109375000000006,
      "sber": 0.0,
      "ier": 0.580375,
      "ser": 0.0,
      "EbN0dB": 0.0,
      "SNRdB": 0.8354605145007492,
      "rate": 1.2121212121212122,
      "C": 1.1454304395215638,
      "ShannonLimitdB": 0.3596725428890257
}