{
      "T": 27.6,
      "fer": 1.0,
      "nMSE": 0.5113404393196108,
      "nMSEf": 0.424257046803832,
      "nMSEm": 0.5168313300609588,
      "nMSEL": 0.4402298683673143,
      "ver": 0.9935000000000003,
      "verf": 0.96,
      "verm": 0.99,
      "verL": 0.98,
      "ber": 0.26867187500000006,
      "iber": 0.26867187500000006,
      "sber": 0.0,
      "ier": 0.5056875000000002,
      "ser": 0.0,
      "EbN0dB": 1.0,
      "SNRdB": 1.8354605145007492,
      "rate": 1.2121212121212122,
      "C": 1.3368376168879388,
      "ShannonLimitdB": 0.3596725428890257
}