{
      "T": 36.0682,
      "fer": 0.0003,
      "nMSE": 0.0001963235226607084,
      "nMSEf": 0.00024729817008566736,
      "nMSEm": 0.00022706071391078328,
      "nMSEL": 0.00022932972190968574,
      "ver": 1.5000000000000002e-05,
      "verf": 0.0,
      "verm": 0.0,
      "verL": 0.0001,
      "ber": 1.4062500000000003e-06,
      "iber": 1.4062500000000003e-06,
      "sber": 0.0,
      "ier": 1.8750000000000003e-06,
      "ser": 0.0,
      "EbN0dB": 10.0,
      "SNRdB": 10.835460514500749,
      "rate": 1.2121212121212122,
      "C": 3.7138290953682715,
      "ShannonLimitdB": 0.3596725428890257
}