{
      "T": 37.2,
      "fer": 1.0,
      "nMSE": 0.43020047283172624,
      "nMSEf": 0.3550034303590655,
      "nMSEm": 0.4361737336218357,
      "nMSEL": 0.34899684201925996,
      "ver": 0.9825000000000004,
      "verf": 0.94,
      "verm": 0.99,
      "verL": 0.9,
      "ber": 0.22546874999999997,
      "iber": 0.22546874999999997,
      "sber": 0.0,
      "ier": 0.42393749999999997,
      "ser": 0.0,
      "EbN0dB": 2.0,
      "SNRdB": 2.835460514500749,
      "rate": 1.2121212121212122,
      "C": 1.5465031825147204,
      "ShannonLimitdB": 0.3596725428890257
}