{
      "T": 58.26,
      "fer": 1.0,
      "nMSE": 0.3481011340618134,
      "nMSEf": 0.265332812378183,
      "nMSEm": 0.37003466844558713,
      "nMSEL": 0.2555277977604419,
      "ver": 0.9305000000000012,
      "verf": 0.84,
      "verm": 0.93,
      "verL": 0.85,
      "ber": 0.17235937499999998,
      "iber": 0.17235937499999998,
      "sber": 0.0,
      "ier": 0.3243124999999999,
      "ser": 0.0,
      "EbN0dB": 3.0,
      "SNRdB": 3.835460514500749,
      "rate": 1.2121212121212122,
      "C": 1.7733633306723655,
      "ShannonLimitdB": 0.3596725428890257
}