{
      "T": 115.84,
      "fer": 1.0,
      "nMSE": 0.2324581623077392,
      "nMSEf": 0.150255454829894,
      "nMSEm": 0.28295378645183517,
      "nMSEL": 0.15661868835799397,
      "ver": 0.7514999999999996,
      "verf": 0.55,
      "verm": 0.85,
      "verL": 0.6,
      "ber": 0.1065625,
      "iber": 0.1065625,
      "sber": 0.0,
      "ier": 0.19862500000000005,
      "ser": 0.0,
      "EbN0dB": 4.0,
      "SNRdB": 4.835460514500749,
      "rate": 1.2121212121212122,
      "C": 2.0160365618135807,
      "ShannonLimitdB": 0.3596725428890257
}