{
      "T": 193.02,
      "fer": 1.0,
      "nMSE": 0.1314049840569496,
      "nMSEf": 0.09420211194992589,
      "nMSEm": 0.13570056891068816,
      "nMSEL": 0.08714426754417218,
      "ver": 0.4760000000000001,
      "verf": 0.36,
      "verm": 0.46,
      "verL": 0.32,
      "ber": 0.05178124999999999,
      "iber": 0.05178124999999999,
      "sber": 0.0,
      "ier": 0.09625000000000002,
      "ser": 0.0,
      "EbN0dB": 5.0,
      "SNRdB": 5.835460514500749,
      "rate": 1.2121212121212122,
      "C": 2.2729380486344524,
      "ShannonLimitdB": 0.3596725428890257
}