{
      "T": 182.9,
      "fer": 0.88,
      "nMSE": 0.04701856999099253,
      "nMSEf": 0.03765046530587142,
      "nMSEm": 0.058501373548801895,
      "nMSEL": 0.03388899131644166,
      "ver": 0.128,
      "verf": 0.11,
      "verm": 0.16,
      "verL": 0.05,
      "ber": 0.010656249999999999,
      "iber": 0.010656249999999999,
      "sber": 0.0,
      "ier": 0.019687500000000007,
      "ser": 0.0,
      "EbN0dB": 6.0,
      "SNRdB": 6.835460514500749,
      "rate": 1.2121212121212122,
      "C": 2.5423921488506176,
      "ShannonLimitdB": 0.3596725428890257
}