{
      "T": 172.41,
      "fer": 0.39,
      "nMSE": 0.014371642430312937,
      "nMSEf": 0.01390210189502664,
      "nMSEm": 0.01421446584591277,
      "nMSEL": 0.008930828751016636,
      "ver": 0.0255,
      "verf": 0.04,
      "verm": 0.03,
      "verL": 0.0,
      "ber": 0.001640625,
      "iber": 0.001640625,
      "sber": 0.0,
      "ier": 0.0032499999999999994,
      "ser": 0.0,
      "EbN0dB": 7.0,
      "SNRdB": 7.835460514500749,
      "rate": 1.2121212121212122,
      "C": 2.8227294895533417,
      "ShannonLimitdB": 0.3596725428890257
}