{
      "T": 151.204,
      "fer": 0.049,
      "nMSE": 0.003737254995185942,
      "nMSEf": 0.003383333625846675,
      "nMSEm": 0.0036520487853307576,
      "nMSEL": 0.003736237998489917,
      "ver": 0.0025750000000000217,
      "verf": 0.0027,
      "verm": 0.0029,
      "verL": 0.0032,
      "ber": 0.00017109375000000008,
      "iber": 0.00017109375000000008,
      "sber": 0.0,
      "ier": 0.00032750000000000265,
      "ser": 0.0,
      "EbN0dB": 8.0,
      "SNRdB": 8.835460514500749,
      "rate": 1.2121212121212122,
      "C": 3.112361153307775,
      "ShannonLimitdB": 0.3596725428890257
}