{
      "T": 140.1761,
      "fer": 0.0258,
      "nMSE": 0.002714652434494831,
      "nMSEf": 0.00266227716887224,
      "nMSEm": 0.0027129385679859537,
      "nMSEL": 0.0025162555108860685,
      "ver": 0.0013250000000000054,
      "verf": 0.0009,
      "verm": 0.0016,
      "verL": 0.0007,
      "ber": 8.828125000000018e-05,
      "iber": 8.828125000000018e-05,
      "sber": 0.0,
      "ier": 0.00016750000000000068,
      "ser": 0.0,
      "EbN0dB": 8.25,
      "SNRdB": 9.085460514500749,
      "rate": 1.2121212121212122,
      "C": 3.1860470127587366,
      "ShannonLimitdB": 0.3596725428890257
}