{
      "T": 127.0464,
      "fer": 0.0144,
      "nMSE": 0.0019081878076198254,
      "nMSEf": 0.0018894241478220903,
      "nMSEm": 0.0019294764927912879,
      "nMSEL": 0.0017117591878436688,
      "ver": 0.0007399999999999983,
      "verf": 0.0006,
      "verm": 0.0014,
      "verL": 0.0006,
      "ber": 4.9375000000000014e-05,
      "iber": 4.9375000000000014e-05,
      "sber": 0.0,
      "ier": 9.374999999999977e-05,
      "ser": 0.0,
      "EbN0dB": 8.5,
      "SNRdB": 9.335460514500749,
      "rate": 1.2121212121212122,
      "C": 3.2602004889886236,
      "ShannonLimitdB": 0.3596725428890257
}