{
      "T": 111.7846,
      "fer": 0.0086,
      "nMSE": 0.0014430402495393762,
      "nMSEf": 0.0012609258321990117,
      "nMSEm": 0.0014805164391134367,
      "nMSEL": 0.001213835673980957,
      "ver": 0.00043999999999999926,
      "verf": 0.0002,
      "verm": 0.0008,
      "verL": 0.0007,
      "ber": 3.031249999999998e-05,
      "iber": 3.031249999999998e-05,
      "sber": 0.0,
      "ier": 5.624999999999991e-05,
      "ser": 0.0,
      "EbN0dB": 8.75,
      "SNRdB": 9.585460514500749,
      "rate": 1.2121212121212122,
      "C": 3.3348009043258378,
      "ShannonLimitdB": 0.3596725428890257
}