{
      "T": 97.7147,
      "fer": 0.0052,
      "nMSE": 0.0010434377471322232,
      "nMSEf": 0.0008861757147743372,
      "nMSEm": 0.0010303224290433338,
      "nMSEL": 0.0011504032277471188,
      "ver": 0.00025999999999999987,
      "verf": 0.0002,
      "verm": 0.0002,
      "verL": 0.0002,
      "ber": 1.6249999999999992e-05,
      "iber": 1.6249999999999992e-05,
      "sber": 0.0,
      "ier": 3.2499999999999984e-05,
      "ser": 0.0,
      "EbN0dB": 9.0,
      "SNRdB": 9.835460514500749,
      "rate": 1.2121212121212122,
      "C": 3.4098282307626313,
      "ShannonLimitdB": 0.3596725428890257
}