{
      "T": 77.5951,
      "fer": 0.0027,
      "nMSE": 0.000700693028303978,
      "nMSEf": 0.0005879881645308752,
      "nMSEm": 0.0006038090089144971,
      "nMSEL": 0.0007202914752215396,
      "ver": 0.00013500000000000006,
      "verf": 0.0001,
      "verm": 0.0,
      "verL": 0.0,
      "ber": 9.375e-06,
      "iber": 9.375e-06,
      "sber": 0.0,
      "ier": 1.6875000000000007e-05,
      "ser": 0.0,
      "EbN0dB": 9.25,
      "SNRdB": 10.085460514500749,
      "rate": 1.2121212121212122,
      "C": 3.4852630964203457,
      "ShannonLimitdB": 0.3596725428890257
}