{
      "T": 62.8422,
      "fer": 0.0011,
      "nMSE": 0.00047202236650395344,
      "nMSEf": 0.000481885006671199,
      "nMSEm": 0.0005129528466191335,
      "nMSEL": 0.0006027796932126932,
      "ver": 5.4999999999999995e-05,
      "verf": 0.0,
      "verm": 0.0,
      "verL": 0.0,
      "ber": 3.90625e-06,
      "iber": 3.90625e-06,
      "sber": 0.0,
      "ier": 6.874999999999999e-06,
      "ser": 0.0,
      "EbN0dB": 9.5,
      "SNRdB": 10.335460514500749,
      "rate": 1.2121212121212122,
      "C": 3.5610867886290185,
      "ShannonLimitdB": 0.3596725428890257
}