{
      "T": 48.4358,
      "fer": 0.0008,
      "nMSE": 0.0003244390133155783,
      "nMSEf": 0.00022705274622614353,
      "nMSEm": 0.00035877660246357344,
      "nMSEL": 0.0002257362508037662,
      "ver": 3.9999999999999996e-05,
      "verf": 0.0,
      "verm": 0.0,
      "verL": 0.0001,
      "ber": 2.1875000000000002e-06,
      "iber": 2.1875000000000002e-06,
      "sber": 0.0,
      "ier": 4.9999999999999996e-06,
      "ser": 0.0,
      "EbN0dB": 9.75,
      "SNRdB": 10.585460514500749,
      "rate": 1.2121212121212122,
      "C": 3.637281253938448,
      "ShannonLimitdB": 0.3596725428890257
}