{
      "T": 10.0,
      "fer": 1.0,
      "nMSE": 0.6175735496339345,
      "nMSEf": 0.22131828455697916,
      "nMSEm": 0.713855142139253,
      "nMSEL": 0.20980533997217812,
      "ver": 1.0,
      "verf": 1.0,
      "verm": 1.0,
      "verL": 1.0,
      "ber": 0.36221447172619053,
      "iber": 0.36221447172619053,
      "sber": 0.0,
      "ier": 0.6789992559523812,
      "ser": 0.0,
      "EbN0dB": 15.0,
      "SNRdB": 20.99964671522299,
      "rate": 3.98074787115883,
      "C": 6.9873470251971375,
      "ShannonLimitdB": 5.69941991005719
}