{
      "T": 10.0,
      "fer": 1.0,
      "nMSE": 0.6135730284736268,
      "nMSEf": 0.19192342145102362,
      "nMSEm": 0.7155109782445999,
      "nMSEL": 0.2102455052307674,
      "ver": 1.0,
      "verf": 1.0,
      "verm": 1.0,
      "verL": 1.0,
      "ber": 0.3598790922619047,
      "iber": 0.3598790922619047,
      "sber": 0.0,
      "ier": 0.6756398809523811,
      "ser": 0.0,
      "EbN0dB": 16.0,
      "SNRdB": 21.99964671522299,
      "rate": 3.98074787115883,
      "C": 7.317199379143928,
      "ShannonLimitdB": 5.69941991005719
}