{
      "T": 10.0,
      "fer": 1.0,
      "nMSE": 0.6290172803969609,
      "nMSEf": 0.27817065715789796,
      "nMSEm": 0.7022384539104641,
      "nMSEL": 0.28710144905816937,
      "ver": 1.0,
      "verf": 1.0,
      "verm": 1.0,
      "verL": 1.0,
      "ber": 0.2589787946428571,
      "iber": 0.2589787946428571,
      "sber": 0.0,
      "ier": 0.48561755952380925,
      "ser": 0.0,
      "EbN0dB": 17.0,
      "SNRdB": 22.99964671522299,
      "rate": 3.98074787115883,
      "C": 7.647530389104888,
      "ShannonLimitdB": 5.69941991005719
}