{
      "T": 10.0,
      "fer": 1.0,
      "nMSE": 0.6228042121160597,
      "nMSEf": 0.26079715541430903,
      "nMSEm": 0.7012549863542834,
      "nMSEL": 0.25917657409395495,
      "ver": 1.0,
      "verf": 1.0,
      "verm": 1.0,
      "verL": 1.0,
      "ber": 0.2556808035714285,
      "iber": 0.2556808035714285,
      "sber": 0.0,
      "ier": 0.47963541666666665,
      "ser": 0.0,
      "EbN0dB": 18.0,
      "SNRdB": 23.99964671522299,
      "rate": 3.98074787115883,
      "C": 7.978242604518093,
      "ShannonLimitdB": 5.69941991005719
}