{
      "T": 10.0,
      "fer": 1.0,
      "nMSE": 0.6219694832393101,
      "nMSEf": 0.24726140215283354,
      "nMSEm": 0.7049620996202739,
      "nMSEL": 0.2432866421767644,
      "ver": 0.9996875,
      "verf": 1.0,
      "verm": 1.0,
      "verL": 0.99,
      "ber": 0.2553152901785714,
      "iber": 0.2553152901785714,
      "sber": 0.0,
      "ier": 0.47908110119047626,
      "ser": 0.0,
      "EbN0dB": 19.0,
      "SNRdB": 24.99964671522299,
      "rate": 3.98074787115883,
      "C": 8.30925825251597,
      "ShannonLimitdB": 5.69941991005719
}