{
      "T": 10.0,
      "fer": 1.0,
      "nMSE": 0.6171616617838542,
      "nMSEf": 0.2322423923583258,
      "nMSEm": 0.6976350452786402,
      "nMSEL": 0.23075731402351743,
      "ver": 1.0,
      "verf": 1.0,
      "verm": 1.0,
      "verL": 1.0,
      "ber": 0.2529017857142859,
      "iber": 0.2529017857142859,
      "sber": 0.0,
      "ier": 0.4743712797619047,
      "ser": 0.0,
      "EbN0dB": 20.0,
      "SNRdB": 25.99964671522299,
      "rate": 3.98074787115883,
      "C": 8.640515324419704,
      "ShannonLimitdB": 5.69941991005719
}