{
      "T": 10.0,
      "fer": 1.0,
      "nMSE": 0.615916998726981,
      "nMSEf": 0.2230483955428713,
      "nMSEm": 0.7099231951577323,
      "nMSEL": 0.22111261044229777,
      "ver": 0.9996875,
      "verf": 0.99,
      "verm": 1.0,
      "verL": 1.0,
      "ber": 0.25276413690476196,
      "iber": 0.25276413690476196,
      "sber": 0.0,
      "ier": 0.4736644345238096,
      "ser": 0.0,
      "EbN0dB": 21.0,
      "SNRdB": 26.99964671522299,
      "rate": 3.98074787115883,
      "C": 8.971964418362854,
      "ShannonLimitdB": 5.69941991005719
}