{
      "T": 10.0,
      "fer": 1.0,
      "nMSE": 0.6168396159580776,
      "nMSEf": 0.21256681640942887,
      "nMSEm": 0.7032012639726911,
      "nMSEL": 0.23196421787852334,
      "ver": 0.99875,
      "verf": 0.98,
      "verm": 1.0,
      "verL": 0.98,
      "ber": 0.25242280505952386,
      "iber": 0.25242280505952386,
      "sber": 0.0,
      "ier": 0.4734970238095238,
      "ser": 0.0,
      "EbN0dB": 22.0,
      "SNRdB": 27.99964671522299,
      "rate": 3.98074787115883,
      "C": 9.303566200254425,
      "ShannonLimitdB": 5.69941991005719
}