{
      "T": 10.0,
      "fer": 1.0,
      "nMSE": 0.6123111906505766,
      "nMSEf": 0.20542496510914396,
      "nMSEm": 0.6976541110447474,
      "nMSEL": 0.20861925562222794,
      "ver": 0.99875,
      "verf": 0.99,
      "verm": 1.0,
      "verL": 0.97,
      "ber": 0.2507840401785714,
      "iber": 0.2507840401785714,
      "sber": 0.0,
      "ier": 0.4697321428571428,
      "ser": 0.0,
      "EbN0dB": 23.0,
      "SNRdB": 28.99964671522299,
      "rate": 3.98074787115883,
      "C": 9.63528936722504,
      "ShannonLimitdB": 5.69941991005719
}