{
      "T": 10.0,
      "fer": 1.0,
      "nMSE": 0.6109463591802687,
      "nMSEf": 0.20119033030101247,
      "nMSEm": 0.6998926671346024,
      "nMSEL": 0.20129742151214963,
      "ver": 0.9990625,
      "verf": 0.98,
      "verm": 1.0,
      "verL": 0.99,
      "ber": 0.24962053571428555,
      "iber": 0.24962053571428555,
      "sber": 0.0,
      "ier": 0.46838541666666667,
      "ser": 0.0,
      "EbN0dB": 24.0,
      "SNRdB": 29.99964671522299,
      "rate": 3.98074787115883,
      "C": 9.967109017419554,
      "ShannonLimitdB": 5.69941991005719
}