{
      "T": 10.0,
      "fer": 1.0,
      "nMSE": 0.6122180557250976,
      "nMSEf": 0.19535744865735372,
      "nMSEm": 0.6988764658428376,
      "nMSEL": 0.1976144880907875,
      "ver": 0.99875,
      "verf": 0.98,
      "verm": 1.0,
      "verL": 0.99,
      "ber": 0.2507552083333333,
      "iber": 0.2507552083333333,
      "sber": 0.0,
      "ier": 0.4694717261904764,
      "ser": 0.0,
      "EbN0dB": 25.0,
      "SNRdB": 30.99964671522299,
      "rate": 3.98074787115883,
      "C": 10.29900534714573,
      "ShannonLimitdB": 5.69941991005719
}