{
      "T": 99.81,
      "fer": 1.0,
      "nMSE": 0.3514693610370159,
      "nMSEf": 0.1467538573773527,
      "nMSEm": 0.40831368055683126,
      "nMSEL": 0.163076070512559,
      "ver": 0.7934375,
      "verf": 0.51,
      "verm": 0.88,
      "verL": 0.55,
      "ber": 0.12744140625,
      "iber": 0.129208984375,
      "sber": 0.12390625,
      "ier": 0.241171875,
      "ser": 0.1869921875,
      "EbN0dB": 2.0,
      "SNRdB": 4.202494829564605,
      "rate": 1.6605405405405405,
      "C": 1.8606765731289268,
      "ShannonLimitdB": 1.1447551729643242
}