{
      "T": 96.81,
      "fer": 0.99,
      "nMSE": 0.06957036865409463,
      "nMSEf": 0.028301030767414304,
      "nMSEm": 0.09952084257105376,
      "nMSEL": 0.03439874775809348,
      "ver": 0.24125,
      "verf": 0.13,
      "verm": 0.34,
      "verL": 0.14,
      "ber": 0.022721354166666662,
      "iber": 0.0231640625,
      "sber": 0.0218359375,
      "ier": 0.0439453125,
      "ser": 0.033046875,
      "EbN0dB": 3.0,
      "SNRdB": 5.202494829564605,
      "rate": 1.6605405405405405,
      "C": 2.108763284755325,
      "ShannonLimitdB": 1.1447551729643242
}