{
      "T": 60.4,
      "fer": 0.61,
      "nMSE": 0.008464086832750581,
      "nMSEf": 0.005640515523597072,
      "nMSEm": 0.009761959931834579,
      "nMSEL": 0.006300678175997826,
      "ver": 0.0375,
      "verf": 0.02,
      "verm": 0.05,
      "verL": 0.03,
      "ber": 0.0024869791666666664,
      "iber": 0.0026171875,
      "sber": 0.0022265625,
      "ier": 0.00484375,
      "ser": 0.003671875,
      "EbN0dB": 4.0,
      "SNRdB": 6.202494829564605,
      "rate": 1.6605405405405405,
      "C": 2.370468205884213,
      "ShannonLimitdB": 1.1447551729643242
}