{
      "T": 38.44,
      "fer": 0.18,
      "nMSE": 0.0014376632975297973,
      "nMSEf": 0.0023519835054430847,
      "nMSEm": 0.0025159567493823615,
      "nMSEL": 0.0004660485057352254,
      "ver": 0.0065625,
      "verf": 0.01,
      "verm": 0.01,
      "verL": 0.0,
      "ber": 0.00041015625,
      "iber": 0.000400390625,
      "sber": 0.0004296875,
      "ier": 0.0008203125,
      "ser": 0.0006640625,
      "EbN0dB": 5.0,
      "SNRdB": 7.202494829564605,
      "rate": 1.6605405405405405,
      "C": 2.644107832739891,
      "ShannonLimitdB": 1.1447551729643242
}