{
      "T": 10.43,
      "fer": 0.02,
      "nMSE": 0.0001172780991811668,
      "nMSEf": 7.89193739115334e-14,
      "nMSEm": 3.6684714660732223e-10,
      "nMSEL": 6.734240487741733e-06,
      "ver": 0.000625,
      "verf": 0.0,
      "verm": 0.0,
      "verL": 0.0,
      "ber": 4.557291666666666e-05,
      "iber": 4.8828125e-05,
      "sber": 3.90625e-05,
      "ier": 7.8125e-05,
      "ser": 7.8125e-05,
      "EbN0dB": 6.0,
      "SNRdB": 8.202494829564605,
      "rate": 1.6605405405405405,
      "C": 2.9280350219782245,
      "ShannonLimitdB": 1.1447551729643242
}