{
      "T": 8.69,
      "fer": 0.01,
      "nMSE": 7.909294334773159e-05,
      "nMSEf": 1.2840676979254368e-15,
      "nMSEm": 1.0891185600624351e-16,
      "nMSEL": 3.827230026127762e-17,
      "ver": 0.0003125,
      "verf": 0.0,
      "verm": 0.0,
      "verL": 0.0,
      "ber": 2.6041666666666665e-05,
      "iber": 1.953125e-05,
      "sber": 3.90625e-05,
      "ier": 3.90625e-05,
      "ser": 3.90625e-05,
      "EbN0dB": 7.0,
      "SNRdB": 9.202494829564605,
      "rate": 1.6605405405405405,
      "C": 3.220704078054571,
      "ShannonLimitdB": 1.1447551729643242
}