{
      "T": 6.5,
      "fer": 0.0,
      "nMSE": 4.447336637234052e-18,
      "nMSEf": 6.614049107760087e-24,
      "nMSEm": 1.9409041015053683e-24,
      "nMSEL": 1.703971336819089e-24,
      "ver": 0.0,
      "verf": 0.0,
      "verm": 0.0,
      "verL": 0.0,
      "ber": 0.0,
      "iber": 0.0,
      "sber": 0.0,
      "ier": 0.0,
      "ser": 0.0,
      "EbN0dB": 8.0,
      "SNRdB": 10.202494829564605,
      "rate": 1.6605405405405405,
      "C": 3.52071170125913,
      "ShannonLimitdB": 1.1447551729643242
}