{
      "T": 28.63,
      "fer": 0.0,
      "nMSE": 2.3685931253050286e-27,
      "nMSEf": 9.348155163035694e-40,
      "nMSEm": 1.6568706676390379e-40,
      "nMSEL": 4.4007199360692807e-41,
      "ver": 0.0,
      "verf": 0.0,
      "verm": 0.0,
      "verL": 0.0,
      "ber": 0.0,
      "iber": 0.0,
      "sber": 0.0,
      "ier": 0.0,
      "ser": 0.0,
      "EbN0dB": 10.0,
      "SNRdB": 15.228787452803376,
      "rate": 3.3333333333333335,
      "C": 5.1015380264620624,
      "ShannonLimitdB": 4.351768928552211
}