{
      "T": 94.22,
      "fer": 1.0,
      "nMSE": 0.6644411811828614,
      "nMSEf": 0.2304685459853499,
      "nMSEm": 0.76713563144207,
      "nMSEL": 0.23424520937627555,
      "ver": 0.985,
      "verf": 0.84,
      "verm": 1.0,
      "verL": 0.83,
      "ber": 0.26879375000000005,
      "iber": 0.26879375000000005,
      "sber": 0.0,
      "ier": 0.5213437500000001,
      "ser": 0.0,
      "EbN0dB": 5.0,
      "SNRdB": 10.228787452803376,
      "rate": 3.3333333333333335,
      "C": 3.528687021610552,
      "ShannonLimitdB": 4.351768928552211
}