{
      "T": 100.0,
      "fer": 1.0,
      "nMSE": 0.605384919166565,
      "nMSEf": 0.12985881683527215,
      "nMSEm": 0.7474452924728393,
      "nMSEL": 0.1481085071191526,
      "ver": 0.9272499999999997,
      "verf": 0.47,
      "verm": 1.0,
      "verL": 0.53,
      "ber": 0.2443999999999999,
      "iber": 0.2443999999999999,
      "sber": 0.0,
      "ier": 0.473359375,
      "ser": 0.0,
      "EbN0dB": 6.0,
      "SNRdB": 11.228787452803376,
      "rate": 3.3333333333333335,
      "C": 3.834937594231136,
      "ShannonLimitdB": 4.351768928552211
}