{
      "T": 97.61,
      "fer": 0.88,
      "nMSE": 0.39517374102654057,
      "nMSEf": 0.03433246349206757,
      "nMSEm": 0.5679889069599161,
      "nMSEL": 0.03508101319288856,
      "ver": 0.6417500000000002,
      "verf": 0.15,
      "verm": 0.84,
      "verL": 0.17,
      "ber": 0.1563,
      "iber": 0.1563,
      "sber": 0.0,
      "ier": 0.30292187499999995,
      "ser": 0.0,
      "EbN0dB": 7.0,
      "SNRdB": 12.228787452803376,
      "rate": 3.3333333333333335,
      "C": 4.146186068027346,
      "ShannonLimitdB": 4.351768928552211
}