{
      "T": 61.87,
      "fer": 0.17,
      "nMSE": 0.04785324762067846,
      "nMSEf": 0.0012600765476337699,
      "nMSEm": 0.07702126562597962,
      "nMSEL": 0.003122467433616938,
      "ver": 0.08224999999999999,
      "verf": 0.01,
      "verm": 0.11,
      "verL": 0.03,
      "ber": 0.018478124999999998,
      "iber": 0.018478124999999998,
      "sber": 0.0,
      "ier": 0.03540625,
      "ser": 0.0,
      "EbN0dB": 8.0,
      "SNRdB": 13.228787452803376,
      "rate": 3.3333333333333335,
      "C": 4.461522763187244,
      "ShannonLimitdB": 4.351768928552211
}