{
      "T": 35.67,
      "fer": 0.01,
      "nMSE": 0.0002647045850753784,
      "nMSEf": 7.142217196000254e-26,
      "nMSEm": 9.411750894130298e-31,
      "nMSEL": 0.002273053228855133,
      "ver": 0.001,
      "verf": 0.0,
      "verm": 0.0,
      "verL": 0.01,
      "ber": 7.5e-05,
      "iber": 7.5e-05,
      "sber": 0.0,
      "ier": 0.00014062500000000002,
      "ser": 0.0,
      "EbN0dB": 9.0,
      "SNRdB": 14.228787452803376,
      "rate": 3.3333333333333335,
      "C": 4.7801845047759,
      "ShannonLimitdB": 4.351768928552211
}