{
      "T": 18.6596,
      "fer": 0.1098,
      "nMSE": 0.0007977023515247775,
      "nMSEf": 0.0007995220601494878,
      "nMSEm": 0.0007476118940257962,
      "nMSEL": 0.0008241456160676512,
      "ver": 0.003703125,
      "verf": 0.0035,
      "verm": 0.0035,
      "verL": 0.0041,
      "ber": 0.00023437500000000032,
      "iber": 0.000235546875,
      "sber": 0.000228515625,
      "ier": 0.00046484375,
      "ser": 0.000228515625,
      "EbN0dB": 5.0,
      "SNRdB": 6.54982751443869,
      "rate": 1.4288372093023256,
      "C": 2.464244801830229,
      "ShannonLimitdB": 0.7349366073641488
}