{
      "T": 15.4196,
      "fer": 0.0674,
      "nMSE": 0.00047171320443613416,
      "nMSEf": 0.00048649801398145513,
      "nMSEm": 0.00035818445802657516,
      "nMSEL": 0.00037634889653710875,
      "ver": 0.002190625,
      "verf": 0.0022,
      "verm": 0.0018,
      "verL": 0.0015,
      "ber": 0.00014401041666666645,
      "iber": 0.00014320312499999988,
      "sber": 0.000148046875,
      "ier": 0.00027421875,
      "ser": 0.000148046875,
      "EbN0dB": 5.25,
      "SNRdB": 6.79982751443869,
      "rate": 1.4288372093023256,
      "C": 2.5325939583649166,
      "ShannonLimitdB": 0.7349366073641488
}