{
      "T": 13.0138,
      "fer": 0.0383,
      "nMSE": 0.0002675802844244961,
      "nMSEf": 0.0003499670000930349,
      "nMSEm": 0.00022500777417313404,
      "nMSEL": 0.00021974629820722692,
      "ver": 0.001253125,
      "verf": 0.0015,
      "verm": 0.0014,
      "verL": 0.0009,
      "ber": 8.046875000000004e-05,
      "iber": 8.1875e-05,
      "sber": 7.34375e-05,
      "ier": 0.000156640625,
      "ser": 7.34375e-05,
      "EbN0dB": 5.5,
      "SNRdB": 7.04982751443869,
      "rate": 1.4288372093023256,
      "C": 2.6016265735374637,
      "ShannonLimitdB": 0.7349366073641488
}