{
      "T": 10.8327,
      "fer": 0.0213,
      "nMSE": 0.00014857251321253088,
      "nMSEf": 0.00012036187504821125,
      "nMSEm": 0.00017012825491463502,
      "nMSEL": 8.655706448198844e-05,
      "ver": 0.00068125,
      "verf": 0.0006,
      "verm": 0.0008,
      "verL": 0.0004,
      "ber": 4.192708333333331e-05,
      "iber": 4.289062500000004e-05,
      "sber": 3.7109375e-05,
      "ier": 8.515625e-05,
      "ser": 3.7109375e-05,
      "EbN0dB": 5.75,
      "SNRdB": 7.29982751443869,
      "rate": 1.4288372093023256,
      "C": 2.6713170802618262,
      "ShannonLimitdB": 0.7349366073641488
}