{
      "T": 9.4897,
      "fer": 0.0111,
      "nMSE": 7.743971630452896e-05,
      "nMSEf": 0.00010269086885385435,
      "nMSEm": 8.300592887586011e-05,
      "nMSEL": 0.0001557420444169678,
      "ver": 0.00035625,
      "verf": 0.0005,
      "verm": 0.0004,
      "verL": 0.0006,
      "ber": 2.3242187500000005e-05,
      "iber": 2.3124999999999996e-05,
      "sber": 2.3828125e-05,
      "ier": 4.453125e-05,
      "ser": 2.3828125e-05,
      "EbN0dB": 6.0,
      "SNRdB": 7.54982751443869,
      "rate": 1.4288372093023256,
      "C": 2.7416402904835833,
      "ShannonLimitdB": 0.7349366073641488
}