{
      "T": 8.3361,
      "fer": 0.0057,
      "nMSE": 4.1702383901803584e-05,
      "nMSEf": 5.592203692473783e-05,
      "nMSEm": 4.587790063608715e-05,
      "nMSEL": 7.811824354865703e-05,
      "ver": 0.000178125,
      "verf": 0.0002,
      "verm": 0.0002,
      "verL": 0.0003,
      "ber": 1.1848958333333336e-05,
      "iber": 1.1718750000000004e-05,
      "sber": 1.25e-05,
      "ier": 2.2265625e-05,
      "ser": 1.25e-05,
      "EbN0dB": 6.25,
      "SNRdB": 7.79982751443869,
      "rate": 1.4288372093023256,
      "C": 2.8125714469363605,
      "ShannonLimitdB": 0.7349366073641488
}