{
      "T": 7.5663,
      "fer": 0.0045,
      "nMSE": 3.050114473503448e-05,
      "nMSEf": 3.355852294707097e-05,
      "nMSEm": 4.986156237284037e-05,
      "nMSEL": 3.425215749584794e-05,
      "ver": 0.000140625,
      "verf": 0.0002,
      "verm": 0.0003,
      "verL": 0.0002,
      "ber": 8.3984375e-06,
      "iber": 8.593749999999999e-06,
      "sber": 7.421875e-06,
      "ier": 1.7578125e-05,
      "ser": 7.421875e-06,
      "EbN0dB": 6.5,
      "SNRdB": 8.049827514438691,
      "rate": 1.4288372093023256,
      "C": 2.8840862688764295,
      "ShannonLimitdB": 0.7349366073641488
}