{
      "T": 6.9918,
      "fer": 0.0011,
      "nMSE": 7.080634290813521e-06,
      "nMSEf": 2.3936317472816783e-07,
      "nMSEm": 1.030848799715338e-08,
      "nMSEL": 2.0153340276525995e-07,
      "ver": 3.4375e-05,
      "verf": 0.0,
      "verm": 0.0,
      "verL": 0.0,
      "ber": 1.953125e-06,
      "iber": 1.9531250000000005e-06,
      "sber": 1.953125e-06,
      "ier": 4.296875e-06,
      "ser": 1.953125e-06,
      "EbN0dB": 6.75,
      "SNRdB": 8.299827514438691,
      "rate": 1.4288372093023256,
      "C": 2.9561609919901572,
      "ShannonLimitdB": 0.7349366073641488
}