{
      "T": 6.5702,
      "fer": 0.0009,
      "nMSE": 6.64812355884426e-06,
      "nMSEf": 2.5148245711964774e-11,
      "nMSEm": 9.128947940633322e-09,
      "nMSEL": 2.0232265934947734e-05,
      "ver": 2.8125e-05,
      "verf": 0.0,
      "verm": 0.0,
      "verL": 0.0001,
      "ber": 1.8229166666666669e-06,
      "iber": 1.9531250000000005e-06,
      "sber": 1.171875e-06,
      "ier": 3.515625e-06,
      "ser": 1.171875e-06,
      "EbN0dB": 7.0,
      "SNRdB": 8.549827514438691,
      "rate": 1.4288372093023256,
      "C": 3.0287724027084986,
      "ShannonLimitdB": 0.7349366073641488
}