{
      "T": 6.28,
      "fer": 0.0005,
      "nMSE": 3.529460883743367e-06,
      "nMSEf": 4.526732011443222e-12,
      "nMSEm": 1.107900563914164e-12,
      "nMSEL": 1.780512287322917e-11,
      "ver": 1.5625e-05,
      "verf": 0.0,
      "verm": 0.0,
      "verL": 0.0,
      "ber": 7.161458333333333e-07,
      "iber": 6.249999999999999e-07,
      "sber": 1.171875e-06,
      "ier": 1.953125e-06,
      "ser": 1.171875e-06,
      "EbN0dB": 7.25,
      "SNRdB": 8.799827514438691,
      "rate": 1.4288372093023256,
      "C": 3.1018978671944435,
      "ShannonLimitdB": 0.7349366073641488
}