{
      "T": 6.1247,
      "fer": 0.0,
      "nMSE": 6.40866587220481e-08,
      "nMSEf": 2.5497955383337986e-13,
      "nMSEm": 2.490423389473456e-11,
      "nMSEL": 2.7707315276796526e-07,
      "ver": 0.0,
      "verf": 0.0,
      "verm": 0.0,
      "verL": 0.0,
      "ber": 0.0,
      "iber": 0.0,
      "sber": 0.0,
      "ier": 0.0,
      "ser": 0.0,
      "EbN0dB": 7.5,
      "SNRdB": 9.049827514438691,
      "rate": 1.4288372093023256,
      "C": 3.1755153552937525,
      "ShannonLimitdB": 0.7349366073641488
}