{
      "T": 6.0013,
      "fer": 0.0,
      "nMSE": 6.580459552523426e-10,
      "nMSEf": 7.826556595433845e-12,
      "nMSEm": 4.01645378229086e-12,
      "nMSEL": 4.151440412200534e-15,
      "ver": 0.0,
      "verf": 0.0,
      "verm": 0.0,
      "verL": 0.0,
      "ber": 0.0,
      "iber": 0.0,
      "sber": 0.0,
      "ier": 0.0,
      "ser": 0.0,
      "EbN0dB": 7.75,
      "SNRdB": 9.299827514438691,
      "rate": 1.4288372093023256,
      "C": 3.2496034597570427,
      "ShannonLimitdB": 0.7349366073641488
}