{
      "T": 5.9144,
      "fer": 0.0,
      "nMSE": 2.7798957781503945e-14,
      "nMSEf": 1.1463039657186458e-15,
      "nMSEm": 5.652493299224012e-16,
      "nMSEL": 1.0747949475325986e-15,
      "ver": 0.0,
      "verf": 0.0,
      "verm": 0.0,
      "verL": 0.0,
      "ber": 0.0,
      "iber": 0.0,
      "sber": 0.0,
      "ier": 0.0,
      "ser": 0.0,
      "EbN0dB": 8.0,
      "SNRdB": 9.549827514438691,
      "rate": 1.4288372093023256,
      "C": 3.3241414110528815,
      "ShannonLimitdB": 0.7349366073641488
}