{
      "T": 99.99,
      "fer": 0.99,
      "nMSE": 0.5913636140823363,
      "nMSEf": 0.08858277578788039,
      "nMSEm": 0.8012441498041153,
      "nMSEL": 0.1340031206585171,
      "ver": 0.8012000000000005,
      "verf": 0.23,
      "verm": 0.99,
      "verL": 0.28,
      "ber": 0.24538499999999985,
      "iber": 0.24538499999999985,
      "sber": 0.0,
      "ier": 0.47429999999999994,
      "ser": 0.0,
      "EbN0dB": 10.0,
      "SNRdB": 16.19788758288394,
      "rate": 4.166666666666667,
      "C": 5.415037499278844,
      "ShannonLimitdB": 6.096215400993904
}