{
      "T": 98.56,
      "fer": 0.93,
      "nMSE": 0.49395425539016713,
      "nMSEf": 0.08446738812144286,
      "nMSEm": 0.7156848639280838,
      "nMSEL": 0.1076257059396696,
      "ver": 0.6620000000000001,
      "verf": 0.22,
      "verm": 0.89,
      "verL": 0.18,
      "ber": 0.20054499999999997,
      "iber": 0.20054499999999997,
      "sber": 0.0,
      "ier": 0.38844999999999985,
      "ser": 0.0,
      "EbN0dB": 11.0,
      "SNRdB": 17.19788758288394,
      "rate": 4.166666666666667,
      "C": 5.740259079728835,
      "ShannonLimitdB": 6.096215400993904
}