{
      "T": 95.56,
      "fer": 0.84,
      "nMSE": 0.3573312549211085,
      "nMSEf": 0.07644967668459335,
      "nMSEm": 0.5255652068566676,
      "nMSEL": 0.06111084378342072,
      "ver": 0.47840000000000005,
      "verf": 0.16,
      "verm": 0.68,
      "verL": 0.11,
      "ber": 0.13935999999999993,
      "iber": 0.13935999999999993,
      "sber": 0.0,
      "ier": 0.27215000000000006,
      "ser": 0.0,
      "EbN0dB": 12.0,
      "SNRdB": 18.19788758288394,
      "rate": 4.166666666666667,
      "C": 6.066890338826853,
      "ShannonLimitdB": 6.096215400993904
}