{
      "T": 89.3,
      "fer": 0.71,
      "nMSE": 0.3449752042770385,
      "nMSEf": 0.12138123416574671,
      "nMSEm": 0.43618757890064885,
      "nMSEL": 0.08861554963895045,
      "ver": 0.4023999999999999,
      "verf": 0.18,
      "verm": 0.54,
      "verL": 0.11,
      "ber": 0.12616500000000003,
      "iber": 0.12616500000000003,
      "sber": 0.0,
      "ier": 0.24382500000000004,
      "ser": 0.0,
      "EbN0dB": 13.0,
      "SNRdB": 19.19788758288394,
      "rate": 4.166666666666667,
      "C": 6.394650122011396,
      "ShannonLimitdB": 6.096215400993904
}