{
      "T": 91.23,
      "fer": 0.78,
      "nMSE": 0.42561025867462154,
      "nMSEf": 0.13683679349720956,
      "nMSEm": 0.6162121480703354,
      "nMSEL": 0.08949540087728236,
      "ver": 0.47280000000000016,
      "verf": 0.15,
      "verm": 0.7,
      "verL": 0.13,
      "ber": 0.15325000000000003,
      "iber": 0.15325000000000003,
      "sber": 0.0,
      "ier": 0.29479999999999995,
      "ser": 0.0,
      "EbN0dB": 14.0,
      "SNRdB": 20.19788758288394,
      "rate": 4.166666666666667,
      "C": 6.7233119204408345,
      "ShannonLimitdB": 6.096215400993904
}