{
      "T": 92.98,
      "fer": 0.84,
      "nMSE": NaN,
      "nMSEf": NaN,
      "nMSEm": NaN,
      "nMSEL": NaN,
      "ver": 0.5651999999999999,
      "verf": 0.25,
      "verm": 0.74,
      "verL": 0.3,
      "ber": 0.19650499999999993,
      "iber": 0.19650499999999993,
      "sber": 0.0,
      "ier": 0.3793999999999999,
      "ser": 0.0,
      "EbN0dB": 15.0,
      "SNRdB": 21.19788758288394,
      "rate": 4.166666666666667,
      "C": 7.052693776320081,
      "ShannonLimitdB": 6.096215400993904
}