{
      "T": 94.24,
      "fer": 0.9,
      "nMSE": NaN,
      "nMSEf": NaN,
      "nMSEm": NaN,
      "nMSEL": NaN,
      "ver": 0.7472000000000001,
      "verf": 0.59,
      "verm": 0.86,
      "verL": 0.45,
      "ber": 0.2881049999999999,
      "iber": 0.2881049999999999,
      "sber": 0.0,
      "ier": 0.5546749999999999,
      "ser": 0.0,
      "EbN0dB": 16.0,
      "SNRdB": 22.19788758288394,
      "rate": 4.166666666666667,
      "C": 7.382649856361095,
      "ShannonLimitdB": 6.096215400993904
}