{
      "T": 90.24,
      "fer": 0.84,
      "nMSE": NaN,
      "nMSEf": NaN,
      "nMSEm": NaN,
      "nMSEL": NaN,
      "ver": 0.7612000000000002,
      "verf": 0.66,
      "verm": 0.84,
      "verL": 0.61,
      "ber": 0.33004,
      "iber": 0.33004,
      "sber": 0.0,
      "ier": 0.6369750000000001,
      "ser": 0.0,
      "EbN0dB": 17.0,
      "SNRdB": 23.19788758288394,
      "rate": 4.166666666666667,
      "C": 7.713063493892065,
      "ShannonLimitdB": 6.096215400993904
}