{
      "T": 95.84,
      "fer": 0.93,
      "nMSE": NaN,
      "nMSEf": NaN,
      "nMSEm": NaN,
      "nMSEL": NaN,
      "ver": 0.8967999999999999,
      "verf": 0.87,
      "verm": 0.93,
      "verL": 0.84,
      "ber": 0.43391500000000016,
      "iber": 0.43391500000000016,
      "sber": 0.0,
      "ier": 0.8397750000000002,
      "ser": 0.0,
      "EbN0dB": 18.0,
      "SNRdB": 24.19788758288394,
      "rate": 4.166666666666667,
      "C": 8.04384149156735,
      "ShannonLimitdB": 6.096215400993904
}