{
      "T": 100.0,
      "fer": 1.0,
      "nMSE": NaN,
      "nMSEf": NaN,
      "nMSEm": NaN,
      "nMSEL": NaN,
      "ver": 0.9984000000000001,
      "verf": 1.0,
      "verm": 1.0,
      "verL": 0.99,
      "ber": 0.49765999999999994,
      "iber": 0.49765999999999994,
      "sber": 0.0,
      "ier": 0.9638999999999999,
      "ser": 0.0,
      "EbN0dB": 20.0,
      "SNRdB": 26.19788758288394,
      "rate": 4.166666666666667,
      "C": 8.706208198600704,
      "ShannonLimitdB": 6.096215400993904
}