{
      "T": 94.32,
      "fer": 1.0,
      "nMSE": 0.7437185779571532,
      "nMSEf": 0.3645402238219765,
      "nMSEm": 0.8210637789964675,
      "nMSEL": 0.37485053678731106,
      "ver": 0.9859999999999997,
      "verf": 0.86,
      "verm": 1.0,
      "verL": 0.85,
      "ber": 0.310395,
      "iber": 0.310395,
      "sber": 0.0,
      "ier": 0.601425,
      "ser": 0.0,
      "EbN0dB": 7.0,
      "SNRdB": 13.19788758288394,
      "rate": 4.166666666666667,
      "C": 4.451725536345913,
      "ShannonLimitdB": 6.096215400993904
}