{
      "T": 99.76,
      "fer": 1.0,
      "nMSE": 0.7133634502410886,
      "nMSEf": 0.24857327578073476,
      "nMSEm": 0.8227819073200225,
      "nMSEL": 0.24843393337808703,
      "ver": 0.9575999999999995,
      "verf": 0.67,
      "verm": 1.0,
      "verL": 0.63,
      "ber": 0.2981299999999999,
      "iber": 0.2981299999999999,
      "sber": 0.0,
      "ier": 0.5759000000000001,
      "ser": 0.0,
      "EbN0dB": 8.0,
      "SNRdB": 14.19788758288394,
      "rate": 4.166666666666667,
      "C": 4.7702946401146855,
      "ShannonLimitdB": 6.096215400993904
}