{
      "T": 100.0,
      "fer": 1.0,
      "nMSE": 0.6613121105194092,
      "nMSEf": 0.20944267363117458,
      "nMSEm": 0.8069747358560562,
      "nMSEL": 0.17579804207829577,
      "ver": 0.8912000000000003,
      "verf": 0.54,
      "verm": 1.0,
      "verL": 0.43,
      "ber": 0.27274500000000024,
      "iber": 0.27274500000000024,
      "sber": 0.0,
      "ier": 0.5292250000000002,
      "ser": 0.0,
      "EbN0dB": 9.0,
      "SNRdB": 15.19788758288394,
      "rate": 4.166666666666667,
      "C": 5.091573319049874,
      "ShannonLimitdB": 6.096215400993904
}