{
      "T": 29.21,
      "fer": 0.02,
      "nMSE": 0.005782635688781739,
      "nMSEf": 0.002554669380187988,
      "nMSEm": 0.0012262450903654098,
      "nMSEL": 1.8527985811533536e-42,
      "ver": 0.006999999999999999,
      "verf": 0.01,
      "verm": 0.01,
      "verL": 0.0,
      "ber": 0.001925,
      "iber": 0.001953125,
      "sber": 0.0018125000000000003,
      "ier": 0.0035625,
      "ser": 0.0018125000000000003,
      "EbN0dB": 10.0,
      "SNRdB": 15.228787452803376,
      "rate": 3.3333333333333335,
      "C": 5.1015380264620624,
      "ShannonLimitdB": 4.351768928552211
}