{
      "T": 24.18,
      "fer": 0.0,
      "nMSE": 6.143746624140809e-39,
      "nMSEf": 0.0,
      "nMSEm": 0.0,
      "nMSEL": 2.1019476964872255e-47,
      "ver": 0.0,
      "verf": 0.0,
      "verm": 0.0,
      "verL": 0.0,
      "ber": 0.0,
      "iber": 0.0,
      "sber": 0.0,
      "ier": 0.0,
      "ser": 0.0,
      "EbN0dB": 11.0,
      "SNRdB": 16.228787452803374,
      "rate": 3.3333333333333335,
      "C": 5.42506246854199,
      "ShannonLimitdB": 4.351768928552211
}