{
      "T": 92.54,
      "fer": 1.0,
      "nMSE": 0.669812547206879,
      "nMSEf": 0.23297083786543227,
      "nMSEm": 0.7591101628541946,
      "nMSEL": 0.24359721616943716,
      "ver": 0.9894999999999997,
      "verf": 0.85,
      "verm": 1.0,
      "verL": 0.9,
      "ber": 0.27615624999999994,
      "iber": 0.27937890625,
      "sber": 0.2632656249999999,
      "ier": 0.525453125,
      "ser": 0.2632656249999999,
      "EbN0dB": 5.0,
      "SNRdB": 10.228787452803376,
      "rate": 3.3333333333333335,
      "C": 3.528687021610552,
      "ShannonLimitdB": 4.351768928552211
}