{
      "T": 100.0,
      "fer": 1.0,
      "nMSE": 0.6098415241241455,
      "nMSEf": 0.11388355128212012,
      "nMSEm": 0.7635013735294343,
      "nMSEL": 0.11796070460155388,
      "ver": 0.9377499999999996,
      "verf": 0.55,
      "verm": 1.0,
      "verL": 0.56,
      "ber": 0.24925624999999996,
      "iber": 0.25226953124999996,
      "sber": 0.23720312499999996,
      "ier": 0.47525000000000006,
      "ser": 0.23720312499999996,
      "EbN0dB": 6.0,
      "SNRdB": 11.228787452803376,
      "rate": 3.3333333333333335,
      "C": 3.834937594231136,
      "ShannonLimitdB": 4.351768928552211
}