{
      "T": 97.1,
      "fer": 0.85,
      "nMSE": 0.37494237887218335,
      "nMSEf": 0.0331886141697852,
      "nMSEm": 0.5603917745038335,
      "nMSEL": 0.04323837662198926,
      "ver": 0.6092500000000002,
      "verf": 0.17,
      "verm": 0.79,
      "verL": 0.17,
      "ber": 0.14896875000000004,
      "iber": 0.15086328125,
      "sber": 0.14139062500000005,
      "ier": 0.28535937500000014,
      "ser": 0.14139062500000005,
      "EbN0dB": 7.0,
      "SNRdB": 12.228787452803376,
      "rate": 3.3333333333333335,
      "C": 4.146186068027346,
      "ShannonLimitdB": 4.351768928552211
}