{
      "T": 59.38,
      "fer": 0.16,
      "nMSE": 0.046474075277821304,
      "nMSEf": 0.0033360861241959515,
      "nMSEm": 0.05634569177629601,
      "nMSEL": 5.113256127451455e-10,
      "ver": 0.07425,
      "verf": 0.02,
      "verm": 0.08,
      "verL": 0.0,
      "ber": 0.0178125,
      "iber": 0.017937499999999995,
      "sber": 0.0173125,
      "ier": 0.034046875000000004,
      "ser": 0.0173125,
      "EbN0dB": 8.0,
      "SNRdB": 13.228787452803376,
      "rate": 3.3333333333333335,
      "C": 4.461522763187244,
      "ShannonLimitdB": 4.351768928552211
}