{
      "T": 34.84,
      "fer": 0.01,
      "nMSE": 0.0026897790431976336,
      "nMSEf": 6.377634626503879e-17,
      "nMSEm": 0.006458905339241028,
      "nMSEL": 6.107627451247453e-28,
      "ver": 0.004,
      "verf": 0.0,
      "verm": 0.01,
      "verL": 0.0,
      "ber": 0.00088125,
      "iber": 0.0008945312499999999,
      "sber": 0.000828125,
      "ier": 0.001671875,
      "ser": 0.000828125,
      "EbN0dB": 9.0,
      "SNRdB": 14.228787452803376,
      "rate": 3.3333333333333335,
      "C": 4.7801845047759,
      "ShannonLimitdB": 4.351768928552211
}