{
      "T": 35.02,
      "fer": 0.06,
      "nMSE": 0.016358448410034178,
      "nMSEf": 4.074835451319814e-06,
      "nMSEm": 0.014610310447044412,
      "nMSEL": 0.007839677035808562,
      "ver": 0.022,
      "verf": 0.0,
      "verm": 0.02,
      "verL": 0.02,
      "ber": 0.0056099999999999995,
      "iber": 0.0056099999999999995,
      "sber": 0.0,
      "ier": 0.0106,
      "ser": 0.0,
      "EbN0dB": 10.0,
      "SNRdB": 15.228787452803376,
      "rate": 3.3333333333333335,
      "C": 5.1015380264620624,
      "ShannonLimitdB": 4.351768928552211
}