{
      "T": 29.1,
      "fer": 0.05,
      "nMSE": 0.01950129623413086,
      "nMSEf": 0.0,
      "nMSEm": 0.019226119312473314,
      "nMSEL": 0.0010689137130975724,
      "ver": 0.0228,
      "verf": 0.0,
      "verm": 0.03,
      "verL": 0.01,
      "ber": 0.006185,
      "iber": 0.006185,
      "sber": 0.0,
      "ier": 0.01195,
      "ser": 0.0,
      "EbN0dB": 11.0,
      "SNRdB": 16.228787452803374,
      "rate": 3.3333333333333335,
      "C": 5.42506246854199,
      "ShannonLimitdB": 4.351768928552211
}