{
      "T": 26.58,
      "fer": 0.05,
      "nMSE": 0.027506440353393554,
      "nMSEf": 0.0,
      "nMSEm": 0.04782808065414429,
      "nMSEL": 0.016669855117797852,
      "ver": 0.0264,
      "verf": 0.0,
      "verm": 0.04,
      "verL": 0.02,
      "ber": 0.00788,
      "iber": 0.00788,
      "sber": 0.0,
      "ier": 0.015449999999999998,
      "ser": 0.0,
      "EbN0dB": 12.0,
      "SNRdB": 17.228787452803374,
      "rate": 3.3333333333333335,
      "C": 5.750332438615321,
      "ShannonLimitdB": 4.351768928552211
}