{
      "T": 26.25,
      "fer": 0.05,
      "nMSE": 0.02846159248352051,
      "nMSEf": 0.0,
      "nMSEm": 0.04908429145812988,
      "nMSEL": 0.009915401935577392,
      "ver": 0.0272,
      "verf": 0.0,
      "verm": 0.04,
      "verL": 0.01,
      "ber": 0.008334999999999999,
      "iber": 0.008334999999999999,
      "sber": 0.0,
      "ier": 0.016475,
      "ser": 0.0,
      "EbN0dB": 13.0,
      "SNRdB": 18.228787452803374,
      "rate": 3.3333333333333335,
      "C": 6.077002469147427,
      "ShannonLimitdB": 4.351768928552211
}