{
      "T": 25.24,
      "fer": 0.06,
      "nMSE": 0.05935439758300781,
      "nMSEf": 0.03622995733927496,
      "nMSEm": 0.07770250678062439,
      "nMSEL": 0.005853522419929504,
      "ver": 0.0492,
      "verf": 0.04,
      "verm": 0.06,
      "verL": 0.02,
      "ber": 0.016185,
      "iber": 0.016185,
      "sber": 0.0,
      "ier": 0.032075,
      "ser": 0.0,
      "EbN0dB": 14.0,
      "SNRdB": 19.228787452803374,
      "rate": 3.3333333333333335,
      "C": 6.404793262921983,
      "ShannonLimitdB": 4.351768928552211
}