{
      "T": 25.71,
      "fer": 0.07,
      "nMSE": NaN,
      "nMSEf": NaN,
      "nMSEm": NaN,
      "nMSEL": NaN,
      "ver": 0.0696,
      "verf": 0.07,
      "verm": 0.07,
      "verL": 0.06,
      "ber": 0.026545,
      "iber": 0.026545,
      "sber": 0.0,
      "ier": 0.050824999999999995,
      "ser": 0.0,
      "EbN0dB": 15.0,
      "SNRdB": 20.228787452803374,
      "rate": 3.3333333333333335,
      "C": 6.733479829813874,
      "ShannonLimitdB": 4.351768928552211
}