{
      "T": 33.8,
      "fer": 0.18,
      "nMSE": NaN,
      "nMSEf": NaN,
      "nMSEm": NaN,
      "nMSEL": NaN,
      "ver": 0.18,
      "verf": 0.18,
      "verm": 0.18,
      "verL": 0.18,
      "ber": 0.08940999999999999,
      "iber": 0.08940999999999999,
      "sber": 0.0,
      "ier": 0.17389999999999997,
      "ser": 0.0,
      "EbN0dB": 18.0,
      "SNRdB": 23.228787452803374,
      "rate": 3.3333333333333335,
      "C": 7.723279461630942,
      "ShannonLimitdB": 4.351768928552211
}