{
      "T": 100.0,
      "fer": 1.0,
      "nMSE": NaN,
      "nMSEf": NaN,
      "nMSEm": NaN,
      "nMSEL": NaN,
      "ver": 1.0,
      "verf": 1.0,
      "verm": 1.0,
      "verL": 1.0,
      "ber": 0.5002150000000003,
      "iber": 0.5002150000000003,
      "sber": 0.0,
      "ier": 0.9668749999999997,
      "ser": 0.0,
      "EbN0dB": 22.0,
      "SNRdB": 27.228787452803374,
      "rate": 3.3333333333333335,
      "C": 9.047935658708377,
      "ShannonLimitdB": 4.351768928552211
}