{
      "T": 92.22,
      "fer": 1.0,
      "nMSE": 0.6635803787231448,
      "nMSEf": 0.2742554412245489,
      "nMSEm": 0.7600344109535218,
      "nMSEL": 0.2815050212116505,
      "ver": 0.9803999999999996,
      "verf": 0.81,
      "verm": 1.0,
      "verL": 0.83,
      "ber": 0.267255,
      "iber": 0.267255,
      "sber": 0.0,
      "ier": 0.5213999999999999,
      "ser": 0.0,
      "EbN0dB": 5.0,
      "SNRdB": 10.228787452803376,
      "rate": 3.3333333333333335,
      "C": 3.528687021610552,
      "ShannonLimitdB": 4.351768928552211
}