{
      "T": 99.96,
      "fer": 1.0,
      "nMSE": 0.5960861204147337,
      "nMSEf": 0.127633851407302,
      "nMSEm": 0.7387505453824997,
      "nMSEL": 0.20015052378142378,
      "ver": 0.9203999999999997,
      "verf": 0.52,
      "verm": 1.0,
      "verL": 0.67,
      "ber": 0.23833499999999996,
      "iber": 0.23833499999999996,
      "sber": 0.0,
      "ier": 0.46342499999999986,
      "ser": 0.0,
      "EbN0dB": 6.0,
      "SNRdB": 11.228787452803376,
      "rate": 3.3333333333333335,
      "C": 3.834937594231136,
      "ShannonLimitdB": 4.351768928552211
}