{
      "T": 98.44,
      "fer": 0.94,
      "nMSE": 0.4665855015760944,
      "nMSEf": 0.06994654172673184,
      "nMSEm": 0.6485975399615092,
      "nMSEL": 0.08085297296081691,
      "ver": 0.7460000000000007,
      "verf": 0.28,
      "verm": 0.92,
      "verL": 0.23,
      "ber": 0.184015,
      "iber": 0.184015,
      "sber": 0.0,
      "ier": 0.357225,
      "ser": 0.0,
      "EbN0dB": 7.0,
      "SNRdB": 12.228787452803376,
      "rate": 3.3333333333333335,
      "C": 4.146186068027346,
      "ShannonLimitdB": 4.351768928552211
}