{
      "T": 74.44,
      "fer": 0.44,
      "nMSE": 0.1463038437615975,
      "nMSEf": 0.010917556281649565,
      "nMSEm": 0.21460916290576024,
      "nMSEL": 0.015241910242662077,
      "ver": 0.24320000000000003,
      "verf": 0.07,
      "verm": 0.37,
      "verL": 0.05,
      "ber": 0.05672,
      "iber": 0.05672,
      "sber": 0.0,
      "ier": 0.10917500000000001,
      "ser": 0.0,
      "EbN0dB": 8.0,
      "SNRdB": 13.228787452803376,
      "rate": 3.3333333333333335,
      "C": 4.461522763187244,
      "ShannonLimitdB": 4.351768928552211
}