{
      "T": 44.5,
      "fer": 0.08,
      "nMSE": 0.02599063949584961,
      "nMSEf": 0.010051941929364977,
      "nMSEm": 0.020771084313893434,
      "nMSEL": 0.01031598448753359,
      "ver": 0.037599999999999995,
      "verf": 0.02,
      "verm": 0.04,
      "verL": 0.02,
      "ber": 0.009304999999999999,
      "iber": 0.009304999999999999,
      "sber": 0.0,
      "ier": 0.018025,
      "ser": 0.0,
      "EbN0dB": 9.0,
      "SNRdB": 14.228787452803376,
      "rate": 3.3333333333333335,
      "C": 4.7801845047759,
      "ShannonLimitdB": 4.351768928552211
}