{
      "T": 99.58,
      "fer": 0.98,
      "nMSE": 0.501999622547999,
      "nMSEf": 0.04680423702388233,
      "nMSEm": 0.7369212045745371,
      "nMSEL": 0.05445315002079423,
      "ver": 0.6937500000000001,
      "verf": 0.13,
      "verm": 0.94,
      "verL": 0.18,
      "ber": 0.20682812500000003,
      "iber": 0.2116927083333334,
      "sber": 0.19953124999999997,
      "ier": 0.3718593749999999,
      "ser": 0.305,
      "EbN0dB": 10.0,
      "SNRdB": 16.19788758288394,
      "rate": 4.166666666666667,
      "C": 5.415037499278844,
      "ShannonLimitdB": 6.096215400993904
}