{
      "T": 95.96,
      "fer": 0.81,
      "nMSE": 0.3324883366823196,
      "nMSEf": 0.03247939850244685,
      "nMSEm": 0.5203866426886445,
      "nMSEL": 0.017821029905487604,
      "ver": 0.4635000000000001,
      "verf": 0.06,
      "verm": 0.71,
      "verL": 0.06,
      "ber": 0.13300937500000004,
      "iber": 0.13674479166666667,
      "sber": 0.12740625000000005,
      "ier": 0.23998437500000003,
      "ser": 0.19590625,
      "EbN0dB": 11.0,
      "SNRdB": 17.19788758288394,
      "rate": 4.166666666666667,
      "C": 5.740259079728835,
      "ShannonLimitdB": 6.096215400993904
}