{
      "T": 78.47,
      "fer": 0.39,
      "nMSE": 0.12411737060546876,
      "nMSEf": 0.008566181659698486,
      "nMSEm": 0.2070528545867228,
      "nMSEL": 0.015629512166342466,
      "ver": 0.16824999999999998,
      "verf": 0.02,
      "verm": 0.3,
      "verL": 0.03,
      "ber": 0.04676562500000001,
      "iber": 0.047921874999999996,
      "sber": 0.04503125000000001,
      "ier": 0.08374999999999998,
      "ser": 0.0685,
      "EbN0dB": 12.0,
      "SNRdB": 18.19788758288394,
      "rate": 4.166666666666667,
      "C": 6.066890338826853,
      "ShannonLimitdB": 6.096215400993904
}