{
      "T": 69.45,
      "fer": 0.29,
      "nMSE": 0.11209644487500191,
      "nMSEf": 0.011046926020190006,
      "nMSEm": 0.20052348643541337,
      "nMSEL": 0.017879341548837076,
      "ver": 0.12875,
      "verf": 0.02,
      "verm": 0.22,
      "verL": 0.04,
      "ber": 0.039646875000000005,
      "iber": 0.04079687500000001,
      "sber": 0.037921874999999994,
      "ier": 0.07004687500000001,
      "ser": 0.058312500000000024,
      "EbN0dB": 13.0,
      "SNRdB": 19.19788758288394,
      "rate": 4.166666666666667,
      "C": 6.394650122011396,
      "ShannonLimitdB": 6.096215400993904
}