{
      "T": 63.3,
      "fer": 0.25,
      "nMSE": 0.1301419234275818,
      "nMSEf": 0.004062707722187042,
      "nMSEm": 0.2297743785381317,
      "nMSEL": 0.04078779339814975,
      "ver": 0.13375,
      "verf": 0.01,
      "verm": 0.2,
      "verL": 0.06,
      "ber": 0.04310625,
      "iber": 0.044213541666666654,
      "sber": 0.04144531249999999,
      "ier": 0.077109375,
      "ser": 0.063890625,
      "EbN0dB": 14.0,
      "SNRdB": 20.19788758288394,
      "rate": 4.166666666666667,
      "C": 6.7233119204408345,
      "ShannonLimitdB": 6.096215400993904
}