{
      "T": 62.05,
      "fer": 0.31,
      "nMSE": 0.18832104659080506,
      "nMSEf": 0.0435413958480677,
      "nMSEm": 0.2351126915216446,
      "nMSEL": 0.047264735251665115,
      "ver": 0.18925000000000003,
      "verf": 0.09,
      "verm": 0.26,
      "verL": 0.08,
      "ber": 0.06262499999999999,
      "iber": 0.06426041666666667,
      "sber": 0.060171874999999986,
      "ier": 0.11275,
      "ser": 0.09278125000000002,
      "EbN0dB": 15.0,
      "SNRdB": 21.19788758288394,
      "rate": 4.166666666666667,
      "C": 7.052693776320081,
      "ShannonLimitdB": 6.096215400993904
}