{
      "T": 68.1,
      "fer": 0.44,
      "nMSE": 0.37614270496368407,
      "nMSEf": 0.18869733929638105,
      "nMSEm": 0.3983773148059845,
      "nMSEL": 0.14543901778807675,
      "ver": 0.35150000000000015,
      "verf": 0.22,
      "verm": 0.4,
      "verL": 0.19,
      "ber": 0.12501562499999996,
      "iber": 0.12791666666666665,
      "sber": 0.12066406249999999,
      "ier": 0.22415625000000003,
      "ser": 0.18425000000000005,
      "EbN0dB": 16.0,
      "SNRdB": 22.19788758288394,
      "rate": 4.166666666666667,
      "C": 7.382649856361095,
      "ShannonLimitdB": 6.096215400993904
}