{
      "T": 72.97,
      "fer": 0.55,
      "nMSE": NaN,
      "nMSEf": NaN,
      "nMSEm": NaN,
      "nMSEL": NaN,
      "ver": 0.4780000000000001,
      "verf": 0.43,
      "verm": 0.52,
      "verL": 0.39,
      "ber": 0.198634375,
      "iber": 0.20128645833333342,
      "sber": 0.19465624999999995,
      "ier": 0.352515625,
      "ser": 0.29532812499999994,
      "EbN0dB": 17.0,
      "SNRdB": 23.19788758288394,
      "rate": 4.166666666666667,
      "C": 7.713063493892065,
      "ShannonLimitdB": 6.096215400993904
}