{
      "T": 75.43,
      "fer": 0.61,
      "nMSE": NaN,
      "nMSEf": NaN,
      "nMSEm": NaN,
      "nMSEL": NaN,
      "ver": 0.601,
      "verf": 0.57,
      "verm": 0.61,
      "verL": 0.6,
      "ber": 0.29551562499999995,
      "iber": 0.29670312499999996,
      "sber": 0.2937343750000001,
      "ier": 0.5191250000000001,
      "ser": 0.4420312500000001,
      "EbN0dB": 18.0,
      "SNRdB": 24.19788758288394,
      "rate": 4.166666666666667,
      "C": 8.04384149156735,
      "ShannonLimitdB": 6.096215400993904
}