{
      "T": 100.0,
      "fer": 1.0,
      "nMSE": NaN,
      "nMSEf": NaN,
      "nMSEm": NaN,
      "nMSEL": NaN,
      "ver": 1.0,
      "verf": 1.0,
      "verm": 1.0,
      "verL": 1.0,
      "ber": 0.499865625,
      "iber": 0.49972916666666684,
      "sber": 0.5000703125000001,
      "ier": 0.8751875000000001,
      "ser": 0.74878125,
      "EbN0dB": 20.0,
      "SNRdB": 26.19788758288394,
      "rate": 4.166666666666667,
      "C": 8.706208198600704,
      "ShannonLimitdB": 6.096215400993904
}