{
      "T": 100.0,
      "fer": 1.0,
      "nMSE": NaN,
      "nMSEf": NaN,
      "nMSEm": NaN,
      "nMSEL": NaN,
      "ver": 1.0,
      "verf": 1.0,
      "verm": 1.0,
      "verL": 1.0,
      "ber": 0.4990812499999999,
      "iber": 0.49847395833333324,
      "sber": 0.4999921874999999,
      "ier": 0.8739375000000001,
      "ser": 0.7513281249999997,
      "EbN0dB": 21.0,
      "SNRdB": 27.19788758288394,
      "rate": 4.166666666666667,
      "C": 9.037690406212704,
      "ShannonLimitdB": 6.096215400993904
}