{
      "T": 100.0,
      "fer": 1.0,
      "nMSE": NaN,
      "nMSEf": NaN,
      "nMSEm": NaN,
      "nMSEL": NaN,
      "ver": 1.0,
      "verf": 1.0,
      "verm": 1.0,
      "verL": 1.0,
      "ber": 0.4998968750000002,
      "iber": 0.4989791666666666,
      "sber": 0.5012734375000002,
      "ier": 0.8744531250000002,
      "ser": 0.7509218750000001,
      "EbN0dB": 24.0,
      "SNRdB": 30.19788758288394,
      "rate": 4.166666666666667,
      "C": 10.03289889206302,
      "ShannonLimitdB": 6.096215400993904
}