{
      "T": 100.0,
      "fer": 1.0,
      "nMSE": NaN,
      "nMSEf": NaN,
      "nMSEm": NaN,
      "nMSEL": NaN,
      "ver": 1.0,
      "verf": 1.0,
      "verm": 1.0,
      "verL": 1.0,
      "ber": 0.4979624999999998,
      "iber": 0.4976822916666668,
      "sber": 0.49838281249999994,
      "ier": 0.8726874999999995,
      "ser": 0.7474062499999995,
      "EbN0dB": 25.0,
      "SNRdB": 31.19788758288394,
      "rate": 4.166666666666667,
      "C": 10.364808439537487,
      "ShannonLimitdB": 6.096215400993904
}