{
      "T": 100.0,
      "fer": 1.0,
      "nMSE": NaN,
      "nMSEf": NaN,
      "nMSEm": NaN,
      "nMSEL": NaN,
      "ver": 1.0,
      "verf": 1.0,
      "verm": 1.0,
      "verL": 1.0,
      "ber": 0.5002312499999999,
      "iber": 0.4997916666666665,
      "sber": 0.5008906250000001,
      "ier": 0.8751562500000002,
      "ser": 0.7517812500000001,
      "EbN0dB": 26.0,
      "SNRdB": 32.197887582883936,
      "rate": 4.166666666666667,
      "C": 10.696776206369186,
      "ShannonLimitdB": 6.096215400993904
}