{
      "T": 100.0,
      "fer": 1.0,
      "nMSE": NaN,
      "nMSEf": NaN,
      "nMSEm": NaN,
      "nMSEL": NaN,
      "ver": 1.0,
      "verf": 1.0,
      "verm": 1.0,
      "verL": 1.0,
      "ber": 0.5003968749999997,
      "iber": 0.5007395833333333,
      "sber": 0.49988281250000016,
      "ier": 0.8748593750000002,
      "ser": 0.7492343749999997,
      "EbN0dB": 27.0,
      "SNRdB": 33.197887582883936,
      "rate": 4.166666666666667,
      "C": 11.028790233101528,
      "ShannonLimitdB": 6.096215400993904
}