{
      "T": 97.25,
      "fer": 1.0,
      "nMSE": 0.7379269962310786,
      "nMSEf": 0.251251625439337,
      "nMSEm": 0.8303464806079864,
      "nMSEL": 0.2781229436883407,
      "ver": 0.9834999999999995,
      "verf": 0.77,
      "verm": 1.0,
      "verL": 0.78,
      "ber": 0.309534375,
      "iber": 0.3173541666666667,
      "sber": 0.2978046875,
      "ier": 0.5549374999999999,
      "ser": 0.45575000000000027,
      "EbN0dB": 7.0,
      "SNRdB": 13.19788758288394,
      "rate": 4.166666666666667,
      "C": 4.451725536345913,
      "ShannonLimitdB": 6.096215400993904
}