{
      "T": 99.86,
      "fer": 1.0,
      "nMSE": 0.714061210155487,
      "nMSEf": 0.19911767533093258,
      "nMSEm": 0.831387715935707,
      "nMSEL": 0.16813719774160846,
      "ver": 0.96175,
      "verf": 0.65,
      "verm": 1.0,
      "verL": 0.62,
      "ber": 0.29884687500000007,
      "iber": 0.30673958333333334,
      "sber": 0.28700781250000007,
      "ier": 0.535546875,
      "ser": 0.4404375000000001,
      "EbN0dB": 8.0,
      "SNRdB": 14.19788758288394,
      "rate": 4.166666666666667,
      "C": 4.7702946401146855,
      "ShannonLimitdB": 6.096215400993904
}