{
      "T": 100.0,
      "fer": 1.0,
      "nMSE": 0.6568564755916596,
      "nMSEf": 0.09681240279687044,
      "nMSEm": 0.819695913544856,
      "nMSEL": 0.11464479277535379,
      "ver": 0.8889999999999999,
      "verf": 0.36,
      "verm": 0.99,
      "verL": 0.36,
      "ber": 0.27302187499999997,
      "iber": 0.2798489583333333,
      "sber": 0.26278124999999997,
      "ier": 0.49126562500000004,
      "ser": 0.40257812499999995,
      "EbN0dB": 9.0,
      "SNRdB": 15.19788758288394,
      "rate": 4.166666666666667,
      "C": 5.091573319049874,
      "ShannonLimitdB": 6.096215400993904
}