{
      "T": 99.68,
      "fer": 0.97,
      "nMSE": 0.4658231032788753,
      "nMSEf": 0.04969380438932923,
      "nMSEm": 0.7045664534513236,
      "nMSEL": 0.03694876883411446,
      "ver": 0.649,
      "verf": 0.13,
      "verm": 0.91,
      "verL": 0.1,
      "ber": 0.19505625,
      "iber": 0.19783593750000006,
      "sber": 0.1839375,
      "ier": 0.36912499999999987,
      "ser": 0.1839375,
      "EbN0dB": 10.0,
      "SNRdB": 16.19788758288394,
      "rate": 4.166666666666667,
      "C": 5.415037499278844,
      "ShannonLimitdB": 6.096215400993904
}