{
      "T": 95.03,
      "fer": 0.78,
      "nMSE": 0.2752198864668629,
      "nMSEf": 0.010927500812809094,
      "nMSEm": 0.43423733949886306,
      "nMSEL": 0.02844105527893153,
      "ver": 0.3912499999999999,
      "verf": 0.05,
      "verm": 0.61,
      "verL": 0.07,
      "ber": 0.11010625000000004,
      "iber": 0.11149609374999997,
      "sber": 0.104546875,
      "ier": 0.20948437499999994,
      "ser": 0.104546875,
      "EbN0dB": 11.0,
      "SNRdB": 17.19788758288394,
      "rate": 4.166666666666667,
      "C": 5.740259079728835,
      "ShannonLimitdB": 6.096215400993904
}