{
      "T": 79.58,
      "fer": 0.4,
      "nMSE": 0.13301078440248967,
      "nMSEf": 0.014970800653121213,
      "nMSEm": 0.1850751032027124,
      "nMSEL": 0.005463448703832923,
      "ver": 0.17675000000000002,
      "verf": 0.04,
      "verm": 0.24,
      "verL": 0.01,
      "ber": 0.05086562500000001,
      "iber": 0.05153906249999998,
      "sber": 0.048171875,
      "ier": 0.09650000000000002,
      "ser": 0.048171875,
      "EbN0dB": 12.0,
      "SNRdB": 18.19788758288394,
      "rate": 4.166666666666667,
      "C": 6.066890338826853,
      "ShannonLimitdB": 6.096215400993904
}