{
      "T": 72.69,
      "fer": 0.36,
      "nMSE": 0.13541697707772254,
      "nMSEf": 5.785137620957937e-18,
      "nMSEm": 0.20394951924059132,
      "nMSEL": 0.030118556071715354,
      "ver": 0.159,
      "verf": 0.0,
      "verm": 0.23,
      "verL": 0.04,
      "ber": 0.048237499999999996,
      "iber": 0.04890625,
      "sber": 0.045562499999999985,
      "ier": 0.09114062500000002,
      "ser": 0.045562499999999985,
      "EbN0dB": 13.0,
      "SNRdB": 19.19788758288394,
      "rate": 4.166666666666667,
      "C": 6.394650122011396,
      "ShannonLimitdB": 6.096215400993904
}