{
      "T": 64.33,
      "fer": 0.27,
      "nMSE": 0.13040057164430618,
      "nMSEf": 0.040651350021362304,
      "nMSEm": 0.15801035280748066,
      "nMSEL": 0.01717576610200922,
      "ver": 0.14225,
      "verf": 0.05,
      "verm": 0.17,
      "verL": 0.04,
      "ber": 0.0457875,
      "iber": 0.046476562500000006,
      "sber": 0.04303124999999999,
      "ier": 0.086953125,
      "ser": 0.04303124999999999,
      "EbN0dB": 14.0,
      "SNRdB": 20.19788758288394,
      "rate": 4.166666666666667,
      "C": 6.7233119204408345,
      "ShannonLimitdB": 6.096215400993904
}