{
      "T": 67.75,
      "fer": 0.37,
      "nMSE": 0.24500638794898985,
      "nMSEf": 0.06703665051609278,
      "nMSEm": 0.28757101297567056,
      "nMSEL": 0.08944980889558792,
      "ver": 0.2389999999999999,
      "verf": 0.11,
      "verm": 0.3,
      "verL": 0.13,
      "ber": 0.081978125,
      "iber": 0.08300390625000001,
      "sber": 0.077875,
      "ier": 0.15570312499999997,
      "ser": 0.077875,
      "EbN0dB": 15.0,
      "SNRdB": 21.19788758288394,
      "rate": 4.166666666666667,
      "C": 7.052693776320081,
      "ShannonLimitdB": 6.096215400993904
}