{
      "T": 72.02,
      "fer": 0.49,
      "nMSE": NaN,
      "nMSEf": NaN,
      "nMSEm": NaN,
      "nMSEL": NaN,
      "ver": 0.35525,
      "verf": 0.2,
      "verm": 0.42,
      "verL": 0.26,
      "ber": 0.13181250000000003,
      "iber": 0.13337500000000005,
      "sber": 0.12556249999999997,
      "ier": 0.24964062499999998,
      "ser": 0.12556249999999997,
      "EbN0dB": 16.0,
      "SNRdB": 22.19788758288394,
      "rate": 4.166666666666667,
      "C": 7.382649856361095,
      "ShannonLimitdB": 6.096215400993904
}