{
      "T": 74.49,
      "fer": 0.58,
      "nMSE": NaN,
      "nMSEf": NaN,
      "nMSEm": NaN,
      "nMSEL": NaN,
      "ver": 0.5237499999999999,
      "verf": 0.48,
      "verm": 0.56,
      "verL": 0.41,
      "ber": 0.21994375000000005,
      "iber": 0.22137109374999997,
      "sber": 0.21423437499999998,
      "ier": 0.41424999999999995,
      "ser": 0.21423437499999998,
      "EbN0dB": 17.0,
      "SNRdB": 23.19788758288394,
      "rate": 4.166666666666667,
      "C": 7.713063493892065,
      "ShannonLimitdB": 6.096215400993904
}