{
      "T": 70.37,
      "fer": 0.52,
      "nMSE": NaN,
      "nMSEf": NaN,
      "nMSEm": NaN,
      "nMSEL": NaN,
      "ver": 0.4995000000000001,
      "verf": 0.49,
      "verm": 0.5,
      "verL": 0.48,
      "ber": 0.239484375,
      "iber": 0.23979296874999995,
      "sber": 0.23825,
      "ier": 0.4485625,
      "ser": 0.23825,
      "EbN0dB": 18.0,
      "SNRdB": 24.19788758288394,
      "rate": 4.166666666666667,
      "C": 8.04384149156735,
      "ShannonLimitdB": 6.096215400993904
}