{
      "T": 100.0,
      "fer": 1.0,
      "nMSE": NaN,
      "nMSEf": NaN,
      "nMSEm": NaN,
      "nMSEL": NaN,
      "ver": 1.0,
      "verf": 1.0,
      "verm": 1.0,
      "verL": 1.0,
      "ber": 0.5008531250000001,
      "iber": 0.5015742187500002,
      "sber": 0.49796875,
      "ier": 0.9381406250000005,
      "ser": 0.49796875,
      "EbN0dB": 19.0,
      "SNRdB": 25.19788758288394,
      "rate": 4.166666666666667,
      "C": 8.374909486479678,
      "ShannonLimitdB": 6.096215400993904
}