{
      "T": 100.0,
      "fer": 1.0,
      "nMSE": NaN,
      "nMSEf": NaN,
      "nMSEm": NaN,
      "nMSEL": NaN,
      "ver": 1.0,
      "verf": 1.0,
      "verm": 1.0,
      "verL": 1.0,
      "ber": 0.49962812500000003,
      "iber": 0.50048828125,
      "sber": 0.4961874999999999,
      "ier": 0.9376718750000004,
      "ser": 0.4961874999999999,
      "EbN0dB": 22.0,
      "SNRdB": 28.19788758288394,
      "rate": 4.166666666666667,
      "C": 9.36931851503025,
      "ShannonLimitdB": 6.096215400993904
}