{
      "T": 100.0,
      "fer": 1.0,
      "nMSE": NaN,
      "nMSEf": NaN,
      "nMSEm": NaN,
      "nMSEL": NaN,
      "ver": 1.0,
      "verf": 1.0,
      "verm": 1.0,
      "verL": 1.0,
      "ber": 0.50001875,
      "iber": 0.49914843750000015,
      "sber": 0.5035000000000001,
      "ier": 0.9385781250000004,
      "ser": 0.5035000000000001,
      "EbN0dB": 23.0,
      "SNRdB": 29.19788758288394,
      "rate": 4.166666666666667,
      "C": 9.701062609259104,
      "ShannonLimitdB": 6.096215400993904
}