{
      "T": 100.0,
      "fer": 1.0,
      "nMSE": NaN,
      "nMSEf": NaN,
      "nMSEm": NaN,
      "nMSEL": NaN,
      "ver": 1.0,
      "verf": 1.0,
      "verm": 1.0,
      "verL": 1.0,
      "ber": 0.498084375,
      "iber": 0.4983281249999999,
      "sber": 0.4971093749999998,
      "ier": 0.9365937499999998,
      "ser": 0.4971093749999998,
      "EbN0dB": 25.0,
      "SNRdB": 31.19788758288394,
      "rate": 4.166666666666667,
      "C": 10.364808439537487,
      "ShannonLimitdB": 6.096215400993904
}