{
      "T": 94.49,
      "fer": 1.0,
      "nMSE": 0.7385097618103025,
      "nMSEf": 0.2774029417200542,
      "nMSEm": 0.8233566772937775,
      "nMSEL": 0.2528699269375439,
      "ver": 0.9854999999999994,
      "verf": 0.82,
      "verm": 1.0,
      "verL": 0.78,
      "ber": 0.3153906250000002,
      "iber": 0.31910937499999986,
      "sber": 0.3005156249999999,
      "ier": 0.5971718750000001,
      "ser": 0.3005156249999999,
      "EbN0dB": 7.0,
      "SNRdB": 13.19788758288394,
      "rate": 4.166666666666667,
      "C": 4.451725536345913,
      "ShannonLimitdB": 6.096215400993904
}