{
      "T": 99.56,
      "fer": 1.0,
      "nMSE": 0.7102549276351927,
      "nMSEf": 0.1696092250595536,
      "nMSEm": 0.8225977391004562,
      "nMSEL": 0.16531283804512711,
      "ver": 0.95725,
      "verf": 0.59,
      "verm": 1.0,
      "verL": 0.56,
      "ber": 0.3005625,
      "iber": 0.30444921875,
      "sber": 0.2850156250000001,
      "ier": 0.5730312499999999,
      "ser": 0.2850156250000001,
      "EbN0dB": 8.0,
      "SNRdB": 14.19788758288394,
      "rate": 4.166666666666667,
      "C": 4.7702946401146855,
      "ShannonLimitdB": 6.096215400993904
}