{
      "T": 100.0,
      "fer": 1.0,
      "nMSE": 0.6463118028640747,
      "nMSEf": 0.10486945696219298,
      "nMSEm": 0.8196619445085526,
      "nMSEL": 0.07513760590538801,
      "ver": 0.8832499999999999,
      "verf": 0.42,
      "verm": 1.0,
      "verL": 0.31,
      "ber": 0.27131562499999995,
      "iber": 0.2751093750000001,
      "sber": 0.25614062499999996,
      "ier": 0.5161874999999998,
      "ser": 0.25614062499999996,
      "EbN0dB": 9.0,
      "SNRdB": 15.19788758288394,
      "rate": 4.166666666666667,
      "C": 5.091573319049874,
      "ShannonLimitdB": 6.096215400993904
}