{
      "T": 86.1401,
      "fer": 0.025,
      "nMSE": 0.007057794399528676,
      "nMSEf": 0.0001110798268329723,
      "nMSEm": 0.012277317498515522,
      "nMSEL": 0.00018121240491950744,
      "ver": 0.013803125,
      "verf": 0.0023,
      "verm": 0.0208,
      "verL": 0.0025,
      "ber": 0.00397039620535714,
      "iber": 0.00397039620535714,
      "sber": 0.0,
      "ier": 0.007448214285714287,
      "ser": 0.0,
      "EbN0dB": 10.0,
      "SNRdB": 15.99964671522299,
      "rate": 3.98074787115883,
      "C": 5.350761671382524,
      "ShannonLimitdB": 5.69941991005719
}