{
      "T": 71.2466,
      "fer": 0.0039,
      "nMSE": 0.001090686186370144,
      "nMSEf": 3.309945320410463e-05,
      "nMSEm": 0.0016037428256689076,
      "nMSEL": 7.541743607631135e-05,
      "ver": 0.00209375,
      "verf": 0.0006,
      "verm": 0.0029,
      "verL": 0.0008,
      "ber": 0.0006107700892857143,
      "iber": 0.0006107700892857143,
      "sber": 0.0,
      "ier": 0.0011460565476190477,
      "ser": 0.0,
      "EbN0dB": 10.25,
      "SNRdB": 16.24964671522299,
      "rate": 3.98074787115883,
      "C": 5.431830862464197,
      "ShannonLimitdB": 5.69941991005719
}