{
      "T": 54.7,
      "fer": 1.0,
      "nMSE": 0.6955487932477677,
      "nMSEf": 0.3707091694786435,
      "nMSEm": 0.7508895874023438,
      "nMSEL": 0.41703537305196126,
      "ver": 1.0,
      "verf": 1.0,
      "verm": 1.0,
      "verL": 1.0,
      "ber": 0.38928571428571435,
      "iber": 0.38928571428571435,
      "sber": 0.0,
      "ier": 0.7270461309523809,
      "ser": 0.0,
      "EbN0dB": 5.0,
      "SNRdB": 10.99964671522299,
      "rate": 3.98074787115883,
      "C": 3.764285644842829,
      "ShannonLimitdB": 5.69941991005719
}