{
      "T": 112.7,
      "fer": 1.0,
      "nMSE": 0.6694565545944939,
      "nMSEf": 0.271198726835705,
      "nMSEm": 0.7229083288283575,
      "nMSEL": 0.31113818486531575,
      "ver": 1.0,
      "verf": 1.0,
      "verm": 1.0,
      "verL": 1.0,
      "ber": 0.3774739583333334,
      "iber": 0.3774739583333334,
      "sber": 0.0,
      "ier": 0.7061383928571429,
      "ser": 0.0,
      "EbN0dB": 6.0,
      "SNRdB": 11.99964671522299,
      "rate": 3.98074787115883,
      "C": 4.074474841856607,
      "ShannonLimitdB": 5.69941991005719
}