{
      "T": 200.0,
      "fer": 1.0,
      "nMSE": 0.6546126320248559,
      "nMSEf": 0.23235013371422175,
      "nMSEm": 0.7488920166378931,
      "nMSEL": 0.2189905533478374,
      "ver": 1.0,
      "verf": 1.0,
      "verm": 1.0,
      "verL": 1.0,
      "ber": 0.3671130952380952,
      "iber": 0.3671130952380952,
      "sber": 0.0,
      "ier": 0.6906622023809523,
      "ser": 0.0,
      "EbN0dB": 7.0,
      "SNRdB": 12.99964671522299,
      "rate": 3.98074787115883,
      "C": 4.388947210061522,
      "ShannonLimitdB": 5.69941991005719
}