{
      "T": 200.0,
      "fer": 1.0,
      "nMSE": 0.5662296567984988,
      "nMSEf": 0.0652117838836013,
      "nMSEm": 0.7232539335091906,
      "nMSEL": 0.06713843674853077,
      "ver": 0.95409375,
      "verf": 0.68,
      "verm": 1.0,
      "verL": 0.7,
      "ber": 0.3179134114583333,
      "iber": 0.3179134114583333,
      "sber": 0.0,
      "ier": 0.5961402529761908,
      "ser": 0.0,
      "EbN0dB": 8.5,
      "SNRdB": 14.49964671522299,
      "rate": 3.98074787115883,
      "C": 4.866983954496746,
      "ShannonLimitdB": 5.69941991005719
}