{
      "T": 199.966,
      "fer": 0.998,
      "nMSE": 0.5229502480720031,
      "nMSEf": 0.04243044812346242,
      "nMSEm": 0.714652754096432,
      "nMSEL": 0.043223897145068677,
      "ver": 0.90228125,
      "verf": 0.517,
      "verm": 0.997,
      "verL": 0.534,
      "ber": 0.29321065848214295,
      "iber": 0.29321065848214295,
      "sber": 0.0,
      "ier": 0.5497957589285721,
      "ser": 0.0,
      "EbN0dB": 8.75,
      "SNRdB": 14.74964671522299,
      "rate": 3.98074787115883,
      "C": 4.947263949443784,
      "ShannonLimitdB": 5.69941991005719
}