{
      "T": 200.0,
      "fer": 1.0,
      "nMSE": 0.6264466649010068,
      "nMSEf": 0.18018914644739456,
      "nMSEm": 0.7312774340311685,
      "nMSEL": 0.18045379668474198,
      "ver": 1.0,
      "verf": 1.0,
      "verm": 1.0,
      "verL": 1.0,
      "ber": 0.35214843749999997,
      "iber": 0.35214843749999997,
      "sber": 0.0,
      "ier": 0.6598214285714287,
      "ser": 0.0,
      "EbN0dB": 8.0,
      "SNRdB": 13.99964671522299,
      "rate": 3.98074787115883,
      "C": 4.7069073974948665,
      "ShannonLimitdB": 5.69941991005719
}