{
      "T": 199.68,
      "fer": 0.98,
      "nMSE": 0.41775837941109034,
      "nMSEf": 0.025541776177183288,
      "nMSEm": 0.6411390042081568,
      "nMSEL": 0.024125064779327205,
      "ver": 0.7590625,
      "verf": 0.33,
      "verm": 0.94,
      "verL": 0.29,
      "ber": 0.23468377976190474,
      "iber": 0.23468377976190474,
      "sber": 0.0,
      "ier": 0.4395386904761906,
      "ser": 0.0,
      "EbN0dB": 9.0,
      "SNRdB": 14.99964671522299,
      "rate": 3.98074787115883,
      "C": 5.027693912275287,
      "ShannonLimitdB": 5.69941991005719
}