{
      "T": 187.31,
      "fer": 0.77,
      "nMSE": 0.2877178100488583,
      "nMSEf": 0.012341665826046731,
      "nMSEm": 0.4641654780665402,
      "nMSEL": 0.01269339196661584,
      "ver": 0.5346875,
      "verf": 0.18,
      "verm": 0.71,
      "verL": 0.21,
      "ber": 0.1613160342261905,
      "iber": 0.1613160342261905,
      "sber": 0.0,
      "ier": 0.3031659226190477,
      "ser": 0.0,
      "EbN0dB": 9.25,
      "SNRdB": 15.24964671522299,
      "rate": 3.98074787115883,
      "C": 5.108265969122349,
      "ShannonLimitdB": 5.69941991005719
}