{
      "T": 151.86,
      "fer": 0.36,
      "nMSE": 0.10825415764308198,
      "nMSEf": 0.00692069366171545,
      "nMSEm": 0.18117185437332547,
      "nMSEL": 0.004875110680313205,
      "ver": 0.2109375,
      "verf": 0.05,
      "verm": 0.29,
      "verL": 0.04,
      "ber": 0.06127325148809523,
      "iber": 0.06127325148809523,
      "sber": 0.0,
      "ier": 0.11451636904761903,
      "ser": 0.0,
      "EbN0dB": 9.5,
      "SNRdB": 15.49964671522299,
      "rate": 3.98074787115883,
      "C": 5.188972632987206,
      "ShannonLimitdB": 5.69941991005719
}