{
      "T": 110.256,
      "fer": 0.089,
      "nMSE": 0.0259016818482941,
      "nMSEf": 0.002065864102044197,
      "nMSEm": 0.0415210820684977,
      "nMSEL": 0.00046464441982958413,
      "ver": 0.0513125,
      "verf": 0.02,
      "verm": 0.075,
      "verL": 0.009,
      "ber": 0.014609747023809523,
      "iber": 0.014609747023809523,
      "sber": 0.0,
      "ier": 0.027413318452380948,
      "ser": 0.0,
      "EbN0dB": 9.75,
      "SNRdB": 15.74964671522299,
      "rate": 3.98074787115883,
      "C": 5.269806787556389,
      "ShannonLimitdB": 5.69941991005719
}