{
      "T": 71.9,
      "fer": 1.0,
      "nMSE": 0.35287294120788587,
      "nMSEf": 0.23031582914849424,
      "nMSEm": 0.38705274134874346,
      "nMSEL": 0.2313414698271663,
      "ver": 0.8612000000000005,
      "verf": 0.72,
      "verm": 0.88,
      "verL": 0.71,
      "ber": 0.12924166666666667,
      "iber": 0.13059999999999994,
      "sber": 0.12652500000000008,
      "ier": 0.24494999999999995,
      "ser": 0.19025000000000009,
      "EbN0dB": 1.0,
      "SNRdB": 1.9691001300805642,
      "rate": 1.25,
      "C": 1.3638196616308245,
      "ShannonLimitdB": 0.4246973487717194
}