{
      "T": 94.03,
      "fer": 1.0,
      "nMSE": 0.1801576056957245,
      "nMSEf": 0.10776663819304418,
      "nMSEm": 0.18512097201930375,
      "nMSEL": 0.12059844896295345,
      "ver": 0.5651999999999999,
      "verf": 0.44,
      "verm": 0.6,
      "verL": 0.44,
      "ber": 0.06258333333333335,
      "iber": 0.06374999999999999,
      "sber": 0.06025,
      "ier": 0.11719999999999993,
      "ser": 0.09034999999999999,
      "EbN0dB": 2.0,
      "SNRdB": 2.969100130080564,
      "rate": 1.25,
      "C": 1.5758527514086698,
      "ShannonLimitdB": 0.4246973487717194
}