{
      "T": 74.24,
      "fer": 0.96,
      "nMSE": 0.03629811640083789,
      "nMSEf": 0.027898307845213095,
      "nMSEm": 0.048374978182231514,
      "nMSEL": 0.02231675216360829,
      "ver": 0.14919999999999992,
      "verf": 0.1,
      "verm": 0.16,
      "verL": 0.11,
      "ber": 0.011458333333333333,
      "iber": 0.011799999999999995,
      "sber": 0.01077499999999999,
      "ier": 0.022049999999999983,
      "ser": 0.016449999999999985,
      "EbN0dB": 3.0,
      "SNRdB": 3.969100130080564,
      "rate": 1.25,
      "C": 1.8049117707097662,
      "ShannonLimitdB": 0.4246973487717194
}