{
      "T": 41.24,
      "fer": 0.58,
      "nMSE": 0.007303010994823219,
      "nMSEf": 0.004910376104062125,
      "nMSEm": 0.00556409312022754,
      "nMSEL": 0.009200332296138244,
      "ver": 0.03520000000000002,
      "verf": 0.03,
      "verm": 0.02,
      "verL": 0.05,
      "ber": 0.002283333333333334,
      "iber": 0.0022375000000000016,
      "sber": 0.0023750000000000012,
      "ier": 0.004250000000000003,
      "ser": 0.0034500000000000012,
      "EbN0dB": 4.0,
      "SNRdB": 4.969100130080564,
      "rate": 1.25,
      "C": 2.049581296858927,
      "ShannonLimitdB": 0.4246973487717194
}