{
      "T": 21.48,
      "fer": 0.08,
      "nMSE": 0.000792515200216995,
      "nMSEf": 1.976113309489937e-05,
      "nMSEm": 1.8953078866647882e-06,
      "nMSEL": 0.000968842161285353,
      "ver": 0.0036,
      "verf": 0.0,
      "verm": 0.0,
      "verL": 0.0,
      "ber": 0.000225,
      "iber": 0.0002375,
      "sber": 0.0002,
      "ier": 0.0005,
      "ser": 0.00025,
      "EbN0dB": 5.0,
      "SNRdB": 5.969100130080564,
      "rate": 1.25,
      "C": 2.3082580768089014,
      "ShannonLimitdB": 0.4246973487717194
}