{
      "T": 92.09,
      "fer": 1.0,
      "nMSE": 0.6868145439624788,
      "nMSEf": 0.422108981570534,
      "nMSEm": 0.8212251490354538,
      "nMSEL": 0.4090049784536709,
      "ver": 0.909,
      "verf": 0.68,
      "verm": 1.0,
      "verL": 0.65,
      "ber": 0.2867625000000001,
      "iber": 0.29435416666666653,
      "sber": 0.2753749999999999,
      "ier": 0.5158750000000002,
      "ser": 0.42318749999999994,
      "EbN0dB": 10.0,
      "SNRdB": 16.19788758288394,
      "rate": 4.166666666666667,
      "C": 5.415037499278844,
      "ShannonLimitdB": 6.096215400993904
}