{
      "T": 95.37,
      "fer": 1.0,
      "nMSE": 0.6735645258426668,
      "nMSEf": 0.41148535594346286,
      "nMSEm": 0.8189430093765259,
      "nMSEL": 0.3868819689767368,
      "ver": 0.8730000000000001,
      "verf": 0.63,
      "verm": 0.99,
      "verL": 0.58,
      "ber": 0.27937499999999993,
      "iber": 0.2872083333333333,
      "sber": 0.2676249999999999,
      "ier": 0.5007500000000001,
      "ser": 0.40981249999999997,
      "EbN0dB": 11.0,
      "SNRdB": 17.19788758288394,
      "rate": 4.166666666666667,
      "C": 5.740259079728835,
      "ShannonLimitdB": 6.096215400993904
}