{
      "T": 98.11,
      "fer": 0.98,
      "nMSE": 0.6257263965606692,
      "nMSEf": 0.31275301657618376,
      "nMSEm": 0.7763739490509033,
      "nMSEL": 0.4073136379569769,
      "ver": 0.814,
      "verf": 0.5,
      "verm": 0.96,
      "verL": 0.61,
      "ber": 0.257625,
      "iber": 0.2647916666666667,
      "sber": 0.24687499999999993,
      "ier": 0.461875,
      "ser": 0.38024999999999987,
      "EbN0dB": 12.0,
      "SNRdB": 18.19788758288394,
      "rate": 4.166666666666667,
      "C": 6.066890338826853,
      "ShannonLimitdB": 6.096215400993904
}