{
      "T": 97.22,
      "fer": 0.99,
      "nMSE": 0.6598848738670352,
      "nMSEf": 0.36555111676454544,
      "nMSEm": 0.7937495982646943,
      "nMSEL": 0.34375560668793526,
      "ver": 0.835,
      "verf": 0.51,
      "verm": 0.95,
      "verL": 0.58,
      "ber": 0.26455,
      "iber": 0.27145833333333336,
      "sber": 0.2541874999999999,
      "ier": 0.4775625000000001,
      "ser": 0.3901249999999999,
      "EbN0dB": 13.0,
      "SNRdB": 19.19788758288394,
      "rate": 4.166666666666667,
      "C": 6.394650122011396,
      "ShannonLimitdB": 6.096215400993904
}