{
      "T": 97.52,
      "fer": 1.0,
      "nMSE": NaN,
      "nMSEf": NaN,
      "nMSEm": NaN,
      "nMSEL": NaN,
      "ver": 0.8059999999999998,
      "verf": 0.53,
      "verm": 0.98,
      "verL": 0.44,
      "ber": 0.26835000000000003,
      "iber": 0.2748125,
      "sber": 0.25865625000000003,
      "ier": 0.4810625000000001,
      "ser": 0.39449999999999996,
      "EbN0dB": 14.0,
      "SNRdB": 20.19788758288394,
      "rate": 4.166666666666667,
      "C": 6.7233119204408345,
      "ShannonLimitdB": 6.096215400993904
}