{
      "T": 97.11,
      "fer": 0.98,
      "nMSE": NaN,
      "nMSEf": NaN,
      "nMSEm": NaN,
      "nMSEL": NaN,
      "ver": 0.8279999999999998,
      "verf": 0.51,
      "verm": 0.96,
      "verL": 0.55,
      "ber": 0.289375,
      "iber": 0.2951249999999998,
      "sber": 0.28075,
      "ier": 0.5167499999999998,
      "ser": 0.42706250000000007,
      "EbN0dB": 15.0,
      "SNRdB": 21.19788758288394,
      "rate": 4.166666666666667,
      "C": 7.052693776320081,
      "ShannonLimitdB": 6.096215400993904
}