{
      "T": 99.1,
      "fer": 0.99,
      "nMSE": NaN,
      "nMSEf": NaN,
      "nMSEm": NaN,
      "nMSEL": NaN,
      "ver": 0.8489999999999998,
      "verf": 0.63,
      "verm": 0.98,
      "verL": 0.57,
      "ber": 0.3154625000000001,
      "iber": 0.32000000000000006,
      "sber": 0.3086562500000001,
      "ier": 0.5628749999999999,
      "ser": 0.4683749999999998,
      "EbN0dB": 16.0,
      "SNRdB": 22.19788758288394,
      "rate": 4.166666666666667,
      "C": 7.382649856361095,
      "ShannonLimitdB": 6.096215400993904
}