{
      "T": 98.97,
      "fer": 0.99,
      "nMSE": NaN,
      "nMSEf": NaN,
      "nMSEm": NaN,
      "nMSEL": NaN,
      "ver": 0.8250000000000003,
      "verf": 0.59,
      "verm": 0.96,
      "verL": 0.54,
      "ber": 0.3186624999999999,
      "iber": 0.324625,
      "sber": 0.30971875,
      "ier": 0.569375,
      "ser": 0.4695625,
      "EbN0dB": 17.0,
      "SNRdB": 23.19788758288394,
      "rate": 4.166666666666667,
      "C": 7.713063493892065,
      "ShannonLimitdB": 6.096215400993904
}