{
      "T": 97.41,
      "fer": 0.98,
      "nMSE": NaN,
      "nMSEf": NaN,
      "nMSEm": NaN,
      "nMSEL": NaN,
      "ver": 0.8849999999999999,
      "verf": 0.74,
      "verm": 0.96,
      "verL": 0.7,
      "ber": 0.3648125,
      "iber": 0.36872916666666655,
      "sber": 0.3589374999999999,
      "ier": 0.6436249999999998,
      "ser": 0.5435000000000002,
      "EbN0dB": 18.0,
      "SNRdB": 24.19788758288394,
      "rate": 4.166666666666667,
      "C": 8.04384149156735,
      "ShannonLimitdB": 6.096215400993904
}