{
      "T": 99.88,
      "fer": 1.0,
      "nMSE": NaN,
      "nMSEf": NaN,
      "nMSEm": NaN,
      "nMSEL": NaN,
      "ver": 0.9299999999999998,
      "verf": 0.71,
      "verm": 1.0,
      "verL": 0.78,
      "ber": 0.3996,
      "iber": 0.4032499999999999,
      "sber": 0.39412499999999995,
      "ier": 0.702375,
      "ser": 0.5970625000000003,
      "EbN0dB": 19.0,
      "SNRdB": 25.19788758288394,
      "rate": 4.166666666666667,
      "C": 8.374909486479678,
      "ShannonLimitdB": 6.096215400993904
}