{
      "T": 99.28,
      "fer": 1.0,
      "nMSE": NaN,
      "nMSEf": NaN,
      "nMSEm": NaN,
      "nMSEL": NaN,
      "ver": 0.9780000000000002,
      "verf": 0.91,
      "verm": 1.0,
      "verL": 0.91,
      "ber": 0.4573875000000002,
      "iber": 0.45781249999999996,
      "sber": 0.45675,
      "ier": 0.8029999999999998,
      "ser": 0.6860625000000004,
      "EbN0dB": 20.0,
      "SNRdB": 26.19788758288394,
      "rate": 4.166666666666667,
      "C": 8.706208198600704,
      "ShannonLimitdB": 6.096215400993904
}