{
      "T": 99.12,
      "fer": 1.0,
      "nMSE": NaN,
      "nMSEf": NaN,
      "nMSEm": NaN,
      "nMSEL": NaN,
      "ver": 0.986,
      "verf": 0.92,
      "verm": 1.0,
      "verL": 0.94,
      "ber": 0.4591124999999998,
      "iber": 0.4601250000000002,
      "sber": 0.4575937500000001,
      "ier": 0.8049374999999998,
      "ser": 0.6874374999999998,
      "EbN0dB": 21.0,
      "SNRdB": 27.19788758288394,
      "rate": 4.166666666666667,
      "C": 9.037690406212704,
      "ShannonLimitdB": 6.096215400993904
}