{
      "T": 99.55,
      "fer": 1.0,
      "nMSE": NaN,
      "nMSEf": NaN,
      "nMSEm": NaN,
      "nMSEL": NaN,
      "ver": 0.9940000000000001,
      "verf": 0.97,
      "verm": 1.0,
      "verL": 0.97,
      "ber": 0.48667499999999997,
      "iber": 0.48939583333333325,
      "sber": 0.48259375,
      "ier": 0.8529375,
      "ser": 0.7271874999999999,
      "EbN0dB": 22.0,
      "SNRdB": 28.19788758288394,
      "rate": 4.166666666666667,
      "C": 9.36931851503025,
      "ShannonLimitdB": 6.096215400993904
}