{
      "T": 100.0,
      "fer": 1.0,
      "nMSE": NaN,
      "nMSEf": NaN,
      "nMSEm": NaN,
      "nMSEL": NaN,
      "ver": 0.998,
      "verf": 0.99,
      "verm": 1.0,
      "verL": 0.99,
      "ber": 0.48955,
      "iber": 0.48914583333333317,
      "sber": 0.4901562500000001,
      "ier": 0.8603750000000001,
      "ser": 0.7362500000000002,
      "EbN0dB": 23.0,
      "SNRdB": 29.19788758288394,
      "rate": 4.166666666666667,
      "C": 9.701062609259104,
      "ShannonLimitdB": 6.096215400993904
}