{
      "T": 100.0,
      "fer": 1.0,
      "nMSE": NaN,
      "nMSEf": NaN,
      "nMSEm": NaN,
      "nMSEL": NaN,
      "ver": 1.0,
      "verf": 1.0,
      "verm": 1.0,
      "verL": 1.0,
      "ber": 0.489075,
      "iber": 0.4894583333333336,
      "sber": 0.48849999999999993,
      "ier": 0.8583750000000002,
      "ser": 0.7351250000000001,
      "EbN0dB": 25.0,
      "SNRdB": 31.19788758288394,
      "rate": 4.166666666666667,
      "C": 10.364808439537487,
      "ShannonLimitdB": 6.096215400993904
}