{
      "T": 100.0,
      "fer": 1.0,
      "nMSE": NaN,
      "nMSEf": NaN,
      "nMSEm": NaN,
      "nMSEL": NaN,
      "ver": 1.0,
      "verf": 1.0,
      "verm": 1.0,
      "verL": 1.0,
      "ber": 0.4986375000000002,
      "iber": 0.4985833333333333,
      "sber": 0.4987187500000001,
      "ier": 0.8752500000000001,
      "ser": 0.7455000000000002,
      "EbN0dB": 27.0,
      "SNRdB": 33.197887582883936,
      "rate": 4.166666666666667,
      "C": 11.028790233101528,
      "ShannonLimitdB": 6.096215400993904
}