{
      "T": 73.05,
      "fer": 1.0,
      "nMSE": 0.7469189019203182,
      "nMSEf": 0.529585567959651,
      "nMSEm": 0.8263735431432724,
      "nMSEL": 0.5257598866662387,
      "ver": 0.983,
      "verf": 0.93,
      "verm": 1.0,
      "verL": 0.92,
      "ber": 0.31308749999999996,
      "iber": 0.3210833333333333,
      "sber": 0.3010937499999998,
      "ier": 0.5615625,
      "ser": 0.46149999999999997,
      "EbN0dB": 7.0,
      "SNRdB": 13.19788758288394,
      "rate": 4.166666666666667,
      "C": 4.451725536345913,
      "ShannonLimitdB": 6.096215400993904
}