{
      "T": 83.27,
      "fer": 1.0,
      "nMSE": 0.7246466960906985,
      "nMSEf": 0.4669752815893771,
      "nMSEm": 0.8160281693935394,
      "nMSEL": 0.5018607386450017,
      "ver": 0.9650000000000003,
      "verf": 0.83,
      "verm": 1.0,
      "verL": 0.89,
      "ber": 0.300975,
      "iber": 0.3081458333333334,
      "sber": 0.2902187500000001,
      "ier": 0.540375,
      "ser": 0.44100000000000006,
      "EbN0dB": 8.0,
      "SNRdB": 14.19788758288394,
      "rate": 4.166666666666667,
      "C": 4.7702946401146855,
      "ShannonLimitdB": 6.096215400993904
}