{
      "T": 90.72,
      "fer": 1.0,
      "nMSE": 0.6993107972145078,
      "nMSEf": 0.43661139917469216,
      "nMSEm": 0.8230140608549118,
      "nMSEL": 0.38939153000073623,
      "ver": 0.931,
      "verf": 0.71,
      "verm": 1.0,
      "verL": 0.69,
      "ber": 0.2935,
      "iber": 0.3001041666666666,
      "sber": 0.2835937500000001,
      "ier": 0.5239375000000002,
      "ser": 0.4350625,
      "EbN0dB": 9.0,
      "SNRdB": 15.19788758288394,
      "rate": 4.166666666666667,
      "C": 5.091573319049874,
      "ShannonLimitdB": 6.096215400993904
}