{
      "T": 68.04,
      "fer": 1.0,
      "nMSE": 0.5153982761383056,
      "nMSEf": 0.25200883959420023,
      "nMSEm": 0.582952071428299,
      "nMSEL": 0.2844345381483436,
      "ver": 0.9927999999999995,
      "verf": 0.92,
      "verm": 1.0,
      "verL": 0.97,
      "ber": 0.19849000000000008,
      "iber": 0.19849000000000008,
      "sber": 0.0,
      "ier": 0.38650000000000007,
      "ser": 0.0,
      "EbN0dB": 2.0,
      "SNRdB": 5.187587626244128,
      "rate": 2.0833333333333335,
      "C": 2.104960848571501,
      "ShannonLimitdB": 1.9149828156875195
}