{
      "T": 99.72,
      "fer": 1.0,
      "nMSE": 0.3945084002494812,
      "nMSEf": 0.12743004549531178,
      "nMSEm": 0.5186801866814494,
      "nMSEL": 0.16339958331647494,
      "ver": 0.9224000000000002,
      "verf": 0.67,
      "verm": 1.0,
      "verL": 0.68,
      "ber": 0.14708500000000002,
      "iber": 0.14708500000000002,
      "sber": 0.0,
      "ier": 0.28535000000000005,
      "ser": 0.0,
      "EbN0dB": 3.0,
      "SNRdB": 6.187587626244128,
      "rate": 2.0833333333333335,
      "C": 2.3664751113979383,
      "ShannonLimitdB": 1.9149828156875195
}