{
      "T": 81.12,
      "fer": 0.93,
      "nMSE": 0.04350809876918791,
      "nMSEf": 0.018640442944340963,
      "nMSEm": 0.05229914794133562,
      "nMSEL": 0.016357575152880298,
      "ver": 0.19359999999999986,
      "verf": 0.14,
      "verm": 0.24,
      "verL": 0.16,
      "ber": 0.014724999999999986,
      "iber": 0.014724999999999986,
      "sber": 0.0,
      "ier": 0.028624999999999963,
      "ser": 0.0,
      "EbN0dB": 4.0,
      "SNRdB": 7.187587626244128,
      "rate": 2.0833333333333335,
      "C": 2.639949102311349,
      "ShannonLimitdB": 1.9149828156875195
}