{
      "T": 44.64,
      "fer": 0.34,
      "nMSE": 0.0025470573752401833,
      "nMSEf": 0.0036558588565053013,
      "nMSEm": 0.0044532377303455935,
      "nMSEL": 0.0031744138763032,
      "ver": 0.021600000000000005,
      "verf": 0.04,
      "verm": 0.04,
      "verL": 0.03,
      "ber": 0.0007150000000000002,
      "iber": 0.0007150000000000002,
      "sber": 0.0,
      "ier": 0.001425,
      "ser": 0.0,
      "EbN0dB": 5.0,
      "SNRdB": 8.187587626244127,
      "rate": 2.0833333333333335,
      "C": 2.9237345959040155,
      "ShannonLimitdB": 1.9149828156875195
}