{
      "T": 22.26,
      "fer": 0.09,
      "nMSE": 0.00037796883598307363,
      "nMSEf": 1.937024408672332e-06,
      "nMSEm": 2.3661257566527963e-07,
      "nMSEL": 0.0012506573447522585,
      "ver": 0.0036,
      "verf": 0.0,
      "verm": 0.0,
      "verL": 0.01,
      "ber": 0.00012,
      "iber": 0.00012,
      "sber": 0.0,
      "ier": 0.000225,
      "ser": 0.0,
      "EbN0dB": 6.0,
      "SNRdB": 9.187587626244127,
      "rate": 2.0833333333333335,
      "C": 3.216284026671513,
      "ShannonLimitdB": 1.9149828156875195
}