{
      "T": 13.82,
      "fer": 0.02,
      "nMSE": 9.322958358994236e-05,
      "nMSEf": 2.085402532392411e-08,
      "nMSEm": 1.269924965048961e-08,
      "nMSEL": 1.2860161922310288e-09,
      "ver": 0.0008,
      "verf": 0.0,
      "verm": 0.0,
      "verL": 0.0,
      "ber": 2.5e-05,
      "iber": 2.5e-05,
      "sber": 0.0,
      "ier": 5e-05,
      "ser": 0.0,
      "EbN0dB": 7.0,
      "SNRdB": 10.187587626244127,
      "rate": 2.0833333333333335,
      "C": 3.516191778127995,
      "ShannonLimitdB": 1.9149828156875195
}