{
      "T": 9.17,
      "fer": 0.0,
      "nMSE": 5.014474647330823e-08,
      "nMSEf": 2.8849034012906683e-18,
      "nMSEm": 4.125365525413996e-16,
      "nMSEL": 1.1719555914186935e-07,
      "ver": 0.0,
      "verf": 0.0,
      "verm": 0.0,
      "verL": 0.0,
      "ber": 0.0,
      "iber": 0.0,
      "sber": 0.0,
      "ier": 0.0,
      "ser": 0.0,
      "EbN0dB": 8.0,
      "SNRdB": 11.187587626244127,
      "rate": 2.0833333333333335,
      "C": 3.822214629002304,
      "ShannonLimitdB": 1.9149828156875195
}