{
      "T": 10.0,
      "fer": 1.0,
      "nMSE": 0.3800507504940034,
      "nMSEf": 0.3641594073158376,
      "nMSEm": 0.3116171768071952,
      "nMSEL": 0.4177546355822318,
      "ver": 0.45749999999999985,
      "verf": 0.45,
      "verm": 0.36,
      "verL": 0.51,
      "ber": 0.13837500000000003,
      "iber": 0.13837500000000003,
      "sber": 0.0,
      "ier": 0.27374999999999994,
      "ser": 0.0,
      "EbN0dB": 0.0,
      "SNRdB": -3.424226808222062,
      "rate": 0.45454545454545453,
      "C": 0.5405683813627028,
      "ShannonLimitdB": -0.889638154502117
}