{
      "T": 10.0,
      "fer": 1.0,
      "nMSE": 0.26124838578701026,
      "nMSEf": 0.22660546131622042,
      "nMSEm": 0.28988296110591366,
      "nMSEL": 0.2806716485486868,
      "ver": 0.32499999999999984,
      "verf": 0.26,
      "verm": 0.32,
      "verL": 0.36,
      "ber": 0.09349999999999996,
      "iber": 0.09349999999999996,
      "sber": 0.0,
      "ier": 0.18549999999999994,
      "ser": 0.0,
      "EbN0dB": 1.0,
      "SNRdB": -2.424226808222062,
      "rate": 0.45454545454545453,
      "C": 0.6528203800462243,
      "ShannonLimitdB": -0.889638154502117
}