{
      "T": 3.0201,
      "fer": 0.0,
      "nMSE": 5.227381025908612e-21,
      "nMSEf": 4.1922593742137605e-22,
      "nMSEm": 8.804401104976754e-30,
      "nMSEL": 4.9559356602741096e-24,
      "ver": 0.0,
      "verf": 0.0,
      "verm": 0.0,
      "verL": 0.0,
      "ber": 0.0,
      "iber": 0.0,
      "sber": 0.0,
      "ier": 0.0,
      "ser": 0.0,
      "EbN0dB": 10.0,
      "SNRdB": 6.575773191777937,
      "rate": 0.45454545454545453,
      "C": 2.471305718925589,
      "ShannonLimitdB": -0.889638154502117
}