{
      "T": 10.0,
      "fer": 0.96,
      "nMSE": 0.1557473423182964,
      "nMSEf": 0.1382885018240632,
      "nMSEm": 0.15692403522994058,
      "nMSEL": 0.18443149551982835,
      "ver": 0.18600000000000003,
      "verf": 0.17,
      "verm": 0.17,
      "verL": 0.2,
      "ber": 0.05195833333333332,
      "iber": 0.05195833333333332,
      "sber": 0.0,
      "ier": 0.10199999999999995,
      "ser": 0.0,
      "EbN0dB": 2.0,
      "SNRdB": -1.4242268082220622,
      "rate": 0.45454545454545453,
      "C": 0.7827490649998206,
      "ShannonLimitdB": -0.889638154502117
}