{
      "T": 10.0,
      "fer": 0.73,
      "nMSE": 0.06535019611404279,
      "nMSEf": 0.08442462925335288,
      "nMSEm": 0.07741083989575577,
      "nMSEL": 0.07192635897365857,
      "ver": 0.07299999999999997,
      "verf": 0.1,
      "verm": 0.07,
      "verL": 0.09,
      "ber": 0.02075,
      "iber": 0.02075,
      "sber": 0.0,
      "ier": 0.04124999999999998,
      "ser": 0.0,
      "EbN0dB": 3.0,
      "SNRdB": -0.42422680822206216,
      "rate": 0.45454545454545453,
      "C": 0.9312574963724297,
      "ShannonLimitdB": -0.889638154502117
}