{
      "T": 10.0,
      "fer": 0.44,
      "nMSE": 0.02834542115004752,
      "nMSEf": 0.033556146776200946,
      "nMSEm": 0.0073353980884311954,
      "nMSEL": 0.027256760957792028,
      "ver": 0.03449999999999998,
      "verf": 0.04,
      "verm": 0.01,
      "verL": 0.04,
      "ber": 0.008833333333333332,
      "iber": 0.008833333333333332,
      "sber": 0.0,
      "ier": 0.01774999999999999,
      "ser": 0.0,
      "EbN0dB": 4.0,
      "SNRdB": 0.5757731917779378,
      "rate": 0.45454545454545453,
      "C": 1.0988012432044212,
      "ShannonLimitdB": -0.889638154502117
}