{
      "T": 10.0,
      "fer": 0.1379,
      "nMSE": 0.006527959657682544,
      "nMSEf": 0.006252524649547428,
      "nMSEm": 0.005919221570237238,
      "nMSEL": 0.007278064171527406,
      "ver": 0.0076449999999998195,
      "verf": 0.0072,
      "verm": 0.0072,
      "verL": 0.0085,
      "ber": 0.0019679166666666478,
      "iber": 0.0019679166666666478,
      "sber": 0.0,
      "ier": 0.00388249999999991,
      "ser": 0.0,
      "EbN0dB": 5.0,
      "SNRdB": 1.5757731917779378,
      "rate": 0.45454545454545453,
      "C": 1.2853424006389376,
      "ShannonLimitdB": -0.889638154502117
}