{
      "T": 10.0,
      "fer": 0.099,
      "nMSE": 0.004647242213173343,
      "nMSEf": 0.004248058992128205,
      "nMSEm": 0.00423025025145567,
      "nMSEL": 0.004575067970893144,
      "ver": 0.005424999999999929,
      "verf": 0.0053,
      "verm": 0.0047,
      "verL": 0.0053,
      "ber": 0.001368333333333335,
      "iber": 0.001368333333333335,
      "sber": 0.0,
      "ier": 0.002752499999999965,
      "ser": 0.0,
      "EbN0dB": 5.25,
      "SNRdB": 1.8257731917779378,
      "rate": 0.45454545454545453,
      "C": 1.3348944057161698,
      "ShannonLimitdB": -0.889638154502117
}