{
      "T": 9.9994,
      "fer": 0.0609,
      "nMSE": 0.0027588057295898577,
      "nMSEf": 0.0034757564555497355,
      "nMSEm": 0.0023759321464521246,
      "nMSEL": 0.0031944784048710917,
      "ver": 0.003215000000000028,
      "verf": 0.0042,
      "verm": 0.0028,
      "verL": 0.0037,
      "ber": 0.0008087500000000039,
      "iber": 0.0008087500000000039,
      "sber": 0.0,
      "ier": 0.0016350000000000123,
      "ser": 0.0,
      "EbN0dB": 5.5,
      "SNRdB": 2.075773191777938,
      "rate": 0.45454545454545453,
      "C": 1.3855901433965785,
      "ShannonLimitdB": -0.889638154502117
}