{
      "T": 9.9882,
      "fer": 0.0412,
      "nMSE": 0.0018338523613029602,
      "nMSEf": 0.001431335513662518,
      "nMSEm": 0.001342185207908971,
      "nMSEL": 0.0017986038068688664,
      "ver": 0.0021400000000000165,
      "verf": 0.0018,
      "verm": 0.0016,
      "verL": 0.0022,
      "ber": 0.0005345833333333352,
      "iber": 0.0005345833333333352,
      "sber": 0.0,
      "ier": 0.0010750000000000082,
      "ser": 0.0,
      "EbN0dB": 5.75,
      "SNRdB": 2.325773191777938,
      "rate": 0.45454545454545453,
      "C": 1.4374151693031356,
      "ShannonLimitdB": -0.889638154502117
}