{
      "T": 9.9413,
      "fer": 0.03,
      "nMSE": 0.0013344781699870358,
      "nMSEf": 0.0016596141603601516,
      "nMSEm": 0.0010111051789761028,
      "nMSEL": 0.0010517801345433738,
      "ver": 0.001545000000000008,
      "verf": 0.0021,
      "verm": 0.0012,
      "verL": 0.0012,
      "ber": 0.0003875000000000005,
      "iber": 0.0003875000000000005,
      "sber": 0.0,
      "ier": 0.0007850000000000041,
      "ser": 0.0,
      "EbN0dB": 6.0,
      "SNRdB": 2.575773191777938,
      "rate": 0.45454545454545453,
      "C": 1.4903534778447127,
      "ShannonLimitdB": -0.889638154502117
}