{
      "T": 9.7081,
      "fer": 0.0193,
      "nMSE": 0.0008489182173129647,
      "nMSEf": 0.0007736426650306248,
      "nMSEm": 0.0009455766708584623,
      "nMSEL": 0.0006717015642124659,
      "ver": 0.0010000000000000005,
      "verf": 0.001,
      "verm": 0.001,
      "verL": 0.0009,
      "ber": 0.00025624999999999997,
      "iber": 0.00025624999999999997,
      "sber": 0.0,
      "ier": 0.0005025000000000003,
      "ser": 0.0,
      "EbN0dB": 6.25,
      "SNRdB": 2.825773191777938,
      "rate": 0.45454545454545453,
      "C": 1.544387598324127,
      "ShannonLimitdB": -0.889638154502117
}