{
      "T": 9.218,
      "fer": 0.0108,
      "nMSE": 0.0004957737480702185,
      "nMSEf": 0.0005659188765484667,
      "nMSEm": 0.0007260590777776558,
      "nMSEL": 0.00026341667080187985,
      "ver": 0.0005399999999999989,
      "verf": 0.0006,
      "verm": 0.0008,
      "verL": 0.0004,
      "ber": 0.00013874999999999982,
      "iber": 0.00013874999999999982,
      "sber": 0.0,
      "ier": 0.00026999999999999946,
      "ser": 0.0,
      "EbN0dB": 6.5,
      "SNRdB": 3.075773191777938,
      "rate": 0.45454545454545453,
      "C": 1.5994986974197147,
      "ShannonLimitdB": -0.889638154502117
}