{
      "T": 8.3406,
      "fer": 0.008,
      "nMSE": 0.000344936776622889,
      "nMSEf": 0.0003574194223687811,
      "nMSEm": 1.2899825310661078e-05,
      "nMSEL": 0.0004314285316854565,
      "ver": 0.0004049999999999994,
      "verf": 0.0005,
      "verm": 0.0,
      "verL": 0.0005,
      "ber": 0.00010958333333333332,
      "iber": 0.00010958333333333332,
      "sber": 0.0,
      "ier": 0.0002024999999999997,
      "ser": 0.0,
      "EbN0dB": 6.75,
      "SNRdB": 3.325773191777938,
      "rate": 0.45454545454545453,
      "C": 1.6556666868260042,
      "ShannonLimitdB": -0.889638154502117
}