{
      "T": 7.3334,
      "fer": 0.0048,
      "nMSE": 0.00019312262751684063,
      "nMSEf": 0.0002121716186231262,
      "nMSEm": 0.0004193178544264545,
      "nMSEL": 0.00025454297351352106,
      "ver": 0.00024499999999999994,
      "verf": 0.0004,
      "verm": 0.0005,
      "verL": 0.0003,
      "ber": 6.458333333333334e-05,
      "iber": 6.458333333333334e-05,
      "sber": 0.0,
      "ier": 0.00012249999999999997,
      "ser": 0.0,
      "EbN0dB": 7.0,
      "SNRdB": 3.575773191777938,
      "rate": 0.45454545454545453,
      "C": 1.7128703348261434,
      "ShannonLimitdB": -0.889638154502117
}