{
      "T": 6.2107,
      "fer": 0.0035,
      "nMSE": 0.0001593871761187909,
      "nMSEf": 5.948874648739563e-05,
      "nMSEm": 0.00020364369829224476,
      "nMSEL": 0.0001745702310012028,
      "ver": 0.00017500000000000008,
      "verf": 0.0001,
      "verm": 0.0002,
      "verL": 0.0002,
      "ber": 3.9583333333333365e-05,
      "iber": 3.9583333333333365e-05,
      "sber": 0.0,
      "ier": 8.750000000000004e-05,
      "ser": 0.0,
      "EbN0dB": 7.25,
      "SNRdB": 3.825773191777938,
      "rate": 0.45454545454545453,
      "C": 1.7710873805780067,
      "ShannonLimitdB": -0.889638154502117
}