{
      "T": 5.2095,
      "fer": 0.001,
      "nMSE": 4.170473069095244e-05,
      "nMSEf": 3.7266135152703826e-05,
      "nMSEm": 2.2261702941598237e-07,
      "nMSEL": 6.397853466577469e-06,
      "ver": 4.9999999999999996e-05,
      "verf": 0.0001,
      "verm": 0.0,
      "verL": 0.0,
      "ber": 1.0833333333333332e-05,
      "iber": 1.0833333333333332e-05,
      "sber": 0.0,
      "ier": 2.4999999999999998e-05,
      "ser": 0.0,
      "EbN0dB": 7.5,
      "SNRdB": 4.075773191777937,
      "rate": 0.45454545454545453,
      "C": 1.8302946499257484,
      "ShannonLimitdB": -0.889638154502117
}