{
      "T": 4.4404,
      "fer": 0.0008,
      "nMSE": 3.519620292192307e-05,
      "nMSEf": 0.00010001809915718823,
      "nMSEm": 6.266808337258566e-11,
      "nMSEL": 9.016729067178685e-11,
      "ver": 3.9999999999999996e-05,
      "verf": 0.0001,
      "verm": 0.0,
      "verL": 0.0,
      "ber": 8.333333333333332e-06,
      "iber": 8.333333333333332e-06,
      "sber": 0.0,
      "ier": 1.9999999999999998e-05,
      "ser": 0.0,
      "EbN0dB": 7.75,
      "SNRdB": 4.325773191777937,
      "rate": 0.45454545454545453,
      "C": 1.890468171596926,
      "ShannonLimitdB": -0.889638154502117
}