{
      "T": 3.9005,
      "fer": 0.0004,
      "nMSE": 2.438182314365722e-05,
      "nMSEf": 2.7197542887813567e-09,
      "nMSEm": 5.376830481995258e-09,
      "nMSEL": 1.7848102621598524e-12,
      "ver": 2.5e-05,
      "verf": 0.0,
      "verm": 0.0,
      "verL": 0.0,
      "ber": 6.666666666666667e-06,
      "iber": 6.666666666666667e-06,
      "sber": 0.0,
      "ier": 1.25e-05,
      "ser": 0.0,
      "EbN0dB": 8.0,
      "SNRdB": 4.575773191777937,
      "rate": 0.45454545454545453,
      "C": 1.9515832927097976,
      "ShannonLimitdB": -0.889638154502117
}