{
      "T": 3.575,
      "fer": 0.0002,
      "nMSE": 9.789744995584092e-06,
      "nMSEf": 1.0913646812983465e-13,
      "nMSEm": 1.9436586095591344e-12,
      "nMSEL": 3.1849589423258193e-09,
      "ver": 1e-05,
      "verf": 0.0,
      "verm": 0.0,
      "verL": 0.0,
      "ber": 2.083333333333333e-06,
      "iber": 2.083333333333333e-06,
      "sber": 0.0,
      "ier": 5e-06,
      "ser": 0.0,
      "EbN0dB": 8.25,
      "SNRdB": 4.825773191777937,
      "rate": 0.45454545454545453,
      "C": 2.0136147925933505,
      "ShannonLimitdB": -0.889638154502117
}