{
      "T": 3.3268,
      "fer": 0.0001,
      "nMSE": 5.00275938430853e-06,
      "nMSEf": 1.1608523304217397e-15,
      "nMSEm": 7.639827436230687e-09,
      "nMSEL": 2.420469918997262e-12,
      "ver": 5e-06,
      "verf": 0.0,
      "verm": 0.0,
      "verL": 0.0,
      "ber": 1.2499999999999999e-06,
      "iber": 1.2499999999999999e-06,
      "sber": 0.0,
      "ier": 2.5e-06,
      "ser": 0.0,
      "EbN0dB": 8.5,
      "SNRdB": 5.075773191777937,
      "rate": 0.45454545454545453,
      "C": 2.076536994011299,
      "ShannonLimitdB": -0.889638154502117
}