{
      "T": 3.2076,
      "fer": 0.0006,
      "nMSE": 3.2536781995541816e-05,
      "nMSEf": 5.06452590407302e-16,
      "nMSEm": 2.6747691321465234e-16,
      "nMSEL": 1.5373839606450898e-15,
      "ver": 3.5e-05,
      "verf": 0.0,
      "verm": 0.0,
      "verL": 0.0,
      "ber": 1.0833333333333334e-05,
      "iber": 1.0833333333333334e-05,
      "sber": 0.0,
      "ier": 1.75e-05,
      "ser": 0.0,
      "EbN0dB": 8.75,
      "SNRdB": 5.325773191777937,
      "rate": 0.45454545454545453,
      "C": 2.140323870977865,
      "ShannonLimitdB": -0.889638154502117
}