{
      "T": 3.1105,
      "fer": 0.0,
      "nMSE": 3.1406809323423304e-09,
      "nMSEf": 7.435581111515387e-17,
      "nMSEm": 6.894213776451889e-18,
      "nMSEL": 2.975700759501618e-16,
      "ver": 0.0,
      "verf": 0.0,
      "verm": 0.0,
      "verL": 0.0,
      "ber": 0.0,
      "iber": 0.0,
      "sber": 0.0,
      "ier": 0.0,
      "ser": 0.0,
      "EbN0dB": 9.0,
      "SNRdB": 5.575773191777937,
      "rate": 0.45454545454545453,
      "C": 2.204949152454963,
      "ShannonLimitdB": -0.889638154502117
}