{
      "T": 3.0703,
      "fer": 0.0,
      "nMSE": 1.865417850572321e-11,
      "nMSEf": 3.771838449608943e-19,
      "nMSEm": 9.072564236081336e-21,
      "nMSEL": 6.947171462777723e-13,
      "ver": 0.0,
      "verf": 0.0,
      "verm": 0.0,
      "verL": 0.0,
      "ber": 0.0,
      "iber": 0.0,
      "sber": 0.0,
      "ier": 0.0,
      "ser": 0.0,
      "EbN0dB": 9.25,
      "SNRdB": 5.825773191777937,
      "rate": 0.45454545454545453,
      "C": 2.2703864213247997,
      "ShannonLimitdB": -0.889638154502117
}