{
      "T": 3.0407,
      "fer": 0.0,
      "nMSE": 1.325628235395096e-10,
      "nMSEf": 1.7812127678580488e-18,
      "nMSEm": 4.156767291899072e-21,
      "nMSEL": 7.453613330186188e-24,
      "ver": 0.0,
      "verf": 0.0,
      "verm": 0.0,
      "verL": 0.0,
      "ber": 0.0,
      "iber": 0.0,
      "sber": 0.0,
      "ier": 0.0,
      "ser": 0.0,
      "EbN0dB": 9.5,
      "SNRdB": 6.075773191777937,
      "rate": 0.45454545454545453,
      "C": 2.3366092081365277,
      "ShannonLimitdB": -0.889638154502117
}