{
      "T": 3.0284,
      "fer": 0.0,
      "nMSE": 1.0365378373153217e-12,
      "nMSEf": 4.5787605345079707e-23,
      "nMSEm": 3.350995476781212e-27,
      "nMSEL": 4.684210044155853e-25,
      "ver": 0.0,
      "verf": 0.0,
      "verm": 0.0,
      "verL": 0.0,
      "ber": 0.0,
      "iber": 0.0,
      "sber": 0.0,
      "ier": 0.0,
      "ser": 0.0,
      "EbN0dB": 9.75,
      "SNRdB": 6.325773191777937,
      "rate": 0.45454545454545453,
      "C": 2.403591079228363,
      "ShannonLimitdB": -0.889638154502117
}