{
      "T": 100.0,
      "fer": 1.0,
      "nMSE": 0.581289232635498,
      "nMSEf": 0.12392854942074402,
      "nMSEm": 0.7591185620443771,
      "nMSEL": 0.1466108975919658,
      "ver": 0.7892000000000005,
      "verf": 0.31,
      "verm": 0.97,
      "verL": 0.35,
      "ber": 0.240895,
      "iber": 0.24508749999999999,
      "sber": 0.22412500000000002,
      "ier": 0.45892499999999986,
      "ser": 0.22412500000000002,
      "EbN0dB": 10.0,
      "SNRdB": 16.19788758288394,
      "rate": 4.166666666666667,
      "C": 5.415037499278844,
      "ShannonLimitdB": 6.096215400993904
}