{
      "T": 96.37,
      "fer": 0.84,
      "nMSE": 0.4022300224304199,
      "nMSEf": 0.0311609413388062,
      "nMSEm": 0.5807098466058046,
      "nMSEL": 0.07560648741420929,
      "ver": 0.5484000000000003,
      "verf": 0.07,
      "verm": 0.76,
      "verL": 0.17,
      "ber": 0.16425500000000004,
      "iber": 0.16656249999999997,
      "sber": 0.15502500000000008,
      "ier": 0.312625,
      "ser": 0.15502500000000008,
      "EbN0dB": 11.0,
      "SNRdB": 17.19788758288394,
      "rate": 4.166666666666667,
      "C": 5.740259079728835,
      "ShannonLimitdB": 6.096215400993904
}