{
      "T": 93.89,
      "fer": 0.8,
      "nMSE": 0.34466079759597784,
      "nMSEf": 0.03583467343255381,
      "nMSEm": 0.4969538956055267,
      "nMSEL": 0.059630679611065274,
      "ver": 0.4516000000000002,
      "verf": 0.07,
      "verm": 0.62,
      "verL": 0.12,
      "ber": 0.13713499999999998,
      "iber": 0.13881875,
      "sber": 0.1304,
      "ier": 0.2609999999999999,
      "ser": 0.1304,
      "EbN0dB": 12.0,
      "SNRdB": 18.19788758288394,
      "rate": 4.166666666666667,
      "C": 6.066890338826853,
      "ShannonLimitdB": 6.096215400993904
}