{
      "T": 91.71,
      "fer": 0.77,
      "nMSE": 0.3476290247440339,
      "nMSEf": 0.061023577629702924,
      "nMSEm": 0.5328563280422354,
      "nMSEL": 0.034247335240912696,
      "ver": 0.42480000000000007,
      "verf": 0.09,
      "verm": 0.65,
      "verL": 0.05,
      "ber": 0.13332000000000002,
      "iber": 0.13460625000000007,
      "sber": 0.12817499999999998,
      "ier": 0.25097500000000006,
      "ser": 0.12817499999999998,
      "EbN0dB": 13.0,
      "SNRdB": 19.19788758288394,
      "rate": 4.166666666666667,
      "C": 6.394650122011396,
      "ShannonLimitdB": 6.096215400993904
}