{
      "T": 89.6,
      "fer": 0.77,
      "nMSE": 0.45491117959022526,
      "nMSEf": 0.14186626749113423,
      "nMSEm": 0.5913061856900361,
      "nMSEL": 0.15613148704171181,
      "ver": 0.502,
      "verf": 0.16,
      "verm": 0.67,
      "verL": 0.25,
      "ber": 0.16621,
      "iber": 0.16837499999999994,
      "sber": 0.15755,
      "ier": 0.3164250000000001,
      "ser": 0.15755,
      "EbN0dB": 14.0,
      "SNRdB": 20.19788758288394,
      "rate": 4.166666666666667,
      "C": 6.7233119204408345,
      "ShannonLimitdB": 6.096215400993904
}