{
      "T": 88.1,
      "fer": 0.78,
      "nMSE": 0.5650353332519531,
      "nMSEf": 0.24441371578647705,
      "nMSEm": 0.6960611042380332,
      "nMSEL": 0.2759066291153431,
      "ver": 0.5684,
      "verf": 0.33,
      "verm": 0.72,
      "verL": 0.3,
      "ber": 0.19924,
      "iber": 0.202225,
      "sber": 0.1873000000000001,
      "ier": 0.3779500000000002,
      "ser": 0.1873000000000001,
      "EbN0dB": 15.0,
      "SNRdB": 21.19788758288394,
      "rate": 4.166666666666667,
      "C": 7.052693776320081,
      "ShannonLimitdB": 6.096215400993904
}