{
      "T": 86.58,
      "fer": 0.77,
      "nMSE": NaN,
      "nMSEf": NaN,
      "nMSEm": NaN,
      "nMSEL": NaN,
      "ver": 0.6308000000000001,
      "verf": 0.44,
      "verm": 0.76,
      "verL": 0.39,
      "ber": 0.23834999999999998,
      "iber": 0.2404875,
      "sber": 0.22979999999999998,
      "ier": 0.45297500000000007,
      "ser": 0.22979999999999998,
      "EbN0dB": 16.0,
      "SNRdB": 22.19788758288394,
      "rate": 4.166666666666667,
      "C": 7.382649856361095,
      "ShannonLimitdB": 6.096215400993904
}