{
      "T": 91.8,
      "fer": 0.86,
      "nMSE": NaN,
      "nMSEf": NaN,
      "nMSEm": NaN,
      "nMSEL": NaN,
      "ver": 0.8036,
      "verf": 0.7,
      "verm": 0.86,
      "verL": 0.73,
      "ber": 0.3631850000000001,
      "iber": 0.3650812500000001,
      "sber": 0.3556,
      "ier": 0.6843250000000001,
      "ser": 0.3556,
      "EbN0dB": 17.0,
      "SNRdB": 23.19788758288394,
      "rate": 4.166666666666667,
      "C": 7.713063493892065,
      "ShannonLimitdB": 6.096215400993904
}