{
      "T": 96.21,
      "fer": 0.94,
      "nMSE": NaN,
      "nMSEf": NaN,
      "nMSEm": NaN,
      "nMSEL": NaN,
      "ver": 0.9271999999999998,
      "verf": 0.89,
      "verm": 0.94,
      "verL": 0.92,
      "ber": 0.4526850000000001,
      "iber": 0.45274999999999993,
      "sber": 0.452425,
      "ier": 0.8489500000000001,
      "ser": 0.452425,
      "EbN0dB": 18.0,
      "SNRdB": 24.19788758288394,
      "rate": 4.166666666666667,
      "C": 8.04384149156735,
      "ShannonLimitdB": 6.096215400993904
}