{
      "T": 100.0,
      "fer": 1.0,
      "nMSE": NaN,
      "nMSEf": NaN,
      "nMSEm": NaN,
      "nMSEL": NaN,
      "ver": 1.0,
      "verf": 1.0,
      "verm": 1.0,
      "verL": 1.0,
      "ber": 0.49889999999999995,
      "iber": 0.49864999999999987,
      "sber": 0.4998999999999999,
      "ier": 0.9357999999999995,
      "ser": 0.4998999999999999,
      "EbN0dB": 23.0,
      "SNRdB": 29.19788758288394,
      "rate": 4.166666666666667,
      "C": 9.701062609259104,
      "ShannonLimitdB": 6.096215400993904
}