{
      "T": 100.0,
      "fer": 1.0,
      "nMSE": NaN,
      "nMSEf": NaN,
      "nMSEm": NaN,
      "nMSEL": NaN,
      "ver": 1.0,
      "verf": 1.0,
      "verm": 1.0,
      "verL": 1.0,
      "ber": 0.501225,
      "iber": 0.5022062499999999,
      "sber": 0.49729999999999985,
      "ier": 0.939275,
      "ser": 0.49729999999999985,
      "EbN0dB": 24.0,
      "SNRdB": 30.19788758288394,
      "rate": 4.166666666666667,
      "C": 10.03289889206302,
      "ShannonLimitdB": 6.096215400993904
}