{
      "T": 100.0,
      "fer": 1.0,
      "nMSE": NaN,
      "nMSEf": NaN,
      "nMSEm": NaN,
      "nMSEL": NaN,
      "ver": 1.0,
      "verf": 1.0,
      "verm": 1.0,
      "verL": 1.0,
      "ber": 0.4996099999999999,
      "iber": 0.4987562499999999,
      "sber": 0.503025,
      "ier": 0.937,
      "ser": 0.503025,
      "EbN0dB": 27.0,
      "SNRdB": 33.197887582883936,
      "rate": 4.166666666666667,
      "C": 11.028790233101528,
      "ShannonLimitdB": 6.096215400993904
}