{
      "T": 93.54,
      "fer": 1.0,
      "nMSE": 0.742158166503906,
      "nMSEf": 0.35091271048884054,
      "nMSEm": 0.8322944712638854,
      "nMSEL": 0.3297902679328619,
      "ver": 0.9819999999999999,
      "verf": 0.86,
      "verm": 1.0,
      "verL": 0.8,
      "ber": 0.3145049999999999,
      "iber": 0.31852500000000006,
      "sber": 0.298425,
      "ier": 0.5985750000000001,
      "ser": 0.298425,
      "EbN0dB": 7.0,
      "SNRdB": 13.19788758288394,
      "rate": 4.166666666666667,
      "C": 4.451725536345913,
      "ShannonLimitdB": 6.096215400993904
}