{
      "T": 99.4,
      "fer": 1.0,
      "nMSE": 0.7200032852172852,
      "nMSEf": 0.2736766825049407,
      "nMSEm": 0.8199020528793335,
      "nMSEL": 0.3155127112722252,
      "ver": 0.9567999999999997,
      "verf": 0.63,
      "verm": 1.0,
      "verL": 0.7,
      "ber": 0.30304500000000006,
      "iber": 0.30665624999999996,
      "sber": 0.28859999999999997,
      "ier": 0.5770249999999999,
      "ser": 0.28859999999999997,
      "EbN0dB": 8.0,
      "SNRdB": 14.19788758288394,
      "rate": 4.166666666666667,
      "C": 4.7702946401146855,
      "ShannonLimitdB": 6.096215400993904
}