{
      "T": 100.0,
      "fer": 1.0,
      "nMSE": 0.6697891368865969,
      "nMSEf": 0.2005660666306867,
      "nMSEm": 0.8304475688934326,
      "nMSEL": 0.18842302051536863,
      "ver": 0.9015999999999997,
      "verf": 0.46,
      "verm": 1.0,
      "verL": 0.48,
      "ber": 0.2823949999999999,
      "iber": 0.2854500000000001,
      "sber": 0.2701750000000001,
      "ier": 0.53545,
      "ser": 0.2701750000000001,
      "EbN0dB": 9.0,
      "SNRdB": 15.19788758288394,
      "rate": 4.166666666666667,
      "C": 5.091573319049874,
      "ShannonLimitdB": 6.096215400993904
}