{
      "T": 100.831,
      "fer": 1.0,
      "nMSE": 0.7723756828943885,
      "nMSEf": 0.34202567256984695,
      "nMSEm": 0.8484667771021521,
      "nMSEL": 0.3353087211077348,
      "ver": 0.99859375,
      "verf": 0.98,
      "verm": 1.0,
      "verL": 0.983,
      "ber": 0.3200502976190478,
      "iber": 0.32174895833333317,
      "sber": 0.3158036458333335,
      "ier": 0.6233593750000005,
      "ser": 0.4765718750000003,
      "EbN0dB": 4.0,
      "SNRdB": 9.032926933143388,
      "rate": 3.186344238975818,
      "C": 3.170523573252284,
      "ShannonLimitdB": 4.053538754859755
}