{
      "T": 153.917,
      "fer": 1.0,
      "nMSE": 0.754024177614847,
      "nMSEf": 0.27796874462228005,
      "nMSEm": 0.8439427922566725,
      "nMSEL": 0.26888000007738067,
      "ver": 0.99459375,
      "verf": 0.925,
      "verm": 1.0,
      "verL": 0.933,
      "ber": 0.31165446428571436,
      "iber": 0.31317208333333285,
      "sber": 0.30786041666666664,
      "ier": 0.6067562499999999,
      "ser": 0.46444166666666614,
      "EbN0dB": 4.5,
      "SNRdB": 9.532926933143388,
      "rate": 3.186344238975818,
      "C": 3.3190887068106787,
      "ShannonLimitdB": 4.053538754859755
}