{
      "T": 196.451,
      "fer": 1.0,
      "nMSE": 0.7177413371404018,
      "nMSEf": 0.17953548184534018,
      "nMSEm": 0.8372686825434366,
      "nMSEL": 0.18301721069937626,
      "ver": 0.97390625,
      "verf": 0.776,
      "verm": 1.0,
      "verL": 0.771,
      "ber": 0.2949102678571425,
      "iber": 0.29607208333333335,
      "sber": 0.2920057291666666,
      "ier": 0.5742833333333333,
      "ser": 0.4400645833333336,
      "EbN0dB": 5.0,
      "SNRdB": 10.032926933143388,
      "rate": 3.186344238975818,
      "C": 3.4693787569657375,
      "ShannonLimitdB": 4.053538754859755
}