{
      "T": 199.971,
      "fer": 0.999,
      "nMSE": 0.6463927392650661,
      "nMSEf": 0.09108369034974939,
      "nMSEm": 0.8344913897355395,
      "nMSEL": 0.09428685055502747,
      "ver": 0.90425,
      "verf": 0.49,
      "verm": 0.999,
      "verL": 0.474,
      "ber": 0.2641395833333335,
      "iber": 0.2653775000000001,
      "sber": 0.26104479166666633,
      "ier": 0.5141906249999999,
      "ser": 0.3936406249999998,
      "EbN0dB": 5.5,
      "SNRdB": 10.532926933143388,
      "rate": 3.186344238975818,
      "C": 3.621240282474674,
      "ShannonLimitdB": 4.053538754859755
}