{
      "T": 190.658,
      "fer": 0.873,
      "nMSE": 0.4414184912228639,
      "nMSEf": 0.03670044032116375,
      "nMSEm": 0.6616641266841071,
      "nMSEL": 0.03844417912286105,
      "ver": 0.646375,
      "verf": 0.194,
      "verm": 0.837,
      "verL": 0.216,
      "ber": 0.1783747023809524,
      "iber": 0.1791166666666668,
      "sber": 0.17651979166666665,
      "ier": 0.34720416666666637,
      "ser": 0.26615312499999993,
      "EbN0dB": 6.0,
      "SNRdB": 11.032926933143388,
      "rate": 3.186344238975818,
      "C": 3.7745303707928852,
      "ShannonLimitdB": 4.053538754859755
}