{
      "T": 118.237,
      "fer": 0.275,
      "nMSE": 0.11377921545798675,
      "nMSEf": 0.007888513883226728,
      "nMSEm": 0.18065311729520753,
      "nMSEL": 0.007379279888830532,
      "ver": 0.1700625,
      "verf": 0.04,
      "verm": 0.245,
      "verL": 0.036,
      "ber": 0.045502529761904775,
      "iber": 0.04572458333333333,
      "sber": 0.04494739583333337,
      "ier": 0.08846979166666662,
      "ser": 0.06769270833333335,
      "EbN0dB": 6.5,
      "SNRdB": 11.532926933143388,
      "rate": 3.186344238975818,
      "C": 3.9291165320867436,
      "ShannonLimitdB": 4.053538754859755
}