{
      "T": 59.9288,
      "fer": 0.0207,
      "nMSE": 0.007876774517068976,
      "nMSEf": 0.0005132356138978677,
      "nMSEm": 0.013163360102642945,
      "nMSEL": 0.00031449638431812853,
      "ver": 0.011725,
      "verf": 0.0027,
      "verm": 0.0184,
      "verL": 0.0018,
      "ber": 0.003134672619047617,
      "iber": 0.0031491874999999966,
      "sber": 0.0030983854166666673,
      "ier": 0.006098124999999997,
      "ser": 0.0046709375,
      "EbN0dB": 7.0,
      "SNRdB": 12.032926933143388,
      "rate": 3.186344238975818,
      "C": 4.084876449110969,
      "ShannonLimitdB": 4.053538754859755
}