{
      "T": 48.6327,
      "fer": 0.0044,
      "nMSE": 0.0016607009502626238,
      "nMSEf": 0.00012080308448044812,
      "nMSEm": 0.0028208739886156193,
      "nMSEL": 8.477757784611531e-05,
      "ver": 0.0024125,
      "verf": 0.0006,
      "verm": 0.0039,
      "verL": 0.0005,
      "ber": 0.000653735119047619,
      "iber": 0.0006552708333333334,
      "sber": 0.0006498958333333335,
      "ier": 0.0012763541666666665,
      "ser": 0.0009772916666666667,
      "EbN0dB": 7.25,
      "SNRdB": 12.282926933143388,
      "rate": 3.186344238975818,
      "C": 4.163161036459544,
      "ShannonLimitdB": 4.053538754859755
}