{
      "T": 42.2738,
      "fer": 0.0007,
      "nMSE": 0.00015700484934715687,
      "nMSEf": 7.590698600401126e-11,
      "nMSEm": 0.00024358607316028649,
      "nMSEL": 2.5712569586832293e-06,
      "ver": 0.000240625,
      "verf": 0.0,
      "verm": 0.0003,
      "verL": 0.0001,
      "ber": 6.0416666666666674e-05,
      "iber": 6.0187500000000006e-05,
      "sber": 6.098958333333333e-05,
      "ier": 0.000116875,
      "ser": 9.052083333333334e-05,
      "EbN0dB": 7.5,
      "SNRdB": 12.532926933143388,
      "rate": 3.186344238975818,
      "C": 4.241697616486897,
      "ShannonLimitdB": 4.053538754859755
}