{
      "T": 93.08,
      "fer": 1.0,
      "nMSE": 0.6855534965991975,
      "nMSEf": 0.38814859183998257,
      "nMSEm": 0.8287632197141648,
      "nMSEL": 0.45291976849729615,
      "ver": 0.9040000000000002,
      "verf": 0.66,
      "verm": 1.0,
      "verL": 0.72,
      "ber": 0.2882,
      "iber": 0.291671875,
      "sber": 0.2743125,
      "ier": 0.5448750000000001,
      "ser": 0.2743125,
      "EbN0dB": 10.0,
      "SNRdB": 16.19788758288394,
      "rate": 4.166666666666667,
      "C": 5.415037499278844,
      "ShannonLimitdB": 6.096215400993904
}