{
      "T": 95.83,
      "fer": 1.0,
      "nMSE": 0.6568132731914521,
      "nMSEf": 0.3417463567853105,
      "nMSEm": 0.7992383098602295,
      "nMSEL": 0.3553394534205485,
      "ver": 0.8590000000000002,
      "verf": 0.58,
      "verm": 0.99,
      "verL": 0.56,
      "ber": 0.27331249999999996,
      "iber": 0.27753125000000006,
      "sber": 0.2564375,
      "ier": 0.5198749999999999,
      "ser": 0.2564375,
      "EbN0dB": 11.0,
      "SNRdB": 17.19788758288394,
      "rate": 4.166666666666667,
      "C": 5.740259079728835,
      "ShannonLimitdB": 6.096215400993904
}