{
      "T": 97.35,
      "fer": 1.0,
      "nMSE": 0.6483190236091615,
      "nMSEf": 0.3797735784947872,
      "nMSEm": 0.8008511817455292,
      "nMSEL": 0.35492698192596434,
      "ver": 0.84,
      "verf": 0.58,
      "verm": 0.99,
      "verL": 0.52,
      "ber": 0.26718750000000013,
      "iber": 0.27057812500000017,
      "sber": 0.25362499999999993,
      "ier": 0.5098124999999998,
      "ser": 0.25362499999999993,
      "EbN0dB": 12.0,
      "SNRdB": 18.19788758288394,
      "rate": 4.166666666666667,
      "C": 6.066890338826853,
      "ShannonLimitdB": 6.096215400993904
}