{
      "T": 96.87,
      "fer": 0.99,
      "nMSE": 0.6364076828956603,
      "nMSEf": 0.3161203584074974,
      "nMSEm": 0.7957026401162147,
      "nMSEL": 0.39307940304279326,
      "ver": 0.8159999999999998,
      "verf": 0.5,
      "verm": 0.98,
      "verL": 0.52,
      "ber": 0.26076250000000006,
      "iber": 0.265140625,
      "sber": 0.24325000000000008,
      "ier": 0.49737500000000023,
      "ser": 0.24325000000000008,
      "EbN0dB": 13.0,
      "SNRdB": 19.19788758288394,
      "rate": 4.166666666666667,
      "C": 6.394650122011396,
      "ShannonLimitdB": 6.096215400993904
}