{
      "T": 95.83,
      "fer": 1.0,
      "nMSE": NaN,
      "nMSEf": NaN,
      "nMSEm": NaN,
      "nMSEL": NaN,
      "ver": 0.8389999999999996,
      "verf": 0.57,
      "verm": 1.0,
      "verL": 0.59,
      "ber": 0.26915,
      "iber": 0.2727812500000001,
      "sber": 0.25462500000000005,
      "ier": 0.5138750000000001,
      "ser": 0.25462500000000005,
      "EbN0dB": 14.0,
      "SNRdB": 20.19788758288394,
      "rate": 4.166666666666667,
      "C": 6.7233119204408345,
      "ShannonLimitdB": 6.096215400993904
}