{
      "T": 97.34,
      "fer": 0.99,
      "nMSE": NaN,
      "nMSEf": NaN,
      "nMSEm": NaN,
      "nMSEL": NaN,
      "ver": 0.8059999999999998,
      "verf": 0.53,
      "verm": 0.96,
      "verL": 0.57,
      "ber": 0.2808375000000001,
      "iber": 0.28303125000000007,
      "sber": 0.2720625,
      "ier": 0.534125,
      "ser": 0.2720625,
      "EbN0dB": 15.0,
      "SNRdB": 21.19788758288394,
      "rate": 4.166666666666667,
      "C": 7.052693776320081,
      "ShannonLimitdB": 6.096215400993904
}