{
      "T": 98.5,
      "fer": 0.98,
      "nMSE": NaN,
      "nMSEf": NaN,
      "nMSEm": NaN,
      "nMSEL": NaN,
      "ver": 0.8649999999999999,
      "verf": 0.66,
      "verm": 0.97,
      "verL": 0.68,
      "ber": 0.34142499999999987,
      "iber": 0.3441406249999999,
      "sber": 0.33056249999999987,
      "ier": 0.6465,
      "ser": 0.33056249999999987,
      "EbN0dB": 17.0,
      "SNRdB": 23.19788758288394,
      "rate": 4.166666666666667,
      "C": 7.713063493892065,
      "ShannonLimitdB": 6.096215400993904
}