{
      "T": 98.23,
      "fer": 0.98,
      "nMSE": NaN,
      "nMSEf": NaN,
      "nMSEm": NaN,
      "nMSEL": NaN,
      "ver": 0.8929999999999998,
      "verf": 0.72,
      "verm": 0.97,
      "verL": 0.75,
      "ber": 0.3815625,
      "iber": 0.38400000000000006,
      "sber": 0.3718125000000002,
      "ier": 0.7210000000000001,
      "ser": 0.3718125000000002,
      "EbN0dB": 18.0,
      "SNRdB": 24.19788758288394,
      "rate": 4.166666666666667,
      "C": 8.04384149156735,
      "ShannonLimitdB": 6.096215400993904
}