{
      "T": 97.84,
      "fer": 1.0,
      "nMSE": NaN,
      "nMSEf": NaN,
      "nMSEm": NaN,
      "nMSEL": NaN,
      "ver": 0.9630000000000003,
      "verf": 0.83,
      "verm": 1.0,
      "verL": 0.87,
      "ber": 0.4326625000000001,
      "iber": 0.43457812499999987,
      "sber": 0.42499999999999977,
      "ier": 0.8129375,
      "ser": 0.42499999999999977,
      "EbN0dB": 19.0,
      "SNRdB": 25.19788758288394,
      "rate": 4.166666666666667,
      "C": 8.374909486479678,
      "ShannonLimitdB": 6.096215400993904
}