{
      "T": 99.4,
      "fer": 1.0,
      "nMSE": NaN,
      "nMSEf": NaN,
      "nMSEm": NaN,
      "nMSEL": NaN,
      "ver": 0.973,
      "verf": 0.88,
      "verm": 1.0,
      "verL": 0.89,
      "ber": 0.45506249999999965,
      "iber": 0.45534375000000005,
      "sber": 0.4539375000000001,
      "ier": 0.8578125000000001,
      "ser": 0.4539375000000001,
      "EbN0dB": 20.0,
      "SNRdB": 26.19788758288394,
      "rate": 4.166666666666667,
      "C": 8.706208198600704,
      "ShannonLimitdB": 6.096215400993904
}