{
      "T": 99.61,
      "fer": 1.0,
      "nMSE": NaN,
      "nMSEf": NaN,
      "nMSEm": NaN,
      "nMSEL": NaN,
      "ver": 0.9869999999999999,
      "verf": 0.94,
      "verm": 1.0,
      "verL": 0.93,
      "ber": 0.46588749999999984,
      "iber": 0.46715624999999994,
      "sber": 0.46081249999999996,
      "ier": 0.8717500000000002,
      "ser": 0.46081249999999996,
      "EbN0dB": 21.0,
      "SNRdB": 27.19788758288394,
      "rate": 4.166666666666667,
      "C": 9.037690406212704,
      "ShannonLimitdB": 6.096215400993904
}