{
      "T": 100.0,
      "fer": 1.0,
      "nMSE": NaN,
      "nMSEf": NaN,
      "nMSEm": NaN,
      "nMSEL": NaN,
      "ver": 0.9850000000000003,
      "verf": 0.94,
      "verm": 1.0,
      "verL": 0.91,
      "ber": 0.4646749999999998,
      "iber": 0.4644218750000001,
      "sber": 0.4656874999999999,
      "ier": 0.8725625000000004,
      "ser": 0.4656874999999999,
      "EbN0dB": 22.0,
      "SNRdB": 28.19788758288394,
      "rate": 4.166666666666667,
      "C": 9.36931851503025,
      "ShannonLimitdB": 6.096215400993904
}