{
      "T": 99.85,
      "fer": 1.0,
      "nMSE": NaN,
      "nMSEf": NaN,
      "nMSEm": NaN,
      "nMSEL": NaN,
      "ver": 0.9870000000000002,
      "verf": 0.95,
      "verm": 1.0,
      "verL": 0.92,
      "ber": 0.47123749999999964,
      "iber": 0.47285937499999997,
      "sber": 0.4647500000000001,
      "ier": 0.8838124999999998,
      "ser": 0.4647500000000001,
      "EbN0dB": 23.0,
      "SNRdB": 29.19788758288394,
      "rate": 4.166666666666667,
      "C": 9.701062609259104,
      "ShannonLimitdB": 6.096215400993904
}