{
      "T": 100.0,
      "fer": 1.0,
      "nMSE": NaN,
      "nMSEf": NaN,
      "nMSEm": NaN,
      "nMSEL": NaN,
      "ver": 1.0,
      "verf": 1.0,
      "verm": 1.0,
      "verL": 1.0,
      "ber": 0.49278750000000004,
      "iber": 0.49123437499999995,
      "sber": 0.49900000000000005,
      "ier": 0.9267500000000004,
      "ser": 0.49900000000000005,
      "EbN0dB": 24.0,
      "SNRdB": 30.19788758288394,
      "rate": 4.166666666666667,
      "C": 10.03289889206302,
      "ShannonLimitdB": 6.096215400993904
}