{
      "T": 100.0,
      "fer": 1.0,
      "nMSE": NaN,
      "nMSEf": NaN,
      "nMSEm": NaN,
      "nMSEL": NaN,
      "ver": 1.0,
      "verf": 1.0,
      "verm": 1.0,
      "verL": 1.0,
      "ber": 0.4923874999999998,
      "iber": 0.493171875,
      "sber": 0.48925,
      "ier": 0.9236874999999999,
      "ser": 0.48925,
      "EbN0dB": 26.0,
      "SNRdB": 32.197887582883936,
      "rate": 4.166666666666667,
      "C": 10.696776206369186,
      "ShannonLimitdB": 6.096215400993904
}