{
      "T": 77.5,
      "fer": 1.0,
      "nMSE": 0.7476576519012452,
      "nMSEf": 0.5374523710801332,
      "nMSEm": 0.8131510549783707,
      "nMSEL": 0.5422083882798211,
      "ver": 0.98,
      "verf": 0.9,
      "verm": 1.0,
      "verL": 0.92,
      "ber": 0.31963749999999996,
      "iber": 0.3225156249999999,
      "sber": 0.3081250000000001,
      "ier": 0.603875,
      "ser": 0.3081250000000001,
      "EbN0dB": 7.0,
      "SNRdB": 13.19788758288394,
      "rate": 4.166666666666667,
      "C": 4.451725536345913,
      "ShannonLimitdB": 6.096215400993904
}