{
      "T": 81.69,
      "fer": 1.0,
      "nMSE": 0.7346291060447696,
      "nMSEf": 0.48976762932843393,
      "nMSEm": 0.8235209310054779,
      "nMSEL": 0.490761062201889,
      "ver": 0.9620000000000002,
      "verf": 0.81,
      "verm": 1.0,
      "verL": 0.84,
      "ber": 0.31123750000000006,
      "iber": 0.315421875,
      "sber": 0.2945,
      "ier": 0.5901875,
      "ser": 0.2945,
      "EbN0dB": 8.0,
      "SNRdB": 14.19788758288394,
      "rate": 4.166666666666667,
      "C": 4.7702946401146855,
      "ShannonLimitdB": 6.096215400993904
}