{
      "T": 86.82,
      "fer": 1.0,
      "nMSE": 0.7107499246597294,
      "nMSEf": 0.44359423631355194,
      "nMSEm": 0.8191816878318786,
      "nMSEL": 0.46639998025576196,
      "ver": 0.9400000000000002,
      "verf": 0.7,
      "verm": 1.0,
      "verL": 0.8,
      "ber": 0.2992999999999999,
      "iber": 0.30340624999999993,
      "sber": 0.28287500000000027,
      "ier": 0.565875,
      "ser": 0.28287500000000027,
      "EbN0dB": 9.0,
      "SNRdB": 15.19788758288394,
      "rate": 4.166666666666667,
      "C": 5.091573319049874,
      "ShannonLimitdB": 6.096215400993904
}