{
      "T": 82.26,
      "fer": 1.0,
      "nMSE": 0.42197768002748487,
      "nMSEf": 0.2880261269984294,
      "nMSEm": 0.4416269499043119,
      "nMSEL": 0.26077675519940385,
      "ver": 0.8846875,
      "verf": 0.76,
      "verm": 0.91,
      "verL": 0.74,
      "ber": 0.1534244791666667,
      "iber": 0.15389062499999998,
      "sber": 0.15109375,
      "ier": 0.299140625,
      "ser": 0.15109375,
      "EbN0dB": 1.0,
      "SNRdB": 2.497623203333321,
      "rate": 1.411764705882353,
      "C": 1.4736863810743386,
      "ShannonLimitdB": 0.705090203367376
}