{
      "T": 99.59,
      "fer": 1.0,
      "nMSE": 0.21024945549666882,
      "nMSEf": 0.10352101146906163,
      "nMSEm": 0.21778877732997784,
      "nMSEL": 0.15043467159852386,
      "ver": 0.5784375,
      "verf": 0.42,
      "verm": 0.65,
      "verL": 0.44,
      "ber": 0.07240234374999999,
      "iber": 0.0725390625,
      "sber": 0.07171875,
      "ier": 0.1416015625,
      "ser": 0.07171875,
      "EbN0dB": 2.0,
      "SNRdB": 3.497623203333321,
      "rate": 1.411764705882353,
      "C": 1.6948785313972243,
      "ShannonLimitdB": 0.705090203367376
}