{
      "T": 96.25,
      "fer": 1.0,
      "nMSE": 0.04751190857030451,
      "nMSEf": 0.05636410705917208,
      "nMSEm": 0.05657508088076647,
      "nMSEL": 0.05551038763480394,
      "ver": 0.174375,
      "verf": 0.19,
      "verm": 0.18,
      "verL": 0.21,
      "ber": 0.015540364583333337,
      "iber": 0.015562499999999996,
      "sber": 0.0154296875,
      "ier": 0.0298046875,
      "ser": 0.0154296875,
      "EbN0dB": 3.0,
      "SNRdB": 4.497623203333321,
      "rate": 1.411764705882353,
      "C": 1.9323790567230952,
      "ShannonLimitdB": 0.705090203367376
}