{
      "T": 77.41,
      "fer": 0.68,
      "nMSE": 0.009988461660705071,
      "nMSEf": 0.011328621999162236,
      "nMSEm": 0.0064047476645685995,
      "nMSEL": 0.01383479876818197,
      "ver": 0.0403125,
      "verf": 0.04,
      "verm": 0.02,
      "verL": 0.05,
      "ber": 0.0028059895833333326,
      "iber": 0.0028671874999999995,
      "sber": 0.0025,
      "ier": 0.005546875,
      "ser": 0.0025,
      "EbN0dB": 4.0,
      "SNRdB": 5.497623203333321,
      "rate": 1.411764705882353,
      "C": 2.1846588083169443,
      "ShannonLimitdB": 0.705090203367376
}