{
      "T": 37.5028,
      "fer": 0.2112,
      "nMSE": 0.0017939943132538137,
      "nMSEf": 0.0018805475858989279,
      "nMSEm": 0.0015853011177868772,
      "nMSEL": 0.0017609728907496973,
      "ver": 0.007746875,
      "verf": 0.0083,
      "verm": 0.0065,
      "verL": 0.0075,
      "ber": 0.0005104166666666668,
      "iber": 0.0005124218750000012,
      "sber": 0.000500390625,
      "ier": 0.001005078125,
      "ser": 0.000500390625,
      "EbN0dB": 5.0,
      "SNRdB": 6.497623203333321,
      "rate": 1.411764705882353,
      "C": 2.450060979772978,
      "ShannonLimitdB": 0.705090203367376
}