{
      "T": 28.7351,
      "fer": 0.148,
      "nMSE": 0.0012049603513048551,
      "nMSEf": 0.001399447743699151,
      "nMSEm": 0.0011005008868900895,
      "nMSEL": 0.0014036617284389236,
      "ver": 0.005153125,
      "verf": 0.006,
      "verm": 0.0049,
      "verL": 0.0059,
      "ber": 0.0003456380208333336,
      "iber": 0.0003496093750000001,
      "sber": 0.00032578125,
      "ier": 0.000668359375,
      "ser": 0.00032578125,
      "EbN0dB": 5.25,
      "SNRdB": 6.747623203333321,
      "rate": 1.411764705882353,
      "C": 2.518264160534849,
      "ShannonLimitdB": 0.705090203367376
}