{
      "T": 21.4928,
      "fer": 0.1039,
      "nMSE": 0.0008131056898598327,
      "nMSEf": 0.0009191729229412472,
      "nMSEm": 0.0008638686643967185,
      "nMSEL": 0.000737782353624539,
      "ver": 0.003509375,
      "verf": 0.0039,
      "verm": 0.0036,
      "verL": 0.0031,
      "ber": 0.00022988281249999986,
      "iber": 0.00023257812499999998,
      "sber": 0.00021640625,
      "ier": 0.00044921875,
      "ser": 0.00021640625,
      "EbN0dB": 5.5,
      "SNRdB": 6.997623203333321,
      "rate": 1.411764705882353,
      "C": 2.5871561813529027,
      "ShannonLimitdB": 0.705090203367376
}