{
      "T": 15.961,
      "fer": 0.0711,
      "nMSE": 0.0005493806396124849,
      "nMSEf": 0.0006599985474213225,
      "nMSEm": 0.0005208866721926102,
      "nMSEL": 0.0003404211288304873,
      "ver": 0.002328125,
      "verf": 0.0031,
      "verm": 0.0023,
      "verL": 0.0013,
      "ber": 0.0001557942708333335,
      "iber": 0.0001576562500000002,
      "sber": 0.000146484375,
      "ier": 0.000298046875,
      "ser": 0.000146484375,
      "EbN0dB": 5.75,
      "SNRdB": 7.247623203333321,
      "rate": 1.411764705882353,
      "C": 2.656711403096159,
      "ShannonLimitdB": 0.705090203367376
}