{
      "T": 12.4694,
      "fer": 0.039,
      "nMSE": 0.00030071301047076117,
      "nMSEf": 0.00046867745846772887,
      "nMSEm": 0.0002498001829051357,
      "nMSEL": 0.0003353234893309948,
      "ver": 0.00128125,
      "verf": 0.0021,
      "verm": 0.0011,
      "verL": 0.0014,
      "ber": 8.320312499999992e-05,
      "iber": 8.359374999999994e-05,
      "sber": 8.125e-05,
      "ier": 0.000163671875,
      "ser": 8.125e-05,
      "EbN0dB": 6.0,
      "SNRdB": 7.497623203333321,
      "rate": 1.411764705882353,
      "C": 2.7269045540829655,
      "ShannonLimitdB": 0.705090203367376
}