{
      "T": 10.3364,
      "fer": 0.0246,
      "nMSE": 0.00019693837970528953,
      "nMSEf": 0.0001117645737634297,
      "nMSEm": 0.00013965375045149595,
      "nMSEL": 0.00023931385986738522,
      "ver": 0.0008125,
      "verf": 0.0004,
      "verm": 0.0006,
      "verL": 0.001,
      "ber": 5.514322916666662e-05,
      "iber": 5.531249999999999e-05,
      "sber": 5.4296875e-05,
      "ier": 0.000105078125,
      "ser": 5.4296875e-05,
      "EbN0dB": 6.25,
      "SNRdB": 7.747623203333321,
      "rate": 1.411764705882353,
      "C": 2.797710783115185,
      "ShannonLimitdB": 0.705090203367376
}