{
      "T": 8.28,
      "fer": 0.0159,
      "nMSE": 0.00012572617165721462,
      "nMSEf": 0.00012888891714196818,
      "nMSEm": 0.00022495830310707303,
      "nMSEL": 0.00017139227516978851,
      "ver": 0.00050625,
      "verf": 0.0005,
      "verm": 0.0009,
      "verL": 0.0007,
      "ber": 3.359374999999999e-05,
      "iber": 3.3125000000000006e-05,
      "sber": 3.59375e-05,
      "ier": 6.484375e-05,
      "ser": 3.59375e-05,
      "EbN0dB": 6.5,
      "SNRdB": 7.997623203333321,
      "rate": 1.411764705882353,
      "C": 2.869105706455634,
      "ShannonLimitdB": 0.705090203367376
}