{
      "T": 7.4689,
      "fer": 0.0113,
      "nMSE": 8.971406494980517e-05,
      "nMSEf": 0.00014100670493638978,
      "nMSEm": 9.966755701900962e-05,
      "nMSEL": 0.00013396191673316894,
      "ver": 0.000365625,
      "verf": 0.0006,
      "verm": 0.0004,
      "verL": 0.0005,
      "ber": 2.2721354166666668e-05,
      "iber": 2.3125000000000003e-05,
      "sber": 2.0703125e-05,
      "ier": 4.7265625e-05,
      "ser": 2.0703125e-05,
      "EbN0dB": 6.75,
      "SNRdB": 8.24762320333332,
      "rate": 1.411764705882353,
      "C": 2.941065448934189,
      "ShannonLimitdB": 0.705090203367376
}