{
      "T": 6.7296,
      "fer": 0.0072,
      "nMSE": 5.4728542364406264e-05,
      "nMSEf": 4.9945425679869667e-05,
      "nMSEm": 0.00010396376421537148,
      "nMSEL": 2.502668689838854e-05,
      "ver": 0.000228125,
      "verf": 0.0002,
      "verm": 0.0004,
      "verL": 0.0001,
      "ber": 1.4192708333333334e-05,
      "iber": 1.4374999999999995e-05,
      "sber": 1.328125e-05,
      "ier": 2.8515625e-05,
      "ser": 1.328125e-05,
      "EbN0dB": 7.0,
      "SNRdB": 8.49762320333332,
      "rate": 1.411764705882353,
      "C": 3.013566679409168,
      "ShannonLimitdB": 0.705090203367376
}