{
      "T": 6.2467,
      "fer": 0.0042,
      "nMSE": 3.194713944462004e-05,
      "nMSEf": 2.4998797530357415e-05,
      "nMSEm": 3.4184232230021736e-10,
      "nMSEL": 8.203211189186259e-05,
      "ver": 0.000134375,
      "verf": 0.0001,
      "verm": 0.0,
      "verL": 0.0004,
      "ber": 8.268229166666666e-06,
      "iber": 8.593749999999997e-06,
      "sber": 6.640625e-06,
      "ier": 1.6796875e-05,
      "ser": 6.640625e-06,
      "EbN0dB": 7.25,
      "SNRdB": 8.74762320333332,
      "rate": 1.411764705882353,
      "C": 3.0865866408438802,
      "ShannonLimitdB": 0.705090203367376
}