{
      "T": 6.0381,
      "fer": 0.0036,
      "nMSE": 2.7066094968185867e-05,
      "nMSEf": 4.985469538978987e-05,
      "nMSEm": 8.916536464676735e-05,
      "nMSEL": 2.4999942511289696e-05,
      "ver": 0.0001125,
      "verf": 0.0002,
      "verm": 0.0004,
      "verL": 0.0001,
      "ber": 7.031249999999999e-06,
      "iber": 7.031249999999999e-06,
      "sber": 7.03125e-06,
      "ier": 1.40625e-05,
      "ser": 7.03125e-06,
      "EbN0dB": 7.5,
      "SNRdB": 8.99762320333332,
      "rate": 1.411764705882353,
      "C": 3.160103175284159,
      "ShannonLimitdB": 0.705090203367376
}