{
      "T": 5.8147,
      "fer": 0.0023,
      "nMSE": 1.7955840339708233e-05,
      "nMSEf": 2.4914236656453964e-05,
      "nMSEm": 2.4990788631992368e-05,
      "nMSEL": 4.98810021285601e-05,
      "ver": 7.1875e-05,
      "verf": 0.0001,
      "verm": 0.0001,
      "verL": 0.0002,
      "ber": 4.6875e-06,
      "iber": 5.078125e-06,
      "sber": 2.734375e-06,
      "ier": 8.984375e-06,
      "ser": 2.734375e-06,
      "EbN0dB": 7.75,
      "SNRdB": 9.24762320333332,
      "rate": 1.411764705882353,
      "C": 3.2340947440417667,
      "ShannonLimitdB": 0.705090203367376
}