{
      "T": 5.6605,
      "fer": 0.0008,
      "nMSE": 6.2447027667472844e-06,
      "nMSEf": 8.167240107677496e-16,
      "nMSEm": 2.4978713691314262e-05,
      "nMSEL": 4.198273949160753e-18,
      "ver": 2.5e-05,
      "verf": 0.0,
      "verm": 0.0001,
      "verL": 0.0,
      "ber": 1.8229166666666664e-06,
      "iber": 1.71875e-06,
      "sber": 2.34375e-06,
      "ier": 3.125e-06,
      "ser": 2.34375e-06,
      "EbN0dB": 8.0,
      "SNRdB": 9.49762320333332,
      "rate": 1.411764705882353,
      "C": 3.308540443401378,
      "ShannonLimitdB": 0.705090203367376
}