{
      "T": 10.0,
      "fer": 1.0,
      "nMSE": 0.4322370789051056,
      "nMSEf": 0.4056811035424471,
      "nMSEm": 0.43833764605224135,
      "nMSEL": 0.40945585548877717,
      "ver": 0.9405000000000006,
      "verf": 0.89,
      "verm": 0.92,
      "verL": 0.96,
      "ber": 0.1694218750000001,
      "iber": 0.1694218750000001,
      "sber": 0.0,
      "ier": 0.31368749999999995,
      "ser": 0.0,
      "EbN0dB": 0.0,
      "SNRdB": -0.41392685158225057,
      "rate": 0.9090909090909091,
      "C": 0.932885804141463,
      "ShannonLimitdB": -0.1518115310358435
}