{
      "T": 10.0,
      "fer": 1.0,
      "nMSE": 0.32675680088996883,
      "nMSEf": 0.3042597127938643,
      "nMSEm": 0.36675023268908263,
      "nMSEL": 0.2939307074993849,
      "ver": 0.8570000000000003,
      "verf": 0.82,
      "verm": 0.93,
      "verL": 0.87,
      "ber": 0.12309375000000002,
      "iber": 0.12309375000000002,
      "sber": 0.0,
      "ier": 0.23143750000000005,
      "ser": 0.0,
      "EbN0dB": 1.0,
      "SNRdB": 0.5860731484177495,
      "rate": 0.9090909090909091,
      "C": 1.1006262781526184,
      "ShannonLimitdB": -0.1518115310358435
}