{
      "T": 4.3563,
      "fer": 0.0002,
      "nMSE": 2.502980492996119e-06,
      "nMSEf": 2.5185969599308294e-10,
      "nMSEm": 7.362015617002175e-11,
      "nMSEL": 2.647347463425331e-08,
      "ver": 1e-05,
      "verf": 0.0,
      "verm": 0.0,
      "verL": 0.0,
      "ber": 7.8125e-07,
      "iber": 7.8125e-07,
      "sber": 0.0,
      "ier": 1.25e-06,
      "ser": 0.0,
      "EbN0dB": 10.0,
      "SNRdB": 9.58607314841775,
      "rate": 0.9090909090909091,
      "C": 3.334984247712809,
      "ShannonLimitdB": -0.1518115310358435
}