{
      "T": 10.0,
      "fer": 1.0,
      "nMSE": 0.23287178349494936,
      "nMSEf": 0.23260792788118123,
      "nMSEm": 0.23419821581337602,
      "nMSEL": 0.2117274061497301,
      "ver": 0.6950000000000004,
      "verf": 0.7,
      "verm": 0.71,
      "verL": 0.62,
      "ber": 0.08465624999999997,
      "iber": 0.08465624999999997,
      "sber": 0.0,
      "ier": 0.1589375,
      "ser": 0.0,
      "EbN0dB": 2.0,
      "SNRdB": 1.5860731484177495,
      "rate": 0.9090909090909091,
      "C": 1.2873611738568138,
      "ShannonLimitdB": -0.1518115310358435
}