{
      "T": 10.0,
      "fer": 1.0,
      "nMSE": 0.1520875127911568,
      "nMSEf": 0.13499271383807354,
      "nMSEm": 0.13186423069506417,
      "nMSEL": 0.14505995795409035,
      "ver": 0.5015000000000002,
      "verf": 0.41,
      "verm": 0.49,
      "verL": 0.53,
      "ber": 0.053140625000000004,
      "iber": 0.053140625000000004,
      "sber": 0.0,
      "ier": 0.10043749999999997,
      "ser": 0.0,
      "EbN0dB": 3.0,
      "SNRdB": 2.5860731484177495,
      "rate": 0.9090909090909091,
      "C": 1.4925581553078293,
      "ShannonLimitdB": -0.1518115310358435
}