{
      "T": 10.0,
      "fer": 1.0,
      "nMSE": 0.07098007175326346,
      "nMSEf": 0.054617871966981965,
      "nMSEm": 0.0635921518858936,
      "nMSEL": 0.05591062854402168,
      "ver": 0.27449999999999997,
      "verf": 0.23,
      "verm": 0.24,
      "verL": 0.23,
      "ber": 0.02414062500000001,
      "iber": 0.02414062500000001,
      "sber": 0.0,
      "ier": 0.04518749999999999,
      "ser": 0.0,
      "EbN0dB": 4.0,
      "SNRdB": 3.5860731484177495,
      "rate": 0.9090909090909091,
      "C": 1.7152490071436464,
      "ShannonLimitdB": -0.1518115310358435
}