{
      "T": 10.0,
      "fer": 0.8161,
      "nMSE": 0.02179451521856373,
      "nMSEf": 0.021181438504250208,
      "nMSEm": 0.021985765288590215,
      "nMSEL": 0.02149473505797058,
      "ver": 0.09387999999999846,
      "verf": 0.0936,
      "verm": 0.0945,
      "verL": 0.0932,
      "ber": 0.007103749999999967,
      "iber": 0.007103749999999967,
      "sber": 0.0,
      "ier": 0.013369999999999715,
      "ser": 0.0,
      "EbN0dB": 5.0,
      "SNRdB": 4.586073148417749,
      "rate": 0.9090909090909091,
      "C": 1.954121054800083,
      "ShannonLimitdB": -0.1518115310358435
}