{
      "T": 10.0,
      "fer": 0.7097,
      "nMSE": 0.015587400699233802,
      "nMSEf": 0.015452241456743366,
      "nMSEm": 0.016238693492884912,
      "nMSEL": 0.014882198376769813,
      "ver": 0.06808499999999984,
      "verf": 0.0679,
      "verm": 0.0704,
      "verL": 0.0672,
      "ber": 0.005099531249999938,
      "iber": 0.005099531249999938,
      "sber": 0.0,
      "ier": 0.009536249999999784,
      "ser": 0.0,
      "EbN0dB": 5.25,
      "SNRdB": 4.836073148417749,
      "rate": 0.9090909090909091,
      "C": 2.016189761336012,
      "ShannonLimitdB": -0.1518115310358435
}