{
      "T": 10.0,
      "fer": 0.5958,
      "nMSE": 0.010966902090772671,
      "nMSEf": 0.011165645937978464,
      "nMSEm": 0.012107841829586614,
      "nMSEL": 0.010454369873088851,
      "ver": 0.04909500000000339,
      "verf": 0.0514,
      "verm": 0.054,
      "verL": 0.0468,
      "ber": 0.0035573437499999594,
      "iber": 0.0035573437499999594,
      "sber": 0.0,
      "ier": 0.006709375000000298,
      "ser": 0.0,
      "EbN0dB": 5.5,
      "SNRdB": 5.086073148417749,
      "rate": 0.9090909090909091,
      "C": 2.0791481033028876,
      "ShannonLimitdB": -0.1518115310358435
}