{
      "T": 10.0,
      "fer": 0.4956,
      "nMSE": 0.008093315675366619,
      "nMSEf": 0.007776082244460938,
      "nMSEm": 0.008271126523304398,
      "nMSEL": 0.007824034792017393,
      "ver": 0.036680000000002405,
      "verf": 0.0346,
      "verm": 0.037,
      "verL": 0.0373,
      "ber": 0.00262999999999999,
      "iber": 0.00262999999999999,
      "sber": 0.0,
      "ier": 0.0049268750000003,
      "ser": 0.0,
      "EbN0dB": 5.75,
      "SNRdB": 5.336073148417749,
      "rate": 0.9090909090909091,
      "C": 2.1429700426011724,
      "ShannonLimitdB": -0.1518115310358435
}