{
      "T": 10.0,
      "fer": 0.3723,
      "nMSE": 0.005319191145073161,
      "nMSEf": 0.005254115349912806,
      "nMSEm": 0.004994144902811612,
      "nMSEL": 0.00528821862455299,
      "ver": 0.024345000000001046,
      "verf": 0.0242,
      "verm": 0.0229,
      "verL": 0.0251,
      "ber": 0.0017310937500000147,
      "iber": 0.0017310937500000147,
      "sber": 0.0,
      "ier": 0.0032300000000001433,
      "ser": 0.0,
      "EbN0dB": 6.0,
      "SNRdB": 5.586073148417749,
      "rate": 0.9090909090909091,
      "C": 2.2076293002537786,
      "ShannonLimitdB": -0.1518115310358435
}