{
      "T": 10.0,
      "fer": 0.2857,
      "nMSE": 0.0038241462612472518,
      "nMSEf": 0.004077459748082336,
      "nMSEm": 0.0036524105333237537,
      "nMSEL": 0.004225405710581498,
      "ver": 0.017765000000000315,
      "verf": 0.0191,
      "verm": 0.0173,
      "verL": 0.0197,
      "ber": 0.0012400000000000143,
      "iber": 0.0012400000000000143,
      "sber": 0.0,
      "ier": 0.00233375000000005,
      "ser": 0.0,
      "EbN0dB": 6.25,
      "SNRdB": 5.836073148417749,
      "rate": 0.9090909090909091,
      "C": 2.2730994551725465,
      "ShannonLimitdB": -0.1518115310358435
}