{
      "T": 10.0,
      "fer": 0.2109,
      "nMSE": 0.002627806128909885,
      "nMSEf": 0.0025849787865950945,
      "nMSEm": 0.0024570831310106998,
      "nMSEL": 0.002405347328086187,
      "ver": 0.012259999999999589,
      "verf": 0.0118,
      "verm": 0.012,
      "verL": 0.0111,
      "ber": 0.0008450000000000041,
      "iber": 0.0008450000000000041,
      "sber": 0.0,
      "ier": 0.0015874999999999483,
      "ser": 0.0,
      "EbN0dB": 6.5,
      "SNRdB": 6.086073148417749,
      "rate": 0.9090909090909091,
      "C": 2.3393540376803528,
      "ShannonLimitdB": -0.1518115310358435
}