{
      "T": 10.0,
      "fer": 0.1368,
      "nMSE": 0.0016412755790098873,
      "nMSEf": 0.0017553572241272761,
      "nMSEm": 0.0015061678077891588,
      "nMSEL": 0.0013989641102279287,
      "ver": 0.007799999999999817,
      "verf": 0.009,
      "verm": 0.0067,
      "verL": 0.007,
      "ber": 0.0005349999999999997,
      "iber": 0.0005349999999999997,
      "sber": 0.0,
      "ier": 0.0009993749999999768,
      "ser": 0.0,
      "EbN0dB": 6.75,
      "SNRdB": 6.336073148417749,
      "rate": 0.9090909090909091,
      "C": 2.4063666173944043,
      "ShannonLimitdB": -0.1518115310358435
}