{
      "T": 10.0,
      "fer": 0.0919,
      "nMSE": 0.001038743691894703,
      "nMSEf": 0.0010270934090344155,
      "nMSEm": 0.0011515930037253607,
      "nMSEL": 0.0008689950549299715,
      "ver": 0.004939999999999945,
      "verf": 0.0048,
      "verm": 0.0059,
      "verL": 0.004,
      "ber": 0.0003398437499999989,
      "iber": 0.0003398437499999989,
      "sber": 0.0,
      "ier": 0.0006293749999999927,
      "ser": 0.0,
      "EbN0dB": 7.0,
      "SNRdB": 6.586073148417749,
      "rate": 0.9090909090909091,
      "C": 2.4741108851751354,
      "ShannonLimitdB": -0.1518115310358435
}