{
      "T": 10.0,
      "fer": 0.0609,
      "nMSE": 0.0006860854873471233,
      "nMSEf": 0.0007494713890830292,
      "nMSEm": 0.0005871209223919723,
      "nMSEL": 0.0006173815486262268,
      "ver": 0.0032350000000000287,
      "verf": 0.0034,
      "verm": 0.0031,
      "verL": 0.003,
      "ber": 0.00022124999999999947,
      "iber": 0.00022124999999999947,
      "sber": 0.0,
      "ier": 0.0004175000000000031,
      "ser": 0.0,
      "EbN0dB": 7.25,
      "SNRdB": 6.836073148417749,
      "rate": 0.9090909090909091,
      "C": 2.5425607289386702,
      "ShannonLimitdB": -0.1518115310358435
}