{
      "T": 9.9998,
      "fer": 0.0392,
      "nMSE": 0.00043693967333336277,
      "nMSEf": 0.00048115684124775006,
      "nMSEm": 0.0004757191309984468,
      "nMSEL": 0.0005427359445763847,
      "ver": 0.0020850000000000144,
      "verf": 0.0025,
      "verm": 0.0023,
      "verL": 0.0026,
      "ber": 0.00014125000000000002,
      "iber": 0.00014125000000000002,
      "sber": 0.0,
      "ier": 0.00026187500000000174,
      "ser": 0.0,
      "EbN0dB": 7.5,
      "SNRdB": 7.086073148417749,
      "rate": 0.9090909090909091,
      "C": 2.6116903032178524,
      "ShannonLimitdB": -0.1518115310358435
}