{
      "T": 9.9926,
      "fer": 0.0245,
      "nMSE": 0.00026344952636196163,
      "nMSEf": 0.00025439219656080755,
      "nMSEm": 0.0001539806477936507,
      "nMSEL": 0.00022695118707810485,
      "ver": 0.0012500000000000044,
      "verf": 0.0011,
      "verm": 0.0007,
      "verL": 0.0012,
      "ber": 8.375000000000015e-05,
      "iber": 8.375000000000015e-05,
      "sber": 0.0,
      "ier": 0.00015812500000000052,
      "ser": 0.0,
      "EbN0dB": 7.75,
      "SNRdB": 7.336073148417749,
      "rate": 0.9090909090909091,
      "C": 2.681474092436531,
      "ShannonLimitdB": -0.1518115310358435
}