{
      "T": 9.959,
      "fer": 0.0186,
      "nMSE": 0.0001875975575420243,
      "nMSEf": 0.00025819745680016307,
      "nMSEm": 0.00026459043846656437,
      "nMSEL": 0.00016257629223943095,
      "ver": 0.0009349999999999997,
      "verf": 0.0013,
      "verm": 0.0012,
      "verL": 0.0008,
      "ber": 6.406250000000002e-05,
      "iber": 6.406250000000002e-05,
      "sber": 0.0,
      "ier": 0.00011687499999999997,
      "ser": 0.0,
      "EbN0dB": 8.0,
      "SNRdB": 7.586073148417749,
      "rate": 0.9090909090909091,
      "C": 2.7518869679334044,
      "ShannonLimitdB": -0.1518115310358435
}