{
      "T": 9.7306,
      "fer": 0.0071,
      "nMSE": 7.926262102234444e-05,
      "nMSEf": 4.895155423813019e-05,
      "nMSEm": 8.777968886106085e-05,
      "nMSEL": 0.00010755129857247196,
      "ver": 0.0003549999999999995,
      "verf": 0.0002,
      "verm": 0.0004,
      "verL": 0.0005,
      "ber": 2.359374999999999e-05,
      "iber": 2.359374999999999e-05,
      "sber": 0.0,
      "ier": 4.499999999999994e-05,
      "ser": 0.0,
      "EbN0dB": 8.25,
      "SNRdB": 7.836073148417749,
      "rate": 0.9090909090909091,
      "C": 2.822904238835057,
      "ShannonLimitdB": -0.1518115310358435
}