{
      "T": 9.2187,
      "fer": 0.0056,
      "nMSE": 6.099150905697227e-05,
      "nMSEf": 4.949466819772545e-05,
      "nMSEm": 3.621788765749093e-05,
      "nMSEL": 5.868921435422658e-05,
      "ver": 0.0002849999999999998,
      "verf": 0.0002,
      "verm": 0.0002,
      "verL": 0.0003,
      "ber": 2.1562500000000002e-05,
      "iber": 2.1562500000000002e-05,
      "sber": 0.0,
      "ier": 3.624999999999998e-05,
      "ser": 0.0,
      "EbN0dB": 8.5,
      "SNRdB": 8.08607314841775,
      "rate": 0.9090909090909091,
      "C": 2.8945016969326303,
      "ShannonLimitdB": -0.1518115310358435
}