{
      "T": 8.1702,
      "fer": 0.0032,
      "nMSE": 3.421049793722656e-05,
      "nMSEf": 4.011421626278796e-05,
      "nMSEm": 1.419984182191738e-05,
      "nMSEL": 3.45483389717926e-05,
      "ver": 0.00016500000000000008,
      "verf": 0.0003,
      "verm": 0.0001,
      "verL": 0.0002,
      "ber": 1.0624999999999999e-05,
      "iber": 1.0624999999999999e-05,
      "sber": 0.0,
      "ier": 2.062500000000001e-05,
      "ser": 0.0,
      "EbN0dB": 8.75,
      "SNRdB": 8.33607314841775,
      "rate": 0.9090909090909091,
      "C": 2.966655655763044,
      "ShannonLimitdB": -0.1518115310358435
}