{
      "T": 7.1196,
      "fer": 0.0015,
      "nMSE": 1.4882111159810033e-05,
      "nMSEf": 2.6812521745764156e-08,
      "nMSEm": 2.1011861405645987e-05,
      "nMSEL": 2.4925232685494464e-05,
      "ver": 7.500000000000001e-05,
      "verf": 0.0,
      "verm": 0.0001,
      "verL": 0.0001,
      "ber": 5.468749999999999e-06,
      "iber": 5.468749999999999e-06,
      "sber": 0.0,
      "ier": 9.375000000000001e-06,
      "ser": 0.0,
      "EbN0dB": 9.0,
      "SNRdB": 8.58607314841775,
      "rate": 0.9090909090909091,
      "C": 3.0393429841340263,
      "ShannonLimitdB": -0.1518115310358435
}