{
      "T": 6.0191,
      "fer": 0.0003,
      "nMSE": 2.7072984863709823e-06,
      "nMSEf": 5.947623113896282e-08,
      "nMSEm": 7.814855291019695e-07,
      "nMSEL": 3.822448764844867e-08,
      "ver": 1.5000000000000002e-05,
      "verf": 0.0,
      "verm": 0.0,
      "verL": 0.0,
      "ber": 7.8125e-07,
      "iber": 7.8125e-07,
      "sber": 0.0,
      "ier": 1.8750000000000003e-06,
      "ser": 0.0,
      "EbN0dB": 9.25,
      "SNRdB": 8.83607314841775,
      "rate": 0.9090909090909091,
      "C": 3.1125411343628353,
      "ShannonLimitdB": -0.1518115310358435
}