{
      "T": 5.2117,
      "fer": 0.0006,
      "nMSE": 6.6378274546451774e-06,
      "nMSEf": 3.367022502674959e-11,
      "nMSEm": 2.3733759051464107e-09,
      "nMSEL": 8.898761015566392e-07,
      "ver": 2.9999999999999997e-05,
      "verf": 0.0,
      "verm": 0.0,
      "verL": 0.0,
      "ber": 1.5625e-06,
      "iber": 1.5625e-06,
      "sber": 0.0,
      "ier": 3.7499999999999997e-06,
      "ser": 0.0,
      "EbN0dB": 9.5,
      "SNRdB": 9.08607314841775,
      "rate": 0.9090909090909091,
      "C": 3.1862281655219933,
      "ShannonLimitdB": -0.1518115310358435
}