{
      "T": 4.6901,
      "fer": 0.0007,
      "nMSE": 8.14062727939642e-06,
      "nMSEf": 4.547261222115974e-08,
      "nMSEm": 2.4600145855827922e-05,
      "nMSEL": 2.499722599823348e-05,
      "ver": 3.5e-05,
      "verf": 0.0,
      "verm": 0.0001,
      "verL": 0.0001,
      "ber": 2.34375e-06,
      "iber": 2.34375e-06,
      "sber": 0.0,
      "ier": 4.375e-06,
      "ser": 0.0,
      "EbN0dB": 9.75,
      "SNRdB": 9.33607314841775,
      "rate": 0.9090909090909091,
      "C": 3.2603827620021275,
      "ShannonLimitdB": -0.1518115310358435
}