{
      "T": 18.0997,
      "fer": 0.1104,
      "nMSE": 0.0008079546671697078,
      "nMSEf": 0.000752102737685487,
      "nMSEm": 0.0007699537291424163,
      "nMSEL": 0.0008781566612074658,
      "ver": 0.003746875,
      "verf": 0.0033,
      "verm": 0.0032,
      "verL": 0.004,
      "ber": 0.0002319010416666666,
      "iber": 0.0002319010416666666,
      "sber": 0.0,
      "ier": 0.00047109375,
      "ser": 0.0,
      "EbN0dB": 5.0,
      "SNRdB": 6.54982751443869,
      "rate": 1.4288372093023256,
      "C": 2.464244801830229,
      "ShannonLimitdB": 0.7349366073641488
}