{
      "T": 14.9611,
      "fer": 0.0652,
      "nMSE": 0.00047283491760908544,
      "nMSEf": 0.0006470349928838104,
      "nMSEm": 0.00045441939910120945,
      "nMSEL": 0.00044680144532567486,
      "ver": 0.002140625,
      "verf": 0.0031,
      "verm": 0.0022,
      "verL": 0.002,
      "ber": 0.0001363932291666667,
      "iber": 0.0001363932291666667,
      "sber": 0.0,
      "ier": 0.000269140625,
      "ser": 0.0,
      "EbN0dB": 5.25,
      "SNRdB": 6.79982751443869,
      "rate": 1.4288372093023256,
      "C": 2.5325939583649166,
      "ShannonLimitdB": 0.7349366073641488
}