{
      "T": 12.6815,
      "fer": 0.0393,
      "nMSE": 0.00027764856627192233,
      "nMSEf": 0.0001691971657992964,
      "nMSEm": 0.00028026789112431177,
      "nMSEL": 0.00024536153845535695,
      "ver": 0.001259375,
      "verf": 0.0008,
      "verm": 0.0011,
      "verL": 0.0011,
      "ber": 7.981770833333338e-05,
      "iber": 7.981770833333338e-05,
      "sber": 0.0,
      "ier": 0.0001578125,
      "ser": 0.0,
      "EbN0dB": 5.5,
      "SNRdB": 7.04982751443869,
      "rate": 1.4288372093023256,
      "C": 2.6016265735374637,
      "ShannonLimitdB": 0.7349366073641488
}