{
      "T": 10.6798,
      "fer": 0.0206,
      "nMSE": 0.0001356382983596867,
      "nMSEf": 0.00018364738534359942,
      "nMSEm": 0.00010814350522798011,
      "nMSEL": 9.010630074298688e-05,
      "ver": 0.000646875,
      "verf": 0.0011,
      "verm": 0.0005,
      "verL": 0.0003,
      "ber": 3.8020833333333334e-05,
      "iber": 3.8020833333333334e-05,
      "sber": 0.0,
      "ier": 8.0859375e-05,
      "ser": 0.0,
      "EbN0dB": 5.75,
      "SNRdB": 7.29982751443869,
      "rate": 1.4288372093023256,
      "C": 2.6713170802618262,
      "ShannonLimitdB": 0.7349366073641488
}