{
      "T": 9.4701,
      "fer": 0.0128,
      "nMSE": 8.67861500570739e-05,
      "nMSEf": 6.435251339935863e-05,
      "nMSEm": 3.4403136678093576e-05,
      "nMSEL": 5.888587620908551e-05,
      "ver": 0.0004,
      "verf": 0.0003,
      "verm": 0.0002,
      "verL": 0.0003,
      "ber": 2.5651041666666667e-05,
      "iber": 2.5651041666666667e-05,
      "sber": 0.0,
      "ier": 5e-05,
      "ser": 0.0,
      "EbN0dB": 6.0,
      "SNRdB": 7.54982751443869,
      "rate": 1.4288372093023256,
      "C": 2.7416402904835833,
      "ShannonLimitdB": 0.7349366073641488
}