{
      "T": 8.3654,
      "fer": 0.0072,
      "nMSE": 4.948520609808834e-05,
      "nMSEf": 4.5604536237239975e-05,
      "nMSEm": 2.632219527186058e-05,
      "nMSEL": 9.464154422421283e-05,
      "ver": 0.000225,
      "verf": 0.0002,
      "verm": 0.0002,
      "verL": 0.0005,
      "ber": 1.3997395833333337e-05,
      "iber": 1.3997395833333337e-05,
      "sber": 0.0,
      "ier": 2.8125e-05,
      "ser": 0.0,
      "EbN0dB": 6.25,
      "SNRdB": 7.79982751443869,
      "rate": 1.4288372093023256,
      "C": 2.8125714469363605,
      "ShannonLimitdB": 0.7349366073641488
}