{
      "T": 7.544,
      "fer": 0.0026,
      "nMSE": 2.0258551532372613e-05,
      "nMSEf": 4.037207390432547e-06,
      "nMSEm": 3.0008852996691636e-05,
      "nMSEL": 2.5936701716984108e-05,
      "ver": 8.4375e-05,
      "verf": 0.0,
      "verm": 0.0001,
      "verL": 0.0001,
      "ber": 5.468750000000001e-06,
      "iber": 5.468750000000001e-06,
      "sber": 0.0,
      "ier": 1.0546875e-05,
      "ser": 0.0,
      "EbN0dB": 6.5,
      "SNRdB": 8.049827514438691,
      "rate": 1.4288372093023256,
      "C": 2.8840862688764295,
      "ShannonLimitdB": 0.7349366073641488
}