{
      "T": 6.9729,
      "fer": 0.0017,
      "nMSE": 1.1072232583576366e-05,
      "nMSEf": 4.584369469039026e-08,
      "nMSEm": 1.7942736577814107e-06,
      "nMSEL": 5.016251682237797e-05,
      "ver": 5.3125e-05,
      "verf": 0.0,
      "verm": 0.0,
      "verL": 0.0002,
      "ber": 3.841145833333333e-06,
      "iber": 3.841145833333333e-06,
      "sber": 0.0,
      "ier": 6.640625e-06,
      "ser": 0.0,
      "EbN0dB": 6.75,
      "SNRdB": 8.299827514438691,
      "rate": 1.4288372093023256,
      "C": 2.9561609919901572,
      "ShannonLimitdB": 0.7349366073641488
}