{
      "T": 6.533,
      "fer": 0.0005,
      "nMSE": 3.379302264005155e-06,
      "nMSEf": 3.545232511513957e-09,
      "nMSEm": 4.6985882382776514e-07,
      "nMSEL": 2.2361247716396537e-06,
      "ver": 1.5625e-05,
      "verf": 0.0,
      "verm": 0.0,
      "verL": 0.0,
      "ber": 9.114583333333332e-07,
      "iber": 9.114583333333332e-07,
      "sber": 0.0,
      "ier": 1.953125e-06,
      "ser": 0.0,
      "EbN0dB": 7.0,
      "SNRdB": 8.549827514438691,
      "rate": 1.4288372093023256,
      "C": 3.0287724027084986,
      "ShannonLimitdB": 0.7349366073641488
}