{
      "T": 6.2673,
      "fer": 0.0001,
      "nMSE": 9.093209901648672e-07,
      "nMSEf": 4.849387110822115e-12,
      "nMSEm": 1.5790847525740065e-10,
      "nMSEL": 1.7758686685685803e-10,
      "ver": 3.125e-06,
      "verf": 0.0,
      "verm": 0.0,
      "verL": 0.0,
      "ber": 2.604166666666666e-07,
      "iber": 2.604166666666666e-07,
      "sber": 0.0,
      "ier": 3.90625e-07,
      "ser": 0.0,
      "EbN0dB": 7.25,
      "SNRdB": 8.799827514438691,
      "rate": 1.4288372093023256,
      "C": 3.1018978671944435,
      "ShannonLimitdB": 0.7349366073641488
}