{
      "T": 6.1255,
      "fer": 0.0001,
      "nMSE": 9.618651814388144e-07,
      "nMSEf": 5.569615816281304e-08,
      "nMSEm": 4.31654166797351e-11,
      "nMSEL": 4.089894875487873e-11,
      "ver": 3.125e-06,
      "verf": 0.0,
      "verm": 0.0,
      "verL": 0.0,
      "ber": 2.604166666666666e-07,
      "iber": 2.604166666666666e-07,
      "sber": 0.0,
      "ier": 3.90625e-07,
      "ser": 0.0,
      "EbN0dB": 7.5,
      "SNRdB": 9.049827514438691,
      "rate": 1.4288372093023256,
      "C": 3.1755153552937525,
      "ShannonLimitdB": 0.7349366073641488
}