{
      "T": 6.0093,
      "fer": 0.0,
      "nMSE": 5.403773943338091e-08,
      "nMSEf": 9.835368716858323e-15,
      "nMSEm": 1.1978741317783012e-12,
      "nMSEL": 9.976720105594194e-12,
      "ver": 0.0,
      "verf": 0.0,
      "verm": 0.0,
      "verL": 0.0,
      "ber": 0.0,
      "iber": 0.0,
      "sber": 0.0,
      "ier": 0.0,
      "ser": 0.0,
      "EbN0dB": 7.75,
      "SNRdB": 9.299827514438691,
      "rate": 1.4288372093023256,
      "C": 3.2496034597570427,
      "ShannonLimitdB": 0.7349366073641488
}