{
      "T": 5.9342,
      "fer": 0.0,
      "nMSE": 2.6590908153483106e-12,
      "nMSEf": 1.520263996248341e-11,
      "nMSEm": 1.2788687021624353e-17,
      "nMSEL": 1.7794694645162963e-15,
      "ver": 0.0,
      "verf": 0.0,
      "verm": 0.0,
      "verL": 0.0,
      "ber": 0.0,
      "iber": 0.0,
      "sber": 0.0,
      "ier": 0.0,
      "ser": 0.0,
      "EbN0dB": 8.0,
      "SNRdB": 9.549827514438691,
      "rate": 1.4288372093023256,
      "C": 3.3241414110528815,
      "ShannonLimitdB": 0.7349366073641488
}