{
      "T": 89.6,
      "fer": 1.0,
      "nMSE": -0.00011814156547188758,
      "nMSEf": -0.0020216843485832215,
      "nMSEm": -0.0002823697403073311,
      "nMSEL": 0.0011695309728384019,
      "ver": 0.9431999999999999,
      "verf": 0.69,
      "verm": 1.0,
      "verL": 0.66,
      "ber": 0.24378333333333327,
      "iber": 0.24721250000000008,
      "sber": 0.236925,
      "ier": 0.4616999999999999,
      "ser": 0.3599499999999999,
      "EbN0dB": 3.0,
      "SNRdB": 6.979400086720376,
      "rate": 2.5,
      "C": 2.5821117549330403,
      "ShannonLimitdB": 2.701526368982832
}