{
      "T": 99.08,
      "fer": 0.97,
      "nMSE": 0.00016841858625411986,
      "nMSEf": 0.0006311791390180587,
      "nMSEm": 0.00043780602514743806,
      "nMSEL": 0.0012956339120864869,
      "ver": 0.8144000000000002,
      "verf": 0.42,
      "verm": 0.93,
      "verL": 0.42,
      "ber": 0.19305833333333344,
      "iber": 0.19532499999999994,
      "sber": 0.18852500000000014,
      "ier": 0.36475000000000013,
      "ser": 0.28500000000000003,
      "EbN0dB": 4.0,
      "SNRdB": 7.979400086720376,
      "rate": 2.5,
      "C": 2.8638821839772,
      "ShannonLimitdB": 2.701526368982832
}