{
      "T": 75.91,
      "fer": 0.48,
      "nMSE": -0.0003725331649184227,
      "nMSEf": 0.0010266542434692384,
      "nMSEm": 0.0004528182744979858,
      "nMSEL": 0.0008625048398971558,
      "ver": 0.26399999999999996,
      "verf": 0.1,
      "verm": 0.35,
      "verL": 0.1,
      "ber": 0.06223333333333332,
      "iber": 0.0629375,
      "sber": 0.060825000000000004,
      "ier": 0.11910000000000003,
      "ser": 0.0928,
      "EbN0dB": 5.0,
      "SNRdB": 8.979400086720375,
      "rate": 2.5,
      "C": 3.1547280659411814,
      "ShannonLimitdB": 2.701526368982832
}