{
      "T": 64.6549,
      "fer": 0.3723,
      "nMSE": 3.0401542782783508e-05,
      "nMSEf": -9.148721098899841e-05,
      "nMSEm": 0.00014423340559005738,
      "nMSEL": 9.06064510345459e-05,
      "ver": 0.18489999999999845,
      "verf": 0.0565,
      "verm": 0.2597,
      "verL": 0.0567,
      "ber": 0.04203474999999988,
      "iber": 0.04251575000000023,
      "sber": 0.041072749999999866,
      "ier": 0.07985699999999965,
      "ser": 0.06230499999999946,
      "EbN0dB": 5.25,
      "SNRdB": 9.229400086720375,
      "rate": 2.5,
      "C": 3.2286857223535024,
      "ShannonLimitdB": 2.701526368982832
}