{
      "T": 51.8498,
      "fer": 0.2275,
      "nMSE": -2.5758054852485658e-05,
      "nMSEf": 0.00021315164566040038,
      "nMSEm": 0.00024667770862579346,
      "nMSEL": -0.00035961370468139646,
      "ver": 0.09759199999999943,
      "verf": 0.0283,
      "verm": 0.1406,
      "verL": 0.0257,
      "ber": 0.022261166666666565,
      "iber": 0.022494249999999886,
      "sber": 0.021794999999999867,
      "ier": 0.042050499999999776,
      "ser": 0.03294199999999979,
      "EbN0dB": 5.5,
      "SNRdB": 9.479400086720375,
      "rate": 2.5,
      "C": 3.303099011361858,
      "ShannonLimitdB": 2.701526368982832
}