{
      "T": 42.2989,
      "fer": 0.138,
      "nMSE": -2.6928069069981573e-06,
      "nMSEf": 3.532005846500397e-05,
      "nMSEm": 0.00017431817054748536,
      "nMSEL": -3.112808465957642e-05,
      "ver": 0.05287600000000034,
      "verf": 0.0139,
      "verm": 0.0756,
      "verL": 0.0154,
      "ber": 0.01201499999999993,
      "iber": 0.012166999999999931,
      "sber": 0.011710999999999944,
      "ier": 0.022776999999999853,
      "ser": 0.01772549999999992,
      "EbN0dB": 5.75,
      "SNRdB": 9.729400086720375,
      "rate": 2.5,
      "C": 3.377947628346769,
      "ShannonLimitdB": 2.701526368982832
}