{
      "T": 33.6536,
      "fer": 0.0712,
      "nMSE": -4.6681803464889526e-05,
      "nMSEf": -5.048006772994995e-05,
      "nMSEm": -0.000254284143447876,
      "nMSEL": -9.274643063545227e-05,
      "ver": 0.02320799999999996,
      "verf": 0.0077,
      "verm": 0.0335,
      "verL": 0.0065,
      "ber": 0.005277666666666646,
      "iber": 0.005343124999999976,
      "sber": 0.005146749999999998,
      "ier": 0.00997349999999998,
      "ser": 0.007813000000000023,
      "EbN0dB": 6.0,
      "SNRdB": 9.979400086720375,
      "rate": 2.5,
      "C": 3.4532119225071667,
      "ShannonLimitdB": 2.701526368982832
}