{
      "T": 28.3577,
      "fer": 0.0421,
      "nMSE": 3.1149279326200486e-06,
      "nMSEf": -6.747774779796601e-06,
      "nMSEm": -6.785526871681213e-05,
      "nMSEL": -0.000150495707988739,
      "ver": 0.011304000000000033,
      "verf": 0.0037,
      "verm": 0.0163,
      "verL": 0.0032,
      "ber": 0.002523333333333332,
      "iber": 0.002560375000000003,
      "sber": 0.002449250000000003,
      "ier": 0.004783500000000008,
      "ser": 0.0037094999999999997,
      "EbN0dB": 6.25,
      "SNRdB": 10.229400086720375,
      "rate": 2.5,
      "C": 3.528872901337136,
      "ShannonLimitdB": 2.701526368982832
}