{
      "T": 23.8998,
      "fer": 0.0237,
      "nMSE": 6.864877045154571e-06,
      "nMSEf": -1.850900650024414e-05,
      "nMSEm": 0.00022509827613830565,
      "nMSEL": -2.637062072753906e-05,
      "ver": 0.005443999999999988,
      "verf": 0.0014,
      "verm": 0.0067,
      "verL": 0.0016,
      "ber": 0.001213416666666666,
      "iber": 0.0012234999999999993,
      "sber": 0.0011932500000000003,
      "ier": 0.0023004999999999987,
      "ser": 0.001809000000000002,
      "EbN0dB": 6.5,
      "SNRdB": 10.479400086720375,
      "rate": 2.5,
      "C": 3.6049122319006153,
      "ShannonLimitdB": 2.701526368982832
}