{
      "T": 20.9937,
      "fer": 0.0116,
      "nMSE": 4.160509407520294e-05,
      "nMSEf": 0.0002097598075866699,
      "nMSEm": 0.00020297093391418458,
      "nMSEL": -0.0001243669867515564,
      "ver": 0.002171999999999996,
      "verf": 0.001,
      "verm": 0.003,
      "verL": 0.0008,
      "ber": 0.00046050000000000013,
      "iber": 0.0004673750000000003,
      "sber": 0.0004467499999999998,
      "ier": 0.0008819999999999996,
      "ser": 0.0006944999999999995,
      "EbN0dB": 6.75,
      "SNRdB": 10.729400086720375,
      "rate": 2.5,
      "C": 3.6813122392159516,
      "ShannonLimitdB": 2.701526368982832
}