{
      "T": 18.9332,
      "fer": 0.0063,
      "nMSE": 8.27920064330101e-06,
      "nMSEf": 0.0001800433039665222,
      "nMSEm": -5.087839961051941e-05,
      "nMSEL": -0.00015128014087677002,
      "ver": 0.001168,
      "verf": 0.0005,
      "verm": 0.0012,
      "verL": 0.0003,
      "ber": 0.00024216666666666668,
      "iber": 0.00024274999999999994,
      "sber": 0.00024099999999999987,
      "ier": 0.0004604999999999997,
      "ser": 0.0003624999999999998,
      "EbN0dB": 7.0,
      "SNRdB": 10.979400086720375,
      "rate": 2.5,
      "C": 3.758055902051297,
      "ShannonLimitdB": 2.701526368982832
}