{
      "T": 61.42,
      "fer": 0.44,
      "nMSE": 0.21041355448961258,
      "nMSEf": 0.12129507404250563,
      "nMSEm": 0.29850257385859197,
      "nMSEL": 0.08368899234246253,
      "ver": 0.24499999999999994,
      "verf": 0.14,
      "verm": 0.33,
      "verL": 0.13,
      "ber": 0.072075,
      "iber": 0.073171875,
      "sber": 0.06768750000000001,
      "ier": 0.13643749999999996,
      "ser": 0.06768750000000001,
      "EbN0dB": 10.0,
      "SNRdB": 15.228787452803376,
      "rate": 3.3333333333333335,
      "C": 5.1015380264620624,
      "ShannonLimitdB": 4.351768928552211
}