{
      "T": 57.78,
      "fer": 0.39,
      "nMSE": 0.26066498923301695,
      "nMSEf": 0.1713687892118566,
      "nMSEm": 0.352949675321579,
      "nMSEL": 0.1105807554535575,
      "ver": 0.271,
      "verf": 0.19,
      "verm": 0.36,
      "verL": 0.13,
      "ber": 0.087625,
      "iber": 0.08801562499999999,
      "sber": 0.08606250000000003,
      "ier": 0.165125,
      "ser": 0.08606250000000003,
      "EbN0dB": 11.0,
      "SNRdB": 16.228787452803374,
      "rate": 3.3333333333333335,
      "C": 5.42506246854199,
      "ShannonLimitdB": 4.351768928552211
}