{
      "T": 59.3,
      "fer": 0.47,
      "nMSE": 0.4231592984199524,
      "nMSEf": 0.27033985547721395,
      "nMSEm": 0.5083652302622795,
      "nMSEL": 0.2810039946809411,
      "ver": 0.38699999999999996,
      "verf": 0.28,
      "verm": 0.47,
      "verL": 0.28,
      "ber": 0.133225,
      "iber": 0.13462499999999997,
      "sber": 0.12762500000000002,
      "ier": 0.25062500000000004,
      "ser": 0.12762500000000002,
      "EbN0dB": 12.0,
      "SNRdB": 17.228787452803374,
      "rate": 3.3333333333333335,
      "C": 5.750332438615321,
      "ShannonLimitdB": 4.351768928552211
}