{
      "T": 61.09,
      "fer": 0.5,
      "nMSE": NaN,
      "nMSEf": NaN,
      "nMSEm": NaN,
      "nMSEL": NaN,
      "ver": 0.4619999999999999,
      "verf": 0.44,
      "verm": 0.49,
      "verL": 0.39,
      "ber": 0.16943749999999994,
      "iber": 0.17134375,
      "sber": 0.1618125,
      "ier": 0.319375,
      "ser": 0.1618125,
      "EbN0dB": 13.0,
      "SNRdB": 18.228787452803374,
      "rate": 3.3333333333333335,
      "C": 6.077002469147427,
      "ShannonLimitdB": 4.351768928552211
}