{
      "T": 53.79,
      "fer": 0.42,
      "nMSE": NaN,
      "nMSEf": NaN,
      "nMSEm": NaN,
      "nMSEL": NaN,
      "ver": 0.41600000000000004,
      "verf": 0.4,
      "verm": 0.42,
      "verL": 0.41,
      "ber": 0.17529999999999998,
      "iber": 0.17675000000000002,
      "sber": 0.16949999999999996,
      "ier": 0.3321249999999999,
      "ser": 0.16949999999999996,
      "EbN0dB": 14.0,
      "SNRdB": 19.228787452803374,
      "rate": 3.3333333333333335,
      "C": 6.404793262921983,
      "ShannonLimitdB": 4.351768928552211
}