{
      "T": 57.47,
      "fer": 0.47,
      "nMSE": NaN,
      "nMSEf": NaN,
      "nMSEm": NaN,
      "nMSEL": NaN,
      "ver": 0.47,
      "verf": 0.47,
      "verm": 0.47,
      "verL": 0.47,
      "ber": 0.22918750000000007,
      "iber": 0.2295625,
      "sber": 0.22768749999999993,
      "ier": 0.43012500000000004,
      "ser": 0.22768749999999993,
      "EbN0dB": 15.0,
      "SNRdB": 20.228787452803374,
      "rate": 3.3333333333333335,
      "C": 6.733479829813874,
      "ShannonLimitdB": 4.351768928552211
}