{
      "T": 66.25,
      "fer": 0.58,
      "nMSE": NaN,
      "nMSEf": NaN,
      "nMSEm": NaN,
      "nMSEL": NaN,
      "ver": 0.58,
      "verf": 0.58,
      "verm": 0.58,
      "verL": 0.58,
      "ber": 0.28813749999999994,
      "iber": 0.28710937500000006,
      "sber": 0.29225,
      "ier": 0.5437500000000001,
      "ser": 0.29225,
      "EbN0dB": 16.0,
      "SNRdB": 21.228787452803374,
      "rate": 3.3333333333333335,
      "C": 7.06288144635409,
      "ShannonLimitdB": 4.351768928552211
}