{
      "T": 60.81,
      "fer": 0.52,
      "nMSE": NaN,
      "nMSEf": NaN,
      "nMSEm": NaN,
      "nMSEL": NaN,
      "ver": 0.52,
      "verf": 0.52,
      "verm": 0.52,
      "verL": 0.52,
      "ber": 0.26148749999999993,
      "iber": 0.261140625,
      "sber": 0.26287499999999997,
      "ier": 0.4876875000000003,
      "ser": 0.26287499999999997,
      "EbN0dB": 17.0,
      "SNRdB": 22.228787452803374,
      "rate": 3.3333333333333335,
      "C": 7.3928532776669185,
      "ShannonLimitdB": 4.351768928552211
}