{
      "T": 61.95,
      "fer": 0.54,
      "nMSE": NaN,
      "nMSEf": NaN,
      "nMSEm": NaN,
      "nMSEL": NaN,
      "ver": 0.54,
      "verf": 0.54,
      "verm": 0.54,
      "verL": 0.54,
      "ber": 0.2691125,
      "iber": 0.26926562500000006,
      "sber": 0.26850000000000007,
      "ier": 0.5053749999999999,
      "ser": 0.26850000000000007,
      "EbN0dB": 18.0,
      "SNRdB": 23.228787452803374,
      "rate": 3.3333333333333335,
      "C": 7.723279461630942,
      "ShannonLimitdB": 4.351768928552211
}