{
      "T": 100.0,
      "fer": 1.0,
      "nMSE": NaN,
      "nMSEf": NaN,
      "nMSEm": NaN,
      "nMSEL": NaN,
      "ver": 1.0,
      "verf": 1.0,
      "verm": 1.0,
      "verL": 1.0,
      "ber": 0.5006625,
      "iber": 0.5007500000000001,
      "sber": 0.5003125,
      "ier": 0.9376874999999998,
      "ser": 0.5003125,
      "EbN0dB": 19.0,
      "SNRdB": 24.228787452803374,
      "rate": 3.3333333333333335,
      "C": 8.054067447302389,
      "ShannonLimitdB": 4.351768928552211
}