{
      "T": 100.0,
      "fer": 1.0,
      "nMSE": NaN,
      "nMSEf": NaN,
      "nMSEm": NaN,
      "nMSEL": NaN,
      "ver": 1.0,
      "verf": 1.0,
      "verm": 1.0,
      "verL": 1.0,
      "ber": 0.49768750000000006,
      "iber": 0.498125,
      "sber": 0.4959375000000001,
      "ier": 0.9353125000000003,
      "ser": 0.4959375000000001,
      "EbN0dB": 20.0,
      "SNRdB": 25.228787452803374,
      "rate": 3.3333333333333335,
      "C": 8.385143389891024,
      "ShannonLimitdB": 4.351768928552211
}