{
      "T": 100.0,
      "fer": 1.0,
      "nMSE": NaN,
      "nMSEf": NaN,
      "nMSEm": NaN,
      "nMSEL": NaN,
      "ver": 1.0,
      "verf": 1.0,
      "verm": 1.0,
      "verL": 1.0,
      "ber": 0.5021875000000001,
      "iber": 0.501765625,
      "sber": 0.5038750000000001,
      "ier": 0.9396875000000001,
      "ser": 0.5038750000000001,
      "EbN0dB": 23.0,
      "SNRdB": 28.228787452803374,
      "rate": 3.3333333333333335,
      "C": 9.379567764300706,
      "ShannonLimitdB": 4.351768928552211
}