{
      "T": 88.08,
      "fer": 1.0,
      "nMSE": 0.6665802536010742,
      "nMSEf": 0.4677112838206722,
      "nMSEm": 0.7710609495639801,
      "nMSEL": 0.3960257819558528,
      "ver": 0.9780000000000001,
      "verf": 0.92,
      "verm": 1.0,
      "verL": 0.87,
      "ber": 0.2729000000000001,
      "iber": 0.27649999999999997,
      "sber": 0.25849999999999984,
      "ier": 0.5206874999999999,
      "ser": 0.25849999999999984,
      "EbN0dB": 5.0,
      "SNRdB": 10.228787452803376,
      "rate": 3.3333333333333335,
      "C": 3.528687021610552,
      "ShannonLimitdB": 4.351768928552211
}