{
      "T": 97.65,
      "fer": 1.0,
      "nMSE": 0.5926797169446945,
      "nMSEf": 0.3207760336638077,
      "nMSEm": 0.7324960440397262,
      "nMSEL": 0.26741348456768194,
      "ver": 0.9019999999999997,
      "verf": 0.73,
      "verm": 0.99,
      "verL": 0.67,
      "ber": 0.23858750000000004,
      "iber": 0.24189062499999994,
      "sber": 0.225375,
      "ier": 0.4539375,
      "ser": 0.225375,
      "EbN0dB": 6.0,
      "SNRdB": 11.228787452803376,
      "rate": 3.3333333333333335,
      "C": 3.834937594231136,
      "ShannonLimitdB": 4.351768928552211
}