{
      "T": 95.75,
      "fer": 0.91,
      "nMSE": 0.46913542221277027,
      "nMSEf": 0.1780820868369015,
      "nMSEm": 0.6257654136294775,
      "nMSEL": 0.1630718912051788,
      "ver": 0.7139999999999997,
      "verf": 0.43,
      "verm": 0.88,
      "verL": 0.39,
      "ber": 0.18561250000000007,
      "iber": 0.18720312500000003,
      "sber": 0.17925000000000002,
      "ier": 0.35425000000000006,
      "ser": 0.17925000000000002,
      "EbN0dB": 7.0,
      "SNRdB": 12.228787452803376,
      "rate": 3.3333333333333335,
      "C": 4.146186068027346,
      "ShannonLimitdB": 4.351768928552211
}