{
      "T": 86.92,
      "fer": 0.72,
      "nMSE": 0.34743800635359423,
      "nMSEf": 0.15064461255195208,
      "nMSEm": 0.501457827715922,
      "nMSEL": 0.11322951415389049,
      "ver": 0.49899999999999983,
      "verf": 0.3,
      "verm": 0.65,
      "verL": 0.19,
      "ber": 0.13458749999999997,
      "iber": 0.13692187500000005,
      "sber": 0.12525,
      "ier": 0.255625,
      "ser": 0.12525,
      "EbN0dB": 8.0,
      "SNRdB": 13.228787452803376,
      "rate": 3.3333333333333335,
      "C": 4.461522763187244,
      "ShannonLimitdB": 4.351768928552211
}