{
      "T": 81.32,
      "fer": 0.67,
      "nMSE": 0.2852276585400105,
      "nMSEf": 0.1153019143976504,
      "nMSEm": 0.39608450184062555,
      "nMSEL": 0.14303864117783172,
      "ver": 0.3840000000000001,
      "verf": 0.15,
      "verm": 0.51,
      "verL": 0.22,
      "ber": 0.105,
      "iber": 0.10628124999999997,
      "sber": 0.099875,
      "ier": 0.19893750000000007,
      "ser": 0.099875,
      "EbN0dB": 9.0,
      "SNRdB": 14.228787452803376,
      "rate": 3.3333333333333335,
      "C": 4.7801845047759,
      "ShannonLimitdB": 4.351768928552211
}