{
      "T": 31.18,
      "fer": 1.0,
      "nMSE": 0.4716845819950105,
      "nMSEf": 0.4433259524218738,
      "nMSEm": 0.4715557415783405,
      "nMSEL": 0.4350086135417223,
      "ver": 0.9965,
      "verf": 0.98,
      "verm": 1.0,
      "verL": 0.99,
      "ber": 0.28893749999999996,
      "iber": 0.28893749999999996,
      "sber": 0.0,
      "ier": 0.5454999999999998,
      "ser": 0.0,
      "EbN0dB": 0.0,
      "SNRdB": 0.8354605145007492,
      "rate": 1.2121212121212122,
      "C": 1.1454304395215638,
      "ShannonLimitdB": 0.3596725428890257
}