{
      "T": 34.08,
      "fer": 1.0,
      "nMSE": 0.45747539949417115,
      "nMSEf": 0.39179104924201963,
      "nMSEm": 0.47290417589247224,
      "nMSEL": 0.40938661955296995,
      "ver": 0.9945000000000002,
      "verf": 0.99,
      "verm": 1.0,
      "verL": 0.99,
      "ber": 0.2831249999999999,
      "iber": 0.2831249999999999,
      "sber": 0.0,
      "ier": 0.5296250000000002,
      "ser": 0.0,
      "EbN0dB": 0.25,
      "SNRdB": 1.0854605145007492,
      "rate": 1.2121212121212122,
      "C": 1.1915272204205394,
      "ShannonLimitdB": 0.3596725428890257
}