{
      "T": 36.6,
      "fer": 1.0,
      "nMSE": 0.4341294000148775,
      "nMSEf": 0.37607836616691204,
      "nMSEm": 0.48612955652177336,
      "nMSEL": 0.3682954413071275,
      "ver": 0.9950000000000001,
      "verf": 0.99,
      "verm": 1.0,
      "verL": 0.99,
      "ber": 0.2719062499999999,
      "iber": 0.2719062499999999,
      "sber": 0.0,
      "ier": 0.5079375000000002,
      "ser": 0.0,
      "EbN0dB": 0.5,
      "SNRdB": 1.3354605145007492,
      "rate": 1.2121212121212122,
      "C": 1.2388005338571482,
      "ShannonLimitdB": 0.3596725428890257
}