{
      "T": 43.3,
      "fer": 1.0,
      "nMSE": 0.401588832616806,
      "nMSEf": 0.304053311124444,
      "nMSEm": 0.4280631145089865,
      "nMSEL": 0.32329563250212234,
      "ver": 0.9880000000000004,
      "verf": 0.95,
      "verm": 0.99,
      "verL": 0.96,
      "ber": 0.25285937499999994,
      "iber": 0.25285937499999994,
      "sber": 0.0,
      "ier": 0.47643749999999996,
      "ser": 0.0,
      "EbN0dB": 0.75,
      "SNRdB": 1.5854605145007492,
      "rate": 1.2121212121212122,
      "C": 1.2872410437949762,
      "ShannonLimitdB": 0.3596725428890257
}