{
      "T": 49.6,
      "fer": 1.0,
      "nMSE": 0.38497687411308285,
      "nMSEf": 0.34841381425969303,
      "nMSEm": 0.38008816285058855,
      "nMSEL": 0.3577511936239898,
      "ver": 0.9865000000000005,
      "verf": 0.98,
      "verm": 1.0,
      "verL": 0.97,
      "ber": 0.24215625,
      "iber": 0.24215625,
      "sber": 0.0,
      "ier": 0.45299999999999985,
      "ser": 0.0,
      "EbN0dB": 1.0,
      "SNRdB": 1.8354605145007492,
      "rate": 1.2121212121212122,
      "C": 1.3368376168879388,
      "ShannonLimitdB": 0.3596725428890257
}