{
      "T": 58.39,
      "fer": 1.0,
      "nMSE": 0.3505208320617675,
      "nMSEf": 0.28153691452171187,
      "nMSEm": 0.3719180520717055,
      "nMSEL": 0.2585740653748508,
      "ver": 0.9760000000000006,
      "verf": 0.95,
      "verm": 0.97,
      "verL": 0.95,
      "ber": 0.22576562500000005,
      "iber": 0.22576562500000005,
      "sber": 0.0,
      "ier": 0.42350000000000015,
      "ser": 0.0,
      "EbN0dB": 1.25,
      "SNRdB": 2.085460514500749,
      "rate": 1.2121212121212122,
      "C": 1.3875773930548168,
      "ShannonLimitdB": 0.3596725428890257
}