{
      "T": 61.41,
      "fer": 1.0,
      "nMSE": 0.316490888118744,
      "nMSEf": 0.23819018375244924,
      "nMSEm": 0.3081512684305199,
      "nMSEL": 0.28893587648868563,
      "ver": 0.9695000000000005,
      "verf": 0.95,
      "verm": 0.96,
      "verL": 0.97,
      "ber": 0.21078124999999998,
      "iber": 0.21078124999999998,
      "sber": 0.0,
      "ier": 0.39381250000000007,
      "ser": 0.0,
      "EbN0dB": 1.5,
      "SNRdB": 2.335460514500749,
      "rate": 1.2121212121212122,
      "C": 1.4394458657210543,
      "ShannonLimitdB": 0.3596725428890257
}