{
      "T": 77.94,
      "fer": 1.0,
      "nMSE": 0.29566143524646765,
      "nMSEf": 0.2318878699815832,
      "nMSEm": 0.29888305852073244,
      "nMSEL": 0.22605260571406688,
      "ver": 0.9560000000000006,
      "verf": 0.93,
      "verm": 0.96,
      "verL": 0.94,
      "ber": 0.19728125000000013,
      "iber": 0.19728125000000013,
      "sber": 0.0,
      "ier": 0.37212500000000004,
      "ser": 0.0,
      "EbN0dB": 1.75,
      "SNRdB": 2.585460514500749,
      "rate": 1.2121212121212122,
      "C": 1.492426970688909,
      "ShannonLimitdB": 0.3596725428890257
}