{
      "T": 6.0538,
      "fer": 0.0002,
      "nMSE": 1.3958353155812757e-6,
      "nMSEf": 9.172830225852966e-15,
      "nMSEm": 1.0985144213917817e-18,
      "nMSEL": 3.488484155537973e-18,
      "ver": 1e-05,
      "verf": 0.0,
      "verm": 0.0,
      "verL": 0.0,
      "ber": 6.25e-07,
      "iber": 6.25e-07,
      "sber": 0.0,
      "ier": 1.25e-06,
      "ser": 0.0,
      "EbN0dB": 10.0,
      "SNRdB": 10.835460514500749,
      "rate": 1.2121212121212122,
      "C": 3.7138290953682715,
      "ShannonLimitdB": 0.3596725428890257
}