{
      "T": 84.3,
      "fer": 1.0,
      "nMSE": 0.2552995587587358,
      "nMSEf": 0.18441501713736216,
      "nMSEm": 0.25667616666702087,
      "nMSEL": 0.22191928932435986,
      "ver": 0.9255000000000004,
      "verf": 0.88,
      "verm": 0.91,
      "verL": 0.89,
      "ber": 0.17660937500000004,
      "iber": 0.17660937500000004,
      "sber": 0.0,
      "ier": 0.3300624999999999,
      "ser": 0.0,
      "EbN0dB": 2.0,
      "SNRdB": 2.835460514500749,
      "rate": 1.2121212121212122,
      "C": 1.5465031825147204,
      "ShannonLimitdB": 0.3596725428890257
}