{
      "T": 113.3,
      "fer": 1.0,
      "nMSE": 0.2133960853815078,
      "nMSEf": 0.16310988579534752,
      "nMSEm": 0.2361481024500972,
      "nMSEL": 0.18324511909348076,
      "ver": 0.8875000000000003,
      "verf": 0.84,
      "verm": 0.89,
      "verL": 0.86,
      "ber": 0.14976562499999996,
      "iber": 0.14976562499999996,
      "sber": 0.0,
      "ier": 0.28275,
      "ser": 0.0,
      "EbN0dB": 2.25,
      "SNRdB": 3.085460514500749,
      "rate": 1.2121212121212122,
      "C": 1.6016556172131682,
      "ShannonLimitdB": 0.3596725428890257
}