{
      "T": 132.86,
      "fer": 1.0,
      "nMSE": 0.19898261630535122,
      "nMSEf": 0.15113173354018727,
      "nMSEm": 0.20194428002549103,
      "nMSEL": 0.14190464896869343,
      "ver": 0.8720000000000003,
      "verf": 0.81,
      "verm": 0.94,
      "verL": 0.9,
      "ber": 0.14265625,
      "iber": 0.14265625,
      "sber": 0.0,
      "ier": 0.2669375,
      "ser": 0.0,
      "EbN0dB": 2.5,
      "SNRdB": 3.335460514500749,
      "rate": 1.2121212121212122,
      "C": 1.6578641400731629,
      "ShannonLimitdB": 0.3596725428890257
}