{
      "T": 151.21,
      "fer": 1.0,
      "nMSE": 0.15933032029867172,
      "nMSEf": 0.1229207063280046,
      "nMSEm": 0.18871784344419212,
      "nMSEL": 0.11196589566167063,
      "ver": 0.8024999999999999,
      "verf": 0.71,
      "verm": 0.86,
      "verL": 0.74,
      "ber": 0.11804687499999998,
      "iber": 0.11804687499999998,
      "sber": 0.0,
      "ier": 0.22037500000000015,
      "ser": 0.0,
      "EbN0dB": 2.75,
      "SNRdB": 3.585460514500749,
      "rate": 1.2121212121212122,
      "C": 1.715107477357983,
      "ShannonLimitdB": 0.3596725428890257
}