{
      "T": 174.15,
      "fer": 1.0,
      "nMSE": 0.13194617679715162,
      "nMSEf": 0.08750477569251756,
      "nMSEm": 0.16040141505585212,
      "nMSEL": 0.09618082963785753,
      "ver": 0.7419999999999999,
      "verf": 0.67,
      "verm": 0.78,
      "verL": 0.72,
      "ber": 0.10090625000000002,
      "iber": 0.10090625000000002,
      "sber": 0.0,
      "ier": 0.1906875000000001,
      "ser": 0.0,
      "EbN0dB": 3.0,
      "SNRdB": 3.835460514500749,
      "rate": 1.2121212121212122,
      "C": 1.7733633306723655,
      "ShannonLimitdB": 0.3596725428890257
}