{
      "T": 170.55,
      "fer": 1.0,
      "nMSE": 0.10257139634340998,
      "nMSEf": 0.1016757700217886,
      "nMSEm": 0.13471511860953428,
      "nMSEL": 0.07701963140509548,
      "ver": 0.6619999999999999,
      "verf": 0.69,
      "verm": 0.68,
      "verL": 0.64,
      "ber": 0.07857812499999997,
      "iber": 0.07857812499999997,
      "sber": 0.0,
      "ier": 0.1481875,
      "ser": 0.0,
      "EbN0dB": 3.25,
      "SNRdB": 4.085460514500749,
      "rate": 1.2121212121212122,
      "C": 1.8326084928098594,
      "ShannonLimitdB": 0.3596725428890257
}