{
      "T": 176.86,
      "fer": 1.0,
      "nMSE": 0.08847658473253255,
      "nMSEf": 0.08100694882966458,
      "nMSEm": 0.07020897090812042,
      "nMSEL": 0.07659551521303457,
      "ver": 0.6045000000000001,
      "verf": 0.58,
      "verm": 0.58,
      "verL": 0.53,
      "ber": 0.07237499999999998,
      "iber": 0.07237499999999998,
      "sber": 0.0,
      "ier": 0.13337499999999997,
      "ser": 0.0,
      "EbN0dB": 3.5,
      "SNRdB": 4.335460514500749,
      "rate": 1.2121212121212122,
      "C": 1.8928189639427855,
      "ShannonLimitdB": 0.3596725428890257
}