{
      "T": 176.32,
      "fer": 1.0,
      "nMSE": 0.0647842464968562,
      "nMSEf": 0.048031444921719756,
      "nMSEm": 0.06395172821112699,
      "nMSEL": 0.041414592087551355,
      "ver": 0.5049999999999999,
      "verf": 0.36,
      "verm": 0.49,
      "verL": 0.32,
      "ber": 0.05390625000000001,
      "iber": 0.05390625000000001,
      "sber": 0.0,
      "ier": 0.10031249999999997,
      "ser": 0.0,
      "EbN0dB": 3.75,
      "SNRdB": 4.585460514500749,
      "rate": 1.2121212121212122,
      "C": 1.953970067082185,
      "ShannonLimitdB": 0.3596725428890257
}