{
      "T": 172.33,
      "fer": 1.0,
      "nMSE": 0.05578252052888276,
      "nMSEf": 0.05402602179024721,
      "nMSEm": 0.060047538961637587,
      "nMSEL": 0.05330201507715613,
      "ver": 0.46299999999999997,
      "verf": 0.41,
      "verm": 0.46,
      "verL": 0.41,
      "ber": 0.04643749999999999,
      "iber": 0.04643749999999999,
      "sber": 0.0,
      "ier": 0.08725,
      "ser": 0.0,
      "EbN0dB": 4.0,
      "SNRdB": 4.835460514500749,
      "rate": 1.2121212121212122,
      "C": 2.0160365618135807,
      "ShannonLimitdB": 0.3596725428890257
}