{
      "T": 176.62,
      "fer": 1.0,
      "nMSE": 0.03851474881917238,
      "nMSEf": 0.025262912047467303,
      "nMSEm": 0.03589469882396644,
      "nMSEL": 0.03357495414715995,
      "ver": 0.3814999999999998,
      "verf": 0.32,
      "verm": 0.36,
      "verL": 0.34,
      "ber": 0.03614062500000001,
      "iber": 0.03614062500000001,
      "sber": 0.0,
      "ier": 0.06618749999999998,
      "ser": 0.0,
      "EbN0dB": 4.25,
      "SNRdB": 5.085460514500749,
      "rate": 1.2121212121212122,
      "C": 2.0789927554033873,
      "ShannonLimitdB": 0.3596725428890257
}