{
      "T": 166.06,
      "fer": 0.98,
      "nMSE": 0.02438980398327113,
      "nMSEf": 0.023737947944304436,
      "nMSEm": 0.03690277919104279,
      "nMSEL": 0.02468846197901401,
      "ver": 0.2835000000000001,
      "verf": 0.28,
      "verm": 0.27,
      "verL": 0.27,
      "ber": 0.023468750000000003,
      "iber": 0.023468750000000003,
      "sber": 0.0,
      "ier": 0.044312500000000005,
      "ser": 0.0,
      "EbN0dB": 4.5,
      "SNRdB": 5.335460514500749,
      "rate": 1.2121212121212122,
      "C": 2.142812610467665,
      "ShannonLimitdB": 0.3596725428890257
}