{
      "T": 157.4,
      "fer": 0.97,
      "nMSE": 0.018886026458814743,
      "nMSEf": 0.008677629276926568,
      "nMSEm": 0.013183620966229886,
      "nMSEL": 0.03460378024603034,
      "ver": 0.2385,
      "verf": 0.16,
      "verm": 0.23,
      "verL": 0.29,
      "ber": 0.019828125000000002,
      "iber": 0.019828125000000002,
      "sber": 0.0,
      "ier": 0.037062500000000005,
      "ser": 0.0,
      "EbN0dB": 4.75,
      "SNRdB": 5.585460514500749,
      "rate": 1.2121212121212122,
      "C": 2.2074698484968365,
      "ShannonLimitdB": 0.3596725428890257
}