{
      "T": 158.05,
      "fer": 1.0,
      "nMSE": 0.012509048812280528,
      "nMSEf": 0.00995914649551374,
      "nMSEm": 0.01803737206304837,
      "nMSEL": 0.01477757269395795,
      "ver": 0.20199999999999993,
      "verf": 0.26,
      "verm": 0.19,
      "verL": 0.2,
      "ber": 0.015671875,
      "iber": 0.015671875,
      "sber": 0.0,
      "ier": 0.029249999999999988,
      "ser": 0.0,
      "EbN0dB": 5.0,
      "SNRdB": 5.835460514500749,
      "rate": 1.2121212121212122,
      "C": 2.2729380486344524,
      "ShannonLimitdB": 0.3596725428890257
}