{
      "T": 146.349,
      "fer": 0.915,
      "nMSE": 0.010658030837642236,
      "nMSEf": 0.009188189561540811,
      "nMSEm": 0.012966321043946719,
      "nMSEL": 0.009292924504175357,
      "ver": 0.13994999999999988,
      "verf": 0.138,
      "verm": 0.152,
      "verL": 0.116,
      "ber": 0.0106015625,
      "iber": 0.0106015625,
      "sber": 0.0,
      "ier": 0.019943749999999965,
      "ser": 0.0,
      "EbN0dB": 5.25,
      "SNRdB": 6.085460514500749,
      "rate": 1.2121212121212122,
      "C": 2.3391907412126693,
      "ShannonLimitdB": 0.3596725428890257
}