{
      "T": 132.427,
      "fer": 0.864,
      "nMSE": 0.007414599817580078,
      "nMSEf": 0.007287720903854013,
      "nMSEm": 0.009524143990618966,
      "nMSEL": 0.007692504909175856,
      "ver": 0.10324999999999966,
      "verf": 0.113,
      "verm": 0.092,
      "verL": 0.096,
      "ber": 0.007714062500000014,
      "iber": 0.007714062500000014,
      "sber": 0.0,
      "ier": 0.01415624999999996,
      "ser": 0.0,
      "EbN0dB": 5.5,
      "SNRdB": 6.335460514500749,
      "rate": 1.2121212121212122,
      "C": 2.4062014956497664,
      "ShannonLimitdB": 0.3596725428890257
}