{
      "T": 120.302,
      "fer": 0.737,
      "nMSE": 0.004994827741651127,
      "nMSEf": 0.003989398438813213,
      "nMSEm": 0.0044959463104224905,
      "nMSEL": 0.005470994509801422,
      "ver": 0.07459999999999971,
      "verf": 0.065,
      "verm": 0.072,
      "verL": 0.067,
      "ber": 0.005454687499999999,
      "iber": 0.005454687499999999,
      "sber": 0.0,
      "ier": 0.010131249999999956,
      "ser": 0.0,
      "EbN0dB": 5.75,
      "SNRdB": 6.585460514500749,
      "rate": 1.2121212121212122,
      "C": 2.4739440024138686,
      "ShannonLimitdB": 0.3596725428890257
}