{
      "T": 103.962,
      "fer": 0.64,
      "nMSE": 0.0033286983720529897,
      "nMSEf": 0.0030213669772328903,
      "nMSEm": 0.0029621222997633203,
      "nMSEL": 0.0023968531588013354,
      "ver": 0.052899999999999794,
      "verf": 0.05,
      "verm": 0.046,
      "verL": 0.044,
      "ber": 0.0036953125,
      "iber": 0.0036953125,
      "sber": 0.0,
      "ier": 0.0069499999999999736,
      "ser": 0.0,
      "EbN0dB": 6.0,
      "SNRdB": 6.835460514500749,
      "rate": 1.2121212121212122,
      "C": 2.5423921488506176,
      "ShannonLimitdB": 0.3596725428890257
}