{
      "T": 85.308,
      "fer": 0.514,
      "nMSE": 0.002432004773830005,
      "nMSEf": 0.00262271972099629,
      "nMSEm": 0.0030644514399785485,
      "nMSEL": 0.0023026978388705002,
      "ver": 0.03690000000000006,
      "verf": 0.036,
      "verm": 0.044,
      "verL": 0.026,
      "ber": 0.0025515624999999987,
      "iber": 0.0025515624999999987,
      "sber": 0.0,
      "ier": 0.00478125,
      "ser": 0.0,
      "EbN0dB": 6.25,
      "SNRdB": 7.085460514500749,
      "rate": 1.2121212121212122,
      "C": 2.611520088759602,
      "ShannonLimitdB": 0.3596725428890257
}