{
      "T": 70.449,
      "fer": 0.375,
      "nMSE": 0.0016097569148125716,
      "nMSEf": 0.0015919560341758861,
      "nMSEm": 0.002194973150583027,
      "nMSEL": 0.0021154642630791744,
      "ver": 0.02465000000000015,
      "verf": 0.023,
      "verm": 0.019,
      "verL": 0.026,
      "ber": 0.001689062499999999,
      "iber": 0.001689062499999999,
      "sber": 0.0,
      "ier": 0.0032312500000000184,
      "ser": 0.0,
      "EbN0dB": 6.5,
      "SNRdB": 7.335460514500749,
      "rate": 1.2121212121212122,
      "C": 2.6813023056840235,
      "ShannonLimitdB": 0.3596725428890257
}