{
      "T": 54.338,
      "fer": 0.269,
      "nMSE": 0.0011626509837896295,
      "nMSEf": 0.001766767656481948,
      "nMSEm": 0.0025400790753832454,
      "nMSEL": 0.0007871176312500962,
      "ver": 0.016150000000000057,
      "verf": 0.019,
      "verm": 0.023,
      "verL": 0.021,
      "ber": 0.0010937500000000012,
      "iber": 0.0010937500000000012,
      "sber": 0.0,
      "ier": 0.0021000000000000072,
      "ser": 0.0,
      "EbN0dB": 6.75,
      "SNRdB": 7.585460514500749,
      "rate": 1.2121212121212122,
      "C": 2.751713669949768,
      "ShannonLimitdB": 0.3596725428890257
}