{
      "T": 42.228,
      "fer": 0.2,
      "nMSE": 0.0007810760362109543,
      "nMSEf": 0.0009168170287137299,
      "nMSEm": 0.0007277001124149598,
      "nMSEL": 0.0008133821557430464,
      "ver": 0.011199999999999634,
      "verf": 0.01,
      "verm": 0.0108,
      "verL": 0.0111,
      "ber": 0.000759062500000001,
      "iber": 0.000759062500000001,
      "sber": 0.0,
      "ier": 0.0014237499999999535,
      "ser": 0.0,
      "EbN0dB": 7.0,
      "SNRdB": 7.835460514500749,
      "rate": 1.2121212121212122,
      "C": 2.8227294895533417,
      "ShannonLimitdB": 0.3596725428890257
}