{
      "T": 31.1066,
      "fer": 0.1316,
      "nMSE": 0.0004956233128235544,
      "nMSEf": 0.0006335945847352616,
      "nMSEm": 0.0005474479883005816,
      "nMSEL": 0.0006614543548243182,
      "ver": 0.007139999999999847,
      "verf": 0.0071,
      "verm": 0.0065,
      "verL": 0.0074,
      "ber": 0.0004810937499999989,
      "iber": 0.0004810937499999989,
      "sber": 0.0,
      "ier": 0.0009049999999999809,
      "ser": 0.0,
      "EbN0dB": 7.25,
      "SNRdB": 8.085460514500749,
      "rate": 1.2121212121212122,
      "C": 2.8943255550530105,
      "ShannonLimitdB": 0.3596725428890257
}