{
      "T": 23.2795,
      "fer": 0.0813,
      "nMSE": 0.0002963228429200572,
      "nMSEf": 0.0003883323980912934,
      "nMSEm": 0.0002560402910414378,
      "nMSEL": 0.0002508668571504741,
      "ver": 0.004279999999999979,
      "verf": 0.0038,
      "verm": 0.0039,
      "verL": 0.0034,
      "ber": 0.0002879687499999991,
      "iber": 0.0002879687499999991,
      "sber": 0.0,
      "ier": 0.0005437499999999971,
      "ser": 0.0,
      "EbN0dB": 7.5,
      "SNRdB": 8.335460514500749,
      "rate": 1.2121212121212122,
      "C": 2.966478178663946,
      "ShannonLimitdB": 0.3596725428890257
}