{
      "T": 17.1025,
      "fer": 0.0487,
      "nMSE": 0.0001845831960711667,
      "nMSEf": 9.455731438914887e-05,
      "nMSEm": 0.0001862101904703315,
      "nMSEL": 0.00016577215810001532,
      "ver": 0.0025450000000000208,
      "verf": 0.0021,
      "verm": 0.0032,
      "verL": 0.0021,
      "ber": 0.00017078124999999976,
      "iber": 0.00017078124999999976,
      "sber": 0.0,
      "ier": 0.00031937500000000265,
      "ser": 0.0,
      "EbN0dB": 7.75,
      "SNRdB": 8.585460514500749,
      "rate": 1.2121212121212122,
      "C": 3.0391642277965483,
      "ShannonLimitdB": 0.3596725428890257
}