{
      "T": 13.7673,
      "fer": 0.0298,
      "nMSE": 0.00011992182865408377,
      "nMSEf": 5.907987964262699e-05,
      "nMSEm": 5.7706719105792314e-05,
      "nMSEL": 0.00010561240788449233,
      "ver": 0.0015150000000000077,
      "verf": 0.0017,
      "verm": 0.0014,
      "verL": 0.0015,
      "ber": 9.812500000000014e-05,
      "iber": 9.812500000000014e-05,
      "sber": 0.0,
      "ier": 0.00019000000000000096,
      "ser": 0.0,
      "EbN0dB": 8.0,
      "SNRdB": 8.835460514500749,
      "rate": 1.2121212121212122,
      "C": 3.112361153307775,
      "ShannonLimitdB": 0.3596725428890257
}