{
      "T": 10.5962,
      "fer": 0.0176,
      "nMSE": 8.425249725038145e-05,
      "nMSEf": 8.690232992100766e-05,
      "nMSEm": 8.362468585681035e-05,
      "nMSEL": 0.00010129458671635226,
      "ver": 0.0008999999999999991,
      "verf": 0.001,
      "verm": 0.0005,
      "verL": 0.0014,
      "ber": 6.062500000000002e-05,
      "iber": 6.062500000000002e-05,
      "sber": 0.0,
      "ier": 0.00011374999999999993,
      "ser": 0.0,
      "EbN0dB": 8.25,
      "SNRdB": 9.085460514500749,
      "rate": 1.2121212121212122,
      "C": 3.1860470127587366,
      "ShannonLimitdB": 0.3596725428890257
}