{
      "T": 8.7309,
      "fer": 0.008,
      "nMSE": 3.835456518114624e-05,
      "nMSEf": 7.086117492307877e-05,
      "nMSEm": 5.0700897636233985e-05,
      "nMSEL": 5.290085680335238e-07,
      "ver": 0.00040999999999999934,
      "verf": 0.0005,
      "verm": 0.0005,
      "verL": 0.0001,
      "ber": 3.015625e-05,
      "iber": 3.015625e-05,
      "sber": 0.0,
      "ier": 5.124999999999992e-05,
      "ser": 0.0,
      "EbN0dB": 8.5,
      "SNRdB": 9.335460514500749,
      "rate": 1.2121212121212122,
      "C": 3.2602004889886236,
      "ShannonLimitdB": 0.3596725428890257
}