{
      "T": 7.6599,
      "fer": 0.0066,
      "nMSE": 3.862335339325668e-05,
      "nMSEf": 1.0567554694218064e-05,
      "nMSEm": 5.0163875928705945e-05,
      "nMSEL": 3.8673611894530156e-05,
      "ver": 0.00034499999999999966,
      "verf": 0.0002,
      "verm": 0.0004,
      "verL": 0.0004,
      "ber": 2.749999999999999e-05,
      "iber": 2.749999999999999e-05,
      "sber": 0.0,
      "ier": 4.374999999999996e-05,
      "ser": 0.0,
      "EbN0dB": 8.75,
      "SNRdB": 9.585460514500749,
      "rate": 1.2121212121212122,
      "C": 3.3348009043258378,
      "ShannonLimitdB": 0.3596725428890257
}