{
      "T": 6.8402,
      "fer": 0.0037,
      "nMSE": 1.5108921014906942e-05,
      "nMSEf": 6.354012245058533e-07,
      "nMSEm": 3.66935903965651e-07,
      "nMSEL": 5.210479304194503e-05,
      "ver": 0.0001900000000000001,
      "verf": 0.0,
      "verm": 0.0,
      "verL": 0.0004,
      "ber": 1.1093750000000004e-05,
      "iber": 1.1093750000000004e-05,
      "sber": 0.0,
      "ier": 2.375000000000001e-05,
      "ser": 0.0,
      "EbN0dB": 9.0,
      "SNRdB": 9.835460514500749,
      "rate": 1.2121212121212122,
      "C": 3.4098282307626313,
      "ShannonLimitdB": 0.3596725428890257
}