{
      "T": 6.6085,
      "fer": 0.0021,
      "nMSE": 1.3982570652909965e-05,
      "nMSEf": 8.083991918982048e-11,
      "nMSEm": 3.035804119796892e-07,
      "nMSEL": 5.280877790881393e-05,
      "ver": 0.00010500000000000003,
      "verf": 0.0001,
      "verm": 0.0,
      "verL": 0.0002,
      "ber": 6.406250000000002e-06,
      "iber": 6.406250000000002e-06,
      "sber": 0.0,
      "ier": 1.3125000000000004e-05,
      "ser": 0.0,
      "EbN0dB": 9.25,
      "SNRdB": 10.085460514500749,
      "rate": 1.2121212121212122,
      "C": 3.4852630964203457,
      "ShannonLimitdB": 0.3596725428890257
}