{
      "T": 6.2659,
      "fer": 0.0003,
      "nMSE": 3.8832077837755555e-06,
      "nMSEf": 2.4816417101111144e-05,
      "nMSEm": 2.8572241570278208e-11,
      "nMSEL": 1.8560345620125416e-14,
      "ver": 1.5000000000000002e-05,
      "verf": 0.0001,
      "verm": 0.0,
      "verL": 0.0,
      "ber": 1.5625e-06,
      "iber": 1.5625e-06,
      "sber": 0.0,
      "ier": 1.8750000000000003e-06,
      "ser": 0.0,
      "EbN0dB": 9.5,
      "SNRdB": 10.335460514500749,
      "rate": 1.2121212121212122,
      "C": 3.5610867886290185,
      "ShannonLimitdB": 0.3596725428890257
}