{
      "T": 6.1119,
      "fer": 0.0007,
      "nMSE": 4.999399784379772e-06,
      "nMSEf": 4.9998151471019034e-05,
      "nMSEm": 3.256647671527501e-14,
      "nMSEL": 1.9253000327108428e-13,
      "ver": 3.5e-05,
      "verf": 0.0001,
      "verm": 0.0,
      "verL": 0.0,
      "ber": 2.96875e-06,
      "iber": 2.96875e-06,
      "sber": 0.0,
      "ier": 5e-06,
      "ser": 0.0,
      "EbN0dB": 9.75,
      "SNRdB": 10.585460514500749,
      "rate": 1.2121212121212122,
      "C": 3.637281253938448,
      "ShannonLimitdB": 0.3596725428890257
}