{
      "T": 66.62,
      "fer": 1.0,
      "nMSE": 0.5228894195556638,
      "nMSEf": 0.26459817063063384,
      "nMSEm": 0.6208200937509537,
      "nMSEL": 0.26033320723101494,
      "ver": 0.9914999999999999,
      "verf": 0.92,
      "verm": 1.0,
      "verL": 0.92,
      "ber": 0.20335312499999997,
      "iber": 0.2092135416666666,
      "sber": 0.1945625,
      "ier": 0.3646093750000001,
      "ser": 0.29843749999999997,
      "EbN0dB": 2.0,
      "SNRdB": 5.187587626244128,
      "rate": 2.0833333333333335,
      "C": 2.104960848571501,
      "ShannonLimitdB": 1.9149828156875195
}