{
      "T": 99.5,
      "fer": 1.0,
      "nMSE": 0.38995676505565646,
      "nMSEf": 0.1107832422334468,
      "nMSEm": 0.5176032593846321,
      "nMSEL": 0.13458014526860437,
      "ver": 0.9354999999999997,
      "verf": 0.63,
      "verm": 1.0,
      "verL": 0.73,
      "ber": 0.14687500000000003,
      "iber": 0.15097395833333338,
      "sber": 0.14072656250000004,
      "ier": 0.26432812499999997,
      "ser": 0.21615624999999994,
      "EbN0dB": 3.0,
      "SNRdB": 6.187587626244128,
      "rate": 2.0833333333333335,
      "C": 2.3664751113979383,
      "ShannonLimitdB": 1.9149828156875195
}