{
      "T": 85.49,
      "fer": 0.99,
      "nMSE": 0.024342545622959726,
      "nMSEf": 0.00889149720732083,
      "nMSEm": 0.0393958599428022,
      "nMSEL": 0.010331206392229701,
      "ver": 0.14774999999999994,
      "verf": 0.07,
      "verm": 0.21,
      "verL": 0.1,
      "ber": 0.0083375,
      "iber": 0.008697916666666668,
      "sber": 0.007796875000000002,
      "ier": 0.015281250000000003,
      "ser": 0.011999999999999997,
      "EbN0dB": 4.0,
      "SNRdB": 7.187587626244128,
      "rate": 2.0833333333333335,
      "C": 2.639949102311349,
      "ShannonLimitdB": 1.9149828156875195
}