{
      "T": 39.65,
      "fer": 0.43,
      "nMSE": 0.0016271001877257727,
      "nMSEf": 0.0006352628807901919,
      "nMSEm": 0.003175955313429076,
      "nMSEL": 0.0017703310639968905,
      "ver": 0.014999999999999998,
      "verf": 0.01,
      "verm": 0.03,
      "verL": 0.01,
      "ber": 0.0004906250000000003,
      "iber": 0.0005312500000000001,
      "sber": 0.00042968750000000006,
      "ier": 0.0008906249999999997,
      "ser": 0.0006250000000000002,
      "EbN0dB": 5.0,
      "SNRdB": 8.187587626244127,
      "rate": 2.0833333333333335,
      "C": 2.9237345959040155,
      "ShannonLimitdB": 1.9149828156875195
}