{
      "T": 19.78,
      "fer": 0.03,
      "nMSE": 0.00011244080050673822,
      "nMSEf": 9.316512643395831e-05,
      "nMSEm": 2.3556585909271433e-06,
      "nMSEL": 1.5860301721827701e-06,
      "ver": 0.0007500000000000001,
      "verf": 0.0,
      "verm": 0.0,
      "verL": 0.0,
      "ber": 2.1875000000000003e-05,
      "iber": 2.0833333333333333e-05,
      "sber": 2.3437500000000004e-05,
      "ier": 4.687500000000001e-05,
      "ser": 3.125e-05,
      "EbN0dB": 6.0,
      "SNRdB": 9.187587626244127,
      "rate": 2.0833333333333335,
      "C": 3.216284026671513,
      "ShannonLimitdB": 1.9149828156875195
}