{
      "T": 11.1,
      "fer": 0.01,
      "nMSE": 3.3021055091296896e-05,
      "nMSEf": 3.3756643308595623e-12,
      "nMSEm": 1.884471241776151e-08,
      "nMSEL": 1.3993703470838619e-11,
      "ver": 0.00025,
      "verf": 0.0,
      "verm": 0.0,
      "verL": 0.0,
      "ber": 6.25e-06,
      "iber": 5.208333333333333e-06,
      "sber": 7.8125e-06,
      "ier": 1.5625e-05,
      "ser": 1.5625e-05,
      "EbN0dB": 7.0,
      "SNRdB": 10.187587626244127,
      "rate": 2.0833333333333335,
      "C": 3.516191778127995,
      "ShannonLimitdB": 1.9149828156875195
}