{
      "T": 9.22,
      "fer": 0.0,
      "nMSE": 3.563300065219587e-14,
      "nMSEf": 2.701151619314769e-19,
      "nMSEm": 5.2974147920227185e-21,
      "nMSEL": 9.868636450288171e-21,
      "ver": 0.0,
      "verf": 0.0,
      "verm": 0.0,
      "verL": 0.0,
      "ber": 0.0,
      "iber": 0.0,
      "sber": 0.0,
      "ier": 0.0,
      "ser": 0.0,
      "EbN0dB": 8.0,
      "SNRdB": 11.187587626244127,
      "rate": 2.0833333333333335,
      "C": 3.822214629002304,
      "ShannonLimitdB": 1.9149828156875195
}