{
      "T": 18.3565,
      "fer": 0.1165,
      "nMSE": 0.0008321374649173855,
      "nMSEf": 0.0006445592896751465,
      "nMSEm": 0.0007990958245829687,
      "nMSEL": 0.0008130322837430249,
      "ver": 0.003915625,
      "verf": 0.0029,
      "verm": 0.0039,
      "verL": 0.0041,
      "ber": 0.00025546875,
      "iber": 0.0002572265625,
      "sber": 0.000251953125,
      "ier": 0.000476171875,
      "ser": 0.000378515625,
      "EbN0dB": 5.0,
      "SNRdB": 6.54982751443869,
      "rate": 1.4288372093023256,
      "C": 2.464244801830229,
      "ShannonLimitdB": 0.7349366073641488
}