{
      "T": 14.9316,
      "fer": 0.0655,
      "nMSE": 0.00046122508280698035,
      "nMSEf": 0.000600036665843233,
      "nMSEm": 0.0004571454090718448,
      "nMSEL": 0.00030290635963358694,
      "ver": 0.002125,
      "verf": 0.0027,
      "verm": 0.0018,
      "verL": 0.0014,
      "ber": 0.0001348958333333334,
      "iber": 0.0001365234375,
      "sber": 0.000131640625,
      "ier": 0.000260546875,
      "ser": 0.0002,
      "EbN0dB": 5.25,
      "SNRdB": 6.79982751443869,
      "rate": 1.4288372093023256,
      "C": 2.5325939583649166,
      "ShannonLimitdB": 0.7349366073641488
}