{
      "T": 12.5907,
      "fer": 0.0387,
      "nMSE": 0.0002607375116004533,
      "nMSEf": 0.00014144850659397276,
      "nMSEm": 0.00039371625777656025,
      "nMSEL": 0.00032412688674221416,
      "ver": 0.001225,
      "verf": 0.0006,
      "verm": 0.0017,
      "verL": 0.0016,
      "ber": 8.0859375e-05,
      "iber": 7.978515625e-05,
      "sber": 8.30078125e-05,
      "ier": 0.00015078125,
      "ser": 0.000119140625,
      "EbN0dB": 5.5,
      "SNRdB": 7.04982751443869,
      "rate": 1.4288372093023256,
      "C": 2.6016265735374637,
      "ShannonLimitdB": 0.7349366073641488
}