{
      "T": 10.7405,
      "fer": 0.0199,
      "nMSE": 0.00014073273836517146,
      "nMSEf": 0.0002760134706900392,
      "nMSEm": 0.00010236626511037197,
      "nMSEL": 0.00012910931048992321,
      "ver": 0.0006375,
      "verf": 0.0012,
      "verm": 0.0004,
      "verL": 0.0006,
      "ber": 4.140625e-05,
      "iber": 4.19921875e-05,
      "sber": 4.0234375e-05,
      "ier": 7.8125e-05,
      "ser": 5.9375e-05,
      "EbN0dB": 5.75,
      "SNRdB": 7.29982751443869,
      "rate": 1.4288372093023256,
      "C": 2.6713170802618262,
      "ShannonLimitdB": 0.7349366073641488
}