{
      "T": 9.2561,
      "fer": 0.0131,
      "nMSE": 9.441855464023842e-05,
      "nMSEf": 0.00010377734914363954,
      "nMSEm": 0.00012602515700408892,
      "nMSEL": 0.00011259774755237057,
      "ver": 0.000409375,
      "verf": 0.0006,
      "verm": 0.0006,
      "verL": 0.0005,
      "ber": 2.6953125000000006e-05,
      "iber": 2.890625e-05,
      "sber": 2.3046875e-05,
      "ier": 5e-05,
      "ser": 3.5546875e-05,
      "EbN0dB": 6.0,
      "SNRdB": 7.54982751443869,
      "rate": 1.4288372093023256,
      "C": 2.7416402904835833,
      "ShannonLimitdB": 0.7349366073641488
}