{
      "T": 8.2774,
      "fer": 0.0063,
      "nMSE": 4.4602779889152686e-05,
      "nMSEf": 2.8958543011544824e-05,
      "nMSEm": 5.704559549634134e-05,
      "nMSEL": 6.557878445775261e-05,
      "ver": 0.000196875,
      "verf": 0.0001,
      "verm": 0.0002,
      "verL": 0.0003,
      "ber": 1.2369791666666661e-05,
      "iber": 1.26953125e-05,
      "sber": 1.171875e-05,
      "ier": 2.3046875e-05,
      "ser": 1.7578125e-05,
      "EbN0dB": 6.25,
      "SNRdB": 7.79982751443869,
      "rate": 1.4288372093023256,
      "C": 2.8125714469363605,
      "ShannonLimitdB": 0.7349366073641488
}