{
      "T": 7.5177,
      "fer": 0.0028,
      "nMSE": 2.1242780138920835e-05,
      "nMSEf": 3.0323610531581302e-05,
      "nMSEm": 4.646115272758782e-05,
      "nMSEL": 1.6362998104272104e-05,
      "ver": 8.75e-05,
      "verf": 0.0001,
      "verm": 0.0002,
      "verL": 0.0001,
      "ber": 5.729166666666667e-06,
      "iber": 5.95703125e-06,
      "sber": 5.2734375e-06,
      "ier": 1.0546875e-05,
      "ser": 7.8125e-06,
      "EbN0dB": 6.5,
      "SNRdB": 8.049827514438691,
      "rate": 1.4288372093023256,
      "C": 2.8840862688764295,
      "ShannonLimitdB": 0.7349366073641488
}