{
      "T": 6.9497,
      "fer": 0.0015,
      "nMSE": 1.0964903949820011e-05,
      "nMSEf": 7.244529095671803e-07,
      "nMSEm": 1.7544803782374887e-05,
      "nMSEL": 2.5043577750385098e-05,
      "ver": 4.6875e-05,
      "verf": 0.0,
      "verm": 0.0001,
      "verL": 0.0001,
      "ber": 2.6692708333333333e-06,
      "iber": 2.83203125e-06,
      "sber": 2.34375e-06,
      "ier": 5.859375e-06,
      "ser": 3.90625e-06,
      "EbN0dB": 6.75,
      "SNRdB": 8.299827514438691,
      "rate": 1.4288372093023256,
      "C": 2.9561609919901572,
      "ShannonLimitdB": 0.7349366073641488
}