{
      "T": 6.5742,
      "fer": 0.0007,
      "nMSE": 4.02335219621182e-06,
      "nMSEf": 1.4811692740779336e-06,
      "nMSEm": 1.7341451059967508e-06,
      "nMSEL": 9.371607171171883e-06,
      "ver": 2.1875e-05,
      "verf": 0.0,
      "verm": 0.0,
      "verL": 0.0001,
      "ber": 8.463541666666666e-07,
      "iber": 7.8125e-07,
      "sber": 9.765625e-07,
      "ier": 2.34375e-06,
      "ser": 1.5625e-06,
      "EbN0dB": 7.0,
      "SNRdB": 8.549827514438691,
      "rate": 1.4288372093023256,
      "C": 3.0287724027084986,
      "ShannonLimitdB": 0.7349366073641488
}