{
      "T": 6.2707,
      "fer": 0.0004,
      "nMSE": 3.3199571352161145e-06,
      "nMSEf": 2.0034026713566285e-10,
      "nMSEm": 9.287533633755042e-07,
      "nMSEL": 2.0815426287567063e-09,
      "ver": 1.25e-05,
      "verf": 0.0,
      "verm": 0.0,
      "verL": 0.0,
      "ber": 8.463541666666666e-07,
      "iber": 8.7890625e-07,
      "sber": 7.8125e-07,
      "ier": 1.5625e-06,
      "ser": 1.171875e-06,
      "EbN0dB": 7.25,
      "SNRdB": 8.799827514438691,
      "rate": 1.4288372093023256,
      "C": 3.1018978671944435,
      "ShannonLimitdB": 0.7349366073641488
}