{
      "T": 6.0982,
      "fer": 0.0002,
      "nMSE": 1.4984913360417162e-06,
      "nMSEf": 9.91974947075089e-15,
      "nMSEm": 2.282757126246804e-11,
      "nMSEL": 3.155323937804509e-07,
      "ver": 6.25e-06,
      "verf": 0.0,
      "verm": 0.0,
      "verL": 0.0,
      "ber": 2.604166666666666e-07,
      "iber": 2.9296875e-07,
      "sber": 1.953125e-07,
      "ier": 3.90625e-07,
      "ser": 3.90625e-07,
      "EbN0dB": 7.5,
      "SNRdB": 9.049827514438691,
      "rate": 1.4288372093023256,
      "C": 3.1755153552937525,
      "ShannonLimitdB": 0.7349366073641488
}