{
      "T": 5.9979,
      "fer": 0.0,
      "nMSE": 8.44533991476951e-09,
      "nMSEf": 3.628146749959296e-14,
      "nMSEm": 4.515898141924731e-16,
      "nMSEL": 3.7807745282198e-11,
      "ver": 0.0,
      "verf": 0.0,
      "verm": 0.0,
      "verL": 0.0,
      "ber": 0.0,
      "iber": 0.0,
      "sber": 0.0,
      "ier": 0.0,
      "ser": 0.0,
      "EbN0dB": 7.75,
      "SNRdB": 9.299827514438691,
      "rate": 1.4288372093023256,
      "C": 3.2496034597570427,
      "ShannonLimitdB": 0.7349366073641488
}