{
      "T": 5.9156,
      "fer": 0.0,
      "nMSE": 9.632843314286899e-11,
      "nMSEf": 3.7769999656991875e-16,
      "nMSEm": 1.6261327966678365e-15,
      "nMSEL": 6.249541641116071e-17,
      "ver": 0.0,
      "verf": 0.0,
      "verm": 0.0,
      "verL": 0.0,
      "ber": 0.0,
      "iber": 0.0,
      "sber": 0.0,
      "ier": 0.0,
      "ser": 0.0,
      "EbN0dB": 8.0,
      "SNRdB": 9.549827514438691,
      "rate": 1.4288372093023256,
      "C": 3.3241414110528815,
      "ShannonLimitdB": 0.7349366073641488
}