{
      "T": 20.43,
      "fer": 1.0,
      "nMSE": 0.9064966402053832,
      "nMSEf": 0.7206259310245514,
      "nMSEm": 0.9252449947595597,
      "nMSEL": 0.708182815015316,
      "ver": 1.0,
      "verf": 1.0,
      "verm": 1.0,
      "verL": 1.0,
      "ber": 0.4103593749999998,
      "iber": 0.41953645833333325,
      "sber": 0.39659374999999986,
      "ier": 0.7353125000000003,
      "ser": 0.605546875,
      "EbN0dB": 16.0,
      "SNRdB": 25.208187539523752,
      "rate": 8.333333333333334,
      "C": 8.378320763322575,
      "ShannonLimitdB": 15.864159681769
}