{
      "T": 21.17,
      "fer": 1.0,
      "nMSE": 0.9066888103485108,
      "nMSEf": 0.6821093559265137,
      "nMSEm": 0.9295633900165557,
      "nMSEL": 0.7317563414573669,
      "ver": 1.0,
      "verf": 1.0,
      "verm": 1.0,
      "verL": 1.0,
      "ber": 0.41112499999999996,
      "iber": 0.4214010416666666,
      "sber": 0.3957109375,
      "ier": 0.7362187500000004,
      "ser": 0.606578125,
      "EbN0dB": 17.0,
      "SNRdB": 26.208187539523752,
      "rate": 8.333333333333334,
      "C": 8.70962158770742,
      "ShannonLimitdB": 15.864159681769
}