{
      "T": 83.16,
      "fer": 1.0,
      "nMSE": 0.4039019155502319,
      "nMSEf": 0.2775600865767774,
      "nMSEm": 0.4589827755396254,
      "nMSEL": 0.2724661266803741,
      "ver": 0.86625,
      "verf": 0.77,
      "verm": 0.93,
      "verL": 0.78,
      "ber": 0.14808593750000004,
      "iber": 0.149130859375,
      "sber": 0.14599609375,
      "ier": 0.278828125,
      "ser": 0.219375,
      "EbN0dB": 1.0,
      "SNRdB": 2.497623203333321,
      "rate": 1.411764705882353,
      "C": 1.4736863810743386,
      "ShannonLimitdB": 0.705090203367376
}