{
      "T": 99.97,
      "fer": 1.0,
      "nMSE": 0.21287837728857995,
      "nMSEf": 0.124364128896367,
      "nMSEm": 0.22381762711753822,
      "nMSEL": 0.1467883511708277,
      "ver": 0.5790625,
      "verf": 0.42,
      "verm": 0.59,
      "verL": 0.43,
      "ber": 0.07374999999999998,
      "iber": 0.07484375,
      "sber": 0.0715625,
      "ier": 0.138984375,
      "ser": 0.1082421875,
      "EbN0dB": 2.0,
      "SNRdB": 3.497623203333321,
      "rate": 1.411764705882353,
      "C": 1.6948785313972243,
      "ShannonLimitdB": 0.705090203367376
}