{
      "T": 97.61,
      "fer": 1.0,
      "nMSE": 0.05081899341661483,
      "nMSEf": 0.036474480071494966,
      "nMSEm": 0.05183384643231385,
      "nMSEL": 0.04612210312737986,
      "ver": 0.184375,
      "verf": 0.17,
      "verm": 0.25,
      "verL": 0.19,
      "ber": 0.016614583333333325,
      "iber": 0.016689453125,
      "sber": 0.01646484375,
      "ier": 0.030703125,
      "ser": 0.0248828125,
      "EbN0dB": 3.0,
      "SNRdB": 4.497623203333321,
      "rate": 1.411764705882353,
      "C": 1.9323790567230952,
      "ShannonLimitdB": 0.705090203367376
}