{
      "T": 78.94,
      "fer": 0.71,
      "nMSE": 0.00956606716909164,
      "nMSEf": 0.014745764004844784,
      "nMSEm": 0.008701383348567309,
      "nMSEL": 0.004936234633437224,
      "ver": 0.0403125,
      "verf": 0.06,
      "verm": 0.03,
      "verL": 0.02,
      "ber": 0.0029817708333333337,
      "iber": 0.00302734375,
      "sber": 0.002890625,
      "ier": 0.0054296875,
      "ser": 0.0040625,
      "EbN0dB": 4.0,
      "SNRdB": 5.497623203333321,
      "rate": 1.411764705882353,
      "C": 2.1846588083169443,
      "ShannonLimitdB": 0.705090203367376
}