{
      "T": 37.3091,
      "fer": 0.2042,
      "nMSE": 0.0017269311866489644,
      "nMSEf": 0.0017891214579898026,
      "nMSEm": 0.0016077905914842585,
      "nMSEL": 0.0018264304108096805,
      "ver": 0.0074375,
      "verf": 0.0076,
      "verm": 0.0065,
      "verL": 0.0084,
      "ber": 0.0004861979166666667,
      "iber": 0.00048984375,
      "sber": 0.00047890625,
      "ier": 0.000932421875,
      "ser": 0.00071640625,
      "EbN0dB": 5.0,
      "SNRdB": 6.497623203333321,
      "rate": 1.411764705882353,
      "C": 2.450060979772978,
      "ShannonLimitdB": 0.705090203367376
}