{
      "T": 27.99,
      "fer": 0.1541,
      "nMSE": 0.001280015111181337,
      "nMSEf": 0.001320542330901328,
      "nMSEm": 0.0012861937896629766,
      "nMSEL": 0.0013525479003832265,
      "ver": 0.005446875,
      "verf": 0.0052,
      "verm": 0.0056,
      "verL": 0.0055,
      "ber": 0.00035540364583333376,
      "iber": 0.00035478515625,
      "sber": 0.000356640625,
      "ier": 0.00068359375,
      "ser": 0.000534765625,
      "EbN0dB": 5.25,
      "SNRdB": 6.747623203333321,
      "rate": 1.411764705882353,
      "C": 2.518264160534849,
      "ShannonLimitdB": 0.705090203367376
}