{
      "T": 20.6975,
      "fer": 0.096,
      "nMSE": 0.0007598447588700297,
      "nMSEf": 0.0009788140459152331,
      "nMSEm": 0.0004212021610152185,
      "nMSEL": 0.0007769168572400931,
      "ver": 0.003240625,
      "verf": 0.0046,
      "verm": 0.0018,
      "verL": 0.0038,
      "ber": 0.00021464843750000027,
      "iber": 0.00021591796875,
      "sber": 0.000212109375,
      "ier": 0.000402734375,
      "ser": 0.000321875,
      "EbN0dB": 5.5,
      "SNRdB": 6.997623203333321,
      "rate": 1.411764705882353,
      "C": 2.5871561813529027,
      "ShannonLimitdB": 0.705090203367376
}