{
      "T": 15.7559,
      "fer": 0.0649,
      "nMSE": 0.0005051269362759879,
      "nMSEf": 0.0005259193837334707,
      "nMSEm": 0.00045901486465589343,
      "nMSEL": 0.0006194956298403682,
      "ver": 0.002140625,
      "verf": 0.0023,
      "verm": 0.0021,
      "verL": 0.0026,
      "ber": 0.0001420572916666668,
      "iber": 0.00014423828125,
      "sber": 0.0001376953125,
      "ier": 0.00026796875,
      "ser": 0.000212109375,
      "EbN0dB": 5.75,
      "SNRdB": 7.247623203333321,
      "rate": 1.411764705882353,
      "C": 2.656711403096159,
      "ShannonLimitdB": 0.705090203367376
}