{
      "T": 12.3817,
      "fer": 0.0414,
      "nMSE": 0.0003111444684353148,
      "nMSEf": 0.0001863734314880155,
      "nMSEm": 0.00039381985771566705,
      "nMSEL": 0.0004436111336153944,
      "ver": 0.001334375,
      "verf": 0.0008,
      "verm": 0.0016,
      "verL": 0.002,
      "ber": 8.899739583333324e-05,
      "iber": 8.92578125e-05,
      "sber": 8.84765625e-05,
      "ier": 0.00016484375,
      "ser": 0.0001296875,
      "EbN0dB": 6.0,
      "SNRdB": 7.497623203333321,
      "rate": 1.411764705882353,
      "C": 2.7269045540829655,
      "ShannonLimitdB": 0.705090203367376
}