{
      "T": 10.1269,
      "fer": 0.0231,
      "nMSE": 0.0001789762757173845,
      "nMSEf": 0.00016153876931533718,
      "nMSEm": 0.00016520079586070072,
      "nMSEL": 0.0001420355711497699,
      "ver": 0.000746875,
      "verf": 0.0007,
      "verm": 0.0008,
      "verL": 0.0006,
      "ber": 4.8893229166666676e-05,
      "iber": 4.873046875e-05,
      "sber": 4.921875e-05,
      "ier": 9.4921875e-05,
      "ser": 7.1875e-05,
      "EbN0dB": 6.25,
      "SNRdB": 7.747623203333321,
      "rate": 1.411764705882353,
      "C": 2.797710783115185,
      "ShannonLimitdB": 0.705090203367376
}