{
      "T": 8.5264,
      "fer": 0.0176,
      "nMSE": 0.00013937571536551613,
      "nMSEf": 0.00010067127725725733,
      "nMSEm": 0.0002804981181950662,
      "nMSEL": 2.6226742916174718e-05,
      "ver": 0.000559375,
      "verf": 0.0003,
      "verm": 0.0012,
      "verL": 0.0001,
      "ber": 3.821614583333333e-05,
      "iber": 3.69140625e-05,
      "sber": 4.08203125e-05,
      "ier": 7.1875e-05,
      "ser": 5.9375e-05,
      "EbN0dB": 6.5,
      "SNRdB": 7.997623203333321,
      "rate": 1.411764705882353,
      "C": 2.869105706455634,
      "ShannonLimitdB": 0.705090203367376
}