{
      "T": 7.4213,
      "fer": 0.0114,
      "nMSE": 8.669351069416741e-05,
      "nMSEf": 5.0084105235773014e-05,
      "nMSEm": 0.0001774552039588704,
      "nMSEL": 0.00010027366412559964,
      "ver": 0.00035625,
      "verf": 0.0002,
      "verm": 0.0006,
      "verL": 0.0004,
      "ber": 2.2265625000000008e-05,
      "iber": 2.24609375e-05,
      "sber": 2.1875e-05,
      "ier": 4.375e-05,
      "ser": 3.3984375e-05,
      "EbN0dB": 6.75,
      "SNRdB": 8.24762320333332,
      "rate": 1.411764705882353,
      "C": 2.941065448934189,
      "ShannonLimitdB": 0.705090203367376
}