{
      "T": 6.7023,
      "fer": 0.0058,
      "nMSE": 4.5332965696690514e-05,
      "nMSEf": 2.4347930833027305e-05,
      "nMSEm": 5.881462185866132e-05,
      "nMSEL": 9.971534333586919e-05,
      "ver": 0.000184375,
      "verf": 0.0001,
      "verm": 0.0003,
      "verL": 0.0004,
      "ber": 1.2955729166666663e-05,
      "iber": 1.318359375e-05,
      "sber": 1.25e-05,
      "ier": 2.265625e-05,
      "ser": 2.03125e-05,
      "EbN0dB": 7.0,
      "SNRdB": 8.49762320333332,
      "rate": 1.411764705882353,
      "C": 3.013566679409168,
      "ShannonLimitdB": 0.705090203367376
}