{
      "T": 6.3454,
      "fer": 0.0056,
      "nMSE": 4.434639696786138e-05,
      "nMSEf": 3.183172118871497e-12,
      "nMSEm": 9.832374159748835e-05,
      "nMSEL": 1.914968417675846e-05,
      "ver": 0.000178125,
      "verf": 0.0,
      "verm": 0.0004,
      "verL": 0.0001,
      "ber": 1.2239583333333332e-05,
      "iber": 1.34765625e-05,
      "sber": 9.765625e-06,
      "ier": 2.2265625e-05,
      "ser": 1.484375e-05,
      "EbN0dB": 7.25,
      "SNRdB": 8.74762320333332,
      "rate": 1.411764705882353,
      "C": 3.0865866408438802,
      "ShannonLimitdB": 0.705090203367376
}