{
      "T": 6.0139,
      "fer": 0.0022,
      "nMSE": 1.69289438534902e-05,
      "nMSEf": 2.4982122028564163e-05,
      "nMSEm": 4.979818007025916e-09,
      "nMSEL": 2.4990251423127106e-05,
      "ver": 6.875e-05,
      "verf": 0.0001,
      "verm": 0.0,
      "verL": 0.0001,
      "ber": 4.492187499999998e-06,
      "iber": 4.1015625e-06,
      "sber": 5.2734375e-06,
      "ier": 8.203125e-06,
      "ser": 7.03125e-06,
      "EbN0dB": 7.5,
      "SNRdB": 8.99762320333332,
      "rate": 1.411764705882353,
      "C": 3.160103175284159,
      "ShannonLimitdB": 0.705090203367376
}