{
      "T": 5.825,
      "fer": 0.0022,
      "nMSE": 1.7177914644810877e-05,
      "nMSEf": 4.993570889624108e-05,
      "nMSEm": 1.9606443928897604e-14,
      "nMSEL": 2.4944049493262076e-05,
      "ver": 6.875e-05,
      "verf": 0.0002,
      "verm": 0.0,
      "verL": 0.0001,
      "ber": 4.817708333333335e-06,
      "iber": 5.2734375e-06,
      "sber": 3.90625e-06,
      "ier": 8.59375e-06,
      "ser": 5.078125e-06,
      "EbN0dB": 7.75,
      "SNRdB": 9.24762320333332,
      "rate": 1.411764705882353,
      "C": 3.2340947440417667,
      "ShannonLimitdB": 0.705090203367376
}