{
      "T": 5.6556,
      "fer": 0.0012,
      "nMSE": 9.263152956075668e-06,
      "nMSEf": 3.5401352041217177e-14,
      "nMSEm": 4.814955294142437e-05,
      "nMSEL": 7.421265191920476e-15,
      "ver": 3.75e-05,
      "verf": 0.0,
      "verm": 0.0002,
      "verL": 0.0,
      "ber": 1.6927083333333335e-06,
      "iber": 2.1484375e-06,
      "sber": 7.8125e-07,
      "ier": 4.6875e-06,
      "ser": 1.5625e-06,
      "EbN0dB": 8.0,
      "SNRdB": 9.49762320333332,
      "rate": 1.411764705882353,
      "C": 3.308540443401378,
      "ShannonLimitdB": 0.705090203367376
}