{
      "T": 18.67,
      "fer": 1.0,
      "nMSE": 0.9078257476806643,
      "nMSEf": 0.7670402944087982,
      "nMSEm": 0.9271395891904831,
      "nMSEL": 0.7718766546249389,
      "ver": 1.0,
      "verf": 1.0,
      "verm": 1.0,
      "verL": 1.0,
      "ber": 0.41255999999999987,
      "iber": 0.4212416666666666,
      "sber": 0.39953750000000016,
      "ier": 0.7389500000000002,
      "ser": 0.611325,
      "EbN0dB": 16.0,
      "SNRdB": 25.208187539523752,
      "rate": 8.333333333333334,
      "C": 8.378320763322575,
      "ShannonLimitdB": 15.864159681769
}