{
      "T": 18.88,
      "fer": 1.0,
      "nMSE": 0.9066143112182619,
      "nMSEf": 0.7384618216753006,
      "nMSEm": 0.9329847943782806,
      "nMSEL": 0.7608762323856354,
      "ver": 0.9996,
      "verf": 0.99,
      "verm": 1.0,
      "verL": 1.0,
      "ber": 0.4127500000000001,
      "iber": 0.42089166666666666,
      "sber": 0.4005375,
      "ier": 0.737225,
      "ser": 0.60815,
      "EbN0dB": 17.0,
      "SNRdB": 26.208187539523752,
      "rate": 8.333333333333334,
      "C": 8.70962158770742,
      "ShannonLimitdB": 15.864159681769
}