{
      "T": 19.37,
      "fer": 1.0,
      "nMSE": 0.9073832031249996,
      "nMSEf": 0.7567640927433967,
      "nMSEm": 0.9291047793626785,
      "nMSEL": 0.7659679329395295,
      "ver": 1.0,
      "verf": 1.0,
      "verm": 1.0,
      "verL": 1.0,
      "ber": 0.41032999999999986,
      "iber": 0.4203333333333336,
      "sber": 0.39532499999999987,
      "ier": 0.7360249999999996,
      "ser": 0.6058499999999999,
      "EbN0dB": 18.0,
      "SNRdB": 27.208187539523752,
      "rate": 8.333333333333334,
      "C": 9.041105475015282,
      "ShannonLimitdB": 15.864159681769
}