{
      "T": 17.46,
      "fer": 1.0,
      "nMSE": 0.9062132682800292,
      "nMSEf": 0.7428347355127335,
      "nMSEm": 0.926050831079483,
      "nMSEL": 0.7646691775321961,
      "ver": 1.0,
      "verf": 1.0,
      "verm": 1.0,
      "verL": 1.0,
      "ber": 0.4093099999999999,
      "iber": 0.4194249999999999,
      "sber": 0.39413750000000003,
      "ier": 0.7384999999999999,
      "ser": 0.6037499999999999,
      "EbN0dB": 19.0,
      "SNRdB": 28.208187539523752,
      "rate": 8.333333333333334,
      "C": 9.372734919241227,
      "ShannonLimitdB": 15.864159681769
}