{
      "T": 20.66,
      "fer": 1.0,
      "nMSE": 0.9056179130554202,
      "nMSEf": 0.7533080062270164,
      "nMSEm": 0.9343730121850967,
      "nMSEL": 0.7650895610451698,
      "ver": 1.0,
      "verf": 1.0,
      "verm": 1.0,
      "verL": 1.0,
      "ber": 0.41095,
      "iber": 0.4204166666666667,
      "sber": 0.39675,
      "ier": 0.7356,
      "ser": 0.6066000000000003,
      "EbN0dB": 20.0,
      "SNRdB": 29.208187539523752,
      "rate": 8.333333333333334,
      "C": 9.704480074967176,
      "ShannonLimitdB": 15.864159681769
}