{
      "T": 19.35,
      "fer": 1.0,
      "nMSE": 0.9057484268188479,
      "nMSEf": 0.7506283229589462,
      "nMSEm": 0.9254598432779312,
      "nMSEL": 0.7460002106428146,
      "ver": 1.0,
      "verf": 1.0,
      "verm": 1.0,
      "verL": 1.0,
      "ber": 0.41237999999999997,
      "iber": 0.42146666666666666,
      "sber": 0.39875,
      "ier": 0.7373000000000001,
      "ser": 0.6081,
      "EbN0dB": 21.0,
      "SNRdB": 30.208187539523752,
      "rate": 8.333333333333334,
      "C": 10.036317201418402,
      "ShannonLimitdB": 15.864159681769
}