{
      "T": 21.72,
      "fer": 1.0,
      "nMSE": 0.9080480155944828,
      "nMSEf": 0.765428746342659,
      "nMSEm": 0.9376677560806275,
      "nMSEL": 0.7564359977841377,
      "ver": 1.0,
      "verf": 1.0,
      "verm": 1.0,
      "verL": 1.0,
      "ber": 0.41315999999999986,
      "iber": 0.42193333333333316,
      "sber": 0.3999999999999999,
      "ier": 0.7369499999999999,
      "ser": 0.6091999999999999,
      "EbN0dB": 22.0,
      "SNRdB": 31.208187539523752,
      "rate": 8.333333333333334,
      "C": 10.368227419322642,
      "ShannonLimitdB": 15.864159681769
}