{
      "T": 25.16,
      "fer": 1.0,
      "nMSE": 0.9044160072326658,
      "nMSEf": 0.7328418302536011,
      "nMSEm": 0.9328636837005615,
      "nMSEL": 0.7597102409601212,
      "ver": 1.0,
      "verf": 1.0,
      "verm": 1.0,
      "verL": 1.0,
      "ber": 0.4074049999999999,
      "iber": 0.41802499999999987,
      "sber": 0.39147499999999996,
      "ier": 0.732575,
      "ser": 0.6005500000000003,
      "EbN0dB": 23.0,
      "SNRdB": 32.20818753952375,
      "rate": 8.333333333333334,
      "C": 10.700195718883084,
      "ShannonLimitdB": 15.864159681769
}