{
      "T": 22.5,
      "fer": 1.0,
      "nMSE": 0.9069883361816405,
      "nMSEf": 0.7597360700368881,
      "nMSEm": 0.9310999238491058,
      "nMSEL": 0.7377525264024735,
      "ver": 1.0,
      "verf": 1.0,
      "verm": 1.0,
      "verL": 1.0,
      "ber": 0.41126999999999997,
      "iber": 0.42054166666666654,
      "sber": 0.3973625000000001,
      "ier": 0.7365250000000003,
      "ser": 0.6094999999999999,
      "EbN0dB": 24.0,
      "SNRdB": 33.20818753952375,
      "rate": 8.333333333333334,
      "C": 11.032210168895226,
      "ShannonLimitdB": 15.864159681769
}