{
      "T": 23.22,
      "fer": 1.0,
      "nMSE": 0.9071344871520998,
      "nMSEf": 0.7665377882122993,
      "nMSEm": 0.9286958080530167,
      "nMSEL": 0.7653535240888596,
      "ver": 1.0,
      "verf": 1.0,
      "verm": 1.0,
      "verL": 1.0,
      "ber": 0.41028,
      "iber": 0.42131666666666673,
      "sber": 0.3937250000000001,
      "ier": 0.7356500000000001,
      "ser": 0.6061,
      "EbN0dB": 25.0,
      "SNRdB": 34.20818753952375,
      "rate": 8.333333333333334,
      "C": 11.36426128669999,
      "ShannonLimitdB": 15.864159681769
}