{
      "T": 19.57,
      "fer": 1.0,
      "nMSE": 0.9061409614562989,
      "nMSEf": 0.767750015258789,
      "nMSEm": 0.9299289739131927,
      "nMSEL": 0.752393608391285,
      "ver": 1.0,
      "verf": 1.0,
      "verm": 1.0,
      "verL": 1.0,
      "ber": 0.40948500000000015,
      "iber": 0.4196833333333334,
      "sber": 0.39418749999999997,
      "ier": 0.7357999999999998,
      "ser": 0.6019749999999998,
      "EbN0dB": 26.0,
      "SNRdB": 35.20818753952375,
      "rate": 8.333333333333334,
      "C": 11.69634153656555,
      "ShannonLimitdB": 15.864159681769
}