{
      "T": 20.67,
      "fer": 1.0,
      "nMSE": 0.9061051490783695,
      "nMSEf": 0.7511325401067733,
      "nMSEm": 0.9282077533006668,
      "nMSEL": 0.7682520389556885,
      "ver": 1.0,
      "verf": 1.0,
      "verm": 1.0,
      "verL": 1.0,
      "ber": 0.41143,
      "iber": 0.42042500000000005,
      "sber": 0.39793749999999983,
      "ier": 0.7358999999999998,
      "ser": 0.6056,
      "EbN0dB": 27.0,
      "SNRdB": 36.20818753952375,
      "rate": 8.333333333333334,
      "C": 12.028444930508694,
      "ShannonLimitdB": 15.864159681769
}