{
      "T": 17.7,
      "fer": 1.0,
      "nMSE": 0.9074856407165527,
      "nMSEf": 0.7586352598667144,
      "nMSEm": 0.9297953981161118,
      "nMSEL": 0.7591161572933197,
      "ver": 1.0,
      "verf": 1.0,
      "verm": 1.0,
      "verL": 1.0,
      "ber": 0.4140400000000002,
      "iber": 0.4226749999999999,
      "sber": 0.4010875,
      "ier": 0.7376999999999999,
      "ser": 0.612475,
      "EbN0dB": 28.0,
      "SNRdB": 37.20818753952375,
      "rate": 8.333333333333334,
      "C": 12.360566710755402,
      "ShannonLimitdB": 15.864159681769
}