{
      "T": 20.14,
      "fer": 1.0,
      "nMSE": 0.9053791122436526,
      "nMSEf": 0.7540431842207909,
      "nMSEm": 0.9302975803613662,
      "nMSEL": 0.7529853227734565,
      "ver": 1.0,
      "verf": 1.0,
      "verm": 1.0,
      "verL": 1.0,
      "ber": 0.41043999999999997,
      "iber": 0.41972499999999996,
      "sber": 0.3965124999999999,
      "ier": 0.7345,
      "ser": 0.6062750000000001,
      "EbN0dB": 29.0,
      "SNRdB": 38.20818753952375,
      "rate": 8.333333333333334,
      "C": 12.692703097219463,
      "ShannonLimitdB": 15.864159681769
}