{
      "T": 22.65,
      "fer": 1.0,
      "nMSE": NaN,
      "nMSEf": NaN,
      "nMSEm": NaN,
      "nMSEL": NaN,
      "ver": 1.0,
      "verf": 1.0,
      "verm": 1.0,
      "verL": 1.0,
      "ber": 0.40878499999999995,
      "iber": 0.4189583333333335,
      "sber": 0.3935249999999999,
      "ier": 0.7362249999999999,
      "ser": 0.6031749999999999,
      "EbN0dB": 30.0,
      "SNRdB": 39.20818753952375,
      "rate": 8.333333333333334,
      "C": 13.024851086733989,
      "ShannonLimitdB": 15.864159681769
}