{
      "T": 19.6,
      "fer": 1.0,
      "nMSE": 0.9069033683776857,
      "nMSEf": 0.766575211584568,
      "nMSEm": 0.923953161239624,
      "nMSEL": 0.756119364798069,
      "ver": 1.0,
      "verf": 1.0,
      "verm": 1.0,
      "verL": 1.0,
      "ber": 0.4088650000000002,
      "iber": 0.4192916666666666,
      "sber": 0.393225,
      "ier": 0.7340500000000003,
      "ser": 0.6035000000000001,
      "EbN0dB": 31.0,
      "SNRdB": 40.20818753952375,
      "rate": 8.333333333333334,
      "C": 13.357008293459407,
      "ShannonLimitdB": 15.864159681769
}