{
      "T": 24.88,
      "fer": 1.0,
      "nMSE": 0.9059481025695801,
      "nMSEf": 0.7464417445659638,
      "nMSEm": 0.9239636188745499,
      "nMSEL": 0.7755798333883286,
      "ver": 1.0,
      "verf": 1.0,
      "verm": 1.0,
      "verL": 1.0,
      "ber": 0.4116299999999999,
      "iber": 0.42347500000000005,
      "sber": 0.39386249999999995,
      "ier": 0.7386999999999999,
      "ser": 0.6061000000000001,
      "EbN0dB": 32.0,
      "SNRdB": 41.20818753952375,
      "rate": 8.333333333333334,
      "C": 13.689172822041863,
      "ShannonLimitdB": 15.864159681769
}