{
      "T": 19.07,
      "fer": 1.0,
      "nMSE": 0.9078066696166992,
      "nMSEf": 0.7727820736169815,
      "nMSEm": 0.9317634201049805,
      "nMSEL": 0.7603023356199264,
      "ver": 1.0,
      "verf": 1.0,
      "verm": 1.0,
      "verL": 1.0,
      "ber": 0.411365,
      "iber": 0.42132500000000006,
      "sber": 0.396425,
      "ier": 0.7389500000000002,
      "ser": 0.6054999999999999,
      "EbN0dB": 33.0,
      "SNRdB": 42.20818753952375,
      "rate": 8.333333333333334,
      "C": 14.021343166813152,
      "ShannonLimitdB": 15.864159681769
}