{
      "T": 20.37,
      "fer": 1.0,
      "nMSE": 0.9065420646667478,
      "nMSEf": 0.7580653804540635,
      "nMSEm": 0.929374029636383,
      "nMSEL": 0.7506344735622406,
      "ver": 1.0,
      "verf": 1.0,
      "verm": 1.0,
      "verL": 1.0,
      "ber": 0.4106200000000001,
      "iber": 0.42156666666666676,
      "sber": 0.39419999999999983,
      "ier": 0.7395749999999999,
      "ser": 0.6039,
      "EbN0dB": 34.0,
      "SNRdB": 43.20818753952375,
      "rate": 8.333333333333334,
      "C": 14.353518131693244,
      "ShannonLimitdB": 15.864159681769
}