{
      "T": 22.51,
      "fer": 1.0,
      "nMSE": 0.9064451042175296,
      "nMSEf": 0.7569130405783653,
      "nMSEm": 0.9279293137788772,
      "nMSEL": 0.757267315685749,
      "ver": 1.0,
      "verf": 1.0,
      "verm": 1.0,
      "verL": 1.0,
      "ber": 0.4087849999999999,
      "iber": 0.41865833333333347,
      "sber": 0.39397499999999974,
      "ier": 0.7360000000000001,
      "ser": 0.605525,
      "EbN0dB": 35.0,
      "SNRdB": 44.20818753952375,
      "rate": 8.333333333333334,
      "C": 14.685696766548201,
      "ShannonLimitdB": 15.864159681769
}