{
      "T": 35.87,
      "fer": 1.0,
      "nMSE": 0.9071760665893552,
      "nMSEf": 0.7719638758897781,
      "nMSEm": 0.9328912967443466,
      "nMSEL": 0.7578132957220077,
      "ver": 1.0,
      "verf": 1.0,
      "verm": 1.0,
      "verL": 1.0,
      "ber": 0.41228499999999985,
      "iber": 0.4231,
      "sber": 0.3960625,
      "ier": 0.7387749999999997,
      "ser": 0.6059499999999999,
      "EbN0dB": 36.0,
      "SNRdB": 45.20818753952375,
      "rate": 8.333333333333334,
      "C": 15.01787831662586,
      "ShannonLimitdB": 15.864159681769
}