{
      "T": 38.15,
      "fer": 1.0,
      "nMSE": NaN,
      "nMSEf": NaN,
      "nMSEm": NaN,
      "nMSEL": NaN,
      "ver": 1.0,
      "verf": 1.0,
      "verm": 1.0,
      "verL": 1.0,
      "ber": 0.41436500000000004,
      "iber": 0.42306666666666687,
      "sber": 0.40131249999999996,
      "ier": 0.7389500000000001,
      "ser": 0.6117499999999998,
      "EbN0dB": 37.0,
      "SNRdB": 46.20818753952375,
      "rate": 8.333333333333334,
      "C": 15.35006218238385,
      "ShannonLimitdB": 15.864159681769
}