{
      "T": 24.63,
      "fer": 1.0,
      "nMSE": 0.9050019134521482,
      "nMSEf": 0.7452861493825913,
      "nMSEm": 0.9308982050418854,
      "nMSEL": 0.7564739146828652,
      "ver": 1.0,
      "verf": 1.0,
      "verm": 1.0,
      "verL": 1.0,
      "ber": 0.40970499999999993,
      "iber": 0.41979166666666656,
      "sber": 0.3945750000000001,
      "ier": 0.73395,
      "ser": 0.603775,
      "EbN0dB": 38.0,
      "SNRdB": 47.20818753952375,
      "rate": 8.333333333333334,
      "C": 15.682247887575217,
      "ShannonLimitdB": 15.864159681769
}