{
      "T": 29.57,
      "fer": 1.0,
      "nMSE": 0.9060041671752924,
      "nMSEf": 0.74947898209095,
      "nMSEm": 0.9300363194942475,
      "nMSEL": 0.7642313578724861,
      "ver": 1.0,
      "verf": 1.0,
      "verm": 1.0,
      "verL": 1.0,
      "ber": 0.41058999999999996,
      "iber": 0.42161666666666653,
      "sber": 0.39405000000000007,
      "ier": 0.7393000000000001,
      "ser": 0.602325,
      "EbN0dB": 39.0,
      "SNRdB": 48.20818753952375,
      "rate": 8.333333333333334,
      "C": 16.014435053895035,
      "ShannonLimitdB": 15.864159681769
}