{
      "T": 21.79,
      "fer": 1.0,
      "nMSE": 0.9056394195556637,
      "nMSEf": 0.7510962164402009,
      "nMSEm": 0.9257907271385193,
      "nMSEL": 0.7539963340759277,
      "ver": 1.0,
      "verf": 1.0,
      "verm": 1.0,
      "verL": 1.0,
      "ber": 0.4094400000000001,
      "iber": 0.41741666666666666,
      "sber": 0.3974750000000001,
      "ier": 0.7335499999999999,
      "ser": 0.6063249999999999,
      "EbN0dB": 40.0,
      "SNRdB": 49.20818753952375,
      "rate": 8.333333333333334,
      "C": 16.346623380839635,
      "ShannonLimitdB": 15.864159681769
}