{
      "T": 17.59,
      "fer": 1.0,
      "nMSE": 0.9060016563415527,
      "nMSEf": 0.734029438495636,
      "nMSEm": 0.9255794256925582,
      "nMSEL": 0.7563961088657379,
      "ver": 1.0,
      "verf": 1.0,
      "verm": 1.0,
      "verL": 1.0,
      "ber": 0.40972500000000023,
      "iber": 0.41822499999999996,
      "sber": 0.39697499999999997,
      "ier": 0.7332750000000003,
      "ser": 0.606025,
      "EbN0dB": 41.0,
      "SNRdB": 50.20818753952375,
      "rate": 8.333333333333334,
      "C": 16.678812629707075,
      "ShannonLimitdB": 15.864159681769
}