{
      "T": 20.34,
      "fer": 1.0,
      "nMSE": 0.9073499320983884,
      "nMSEf": 0.769894477725029,
      "nMSEm": 0.9308790916204452,
      "nMSEL": 0.7539298245310784,
      "ver": 1.0,
      "verf": 1.0,
      "verm": 1.0,
      "verL": 1.0,
      "ber": 0.41176500000000005,
      "iber": 0.4227666666666666,
      "sber": 0.39526250000000007,
      "ier": 0.74035,
      "ser": 0.6092750000000001,
      "EbN0dB": 42.0,
      "SNRdB": 51.20818753952375,
      "rate": 8.333333333333334,
      "C": 17.01100261088752,
      "ShannonLimitdB": 15.864159681769
}