{
      "T": 20.35,
      "fer": 1.0,
      "nMSE": NaN,
      "nMSEf": NaN,
      "nMSEm": NaN,
      "nMSEL": NaN,
      "ver": 1.0,
      "verf": 1.0,
      "verm": 1.0,
      "verL": 1.0,
      "ber": 0.41082500000000016,
      "iber": 0.4202000000000002,
      "sber": 0.39676249999999996,
      "ier": 0.7385499999999999,
      "ser": 0.60745,
      "EbN0dB": 43.0,
      "SNRdB": 52.20818753952375,
      "rate": 8.333333333333334,
      "C": 17.343193173767173,
      "ShannonLimitdB": 15.864159681769
}