{
      "T": 18.92,
      "fer": 1.0,
      "nMSE": 0.9059834068298342,
      "nMSEf": 0.7481119400262832,
      "nMSEm": 0.9275575649738311,
      "nMSEL": 0.7743748885393142,
      "ver": 1.0,
      "verf": 1.0,
      "verm": 1.0,
      "verL": 1.0,
      "ber": 0.41059500000000004,
      "iber": 0.42045,
      "sber": 0.39581249999999996,
      "ier": 0.7347000000000001,
      "ser": 0.6044999999999997,
      "EbN0dB": 44.0,
      "SNRdB": 53.20818753952375,
      "rate": 8.333333333333334,
      "C": 17.67538419870839,
      "ShannonLimitdB": 15.864159681769
}