{
      "T": 18.03,
      "fer": 1.0,
      "nMSE": 0.9060147941589358,
      "nMSEf": 0.7785896581411361,
      "nMSEm": 0.929153641462326,
      "nMSEL": 0.7503834611177445,
      "ver": 1.0,
      "verf": 1.0,
      "verm": 1.0,
      "verL": 1.0,
      "ber": 0.41001000000000004,
      "iber": 0.42190833333333333,
      "sber": 0.3921625,
      "ier": 0.7370500000000001,
      "ser": 0.601275,
      "EbN0dB": 45.0,
      "SNRdB": 54.20818753952375,
      "rate": 8.333333333333334,
      "C": 18.007575590679068,
      "ShannonLimitdB": 15.864159681769
}