{
      "T": 19.14,
      "fer": 1.0,
      "nMSE": 0.9067598648071292,
      "nMSEf": 0.7746432226896286,
      "nMSEm": 0.9305235314369201,
      "nMSEL": 0.7518315935134887,
      "ver": 1.0,
      "verf": 1.0,
      "verm": 1.0,
      "verL": 1.0,
      "ber": 0.4111549999999999,
      "iber": 0.420775,
      "sber": 0.39672499999999994,
      "ier": 0.7374749999999999,
      "ser": 0.6077999999999999,
      "EbN0dB": 46.0,
      "SNRdB": 55.20818753952375,
      "rate": 8.333333333333334,
      "C": 18.339767274192198,
      "ShannonLimitdB": 15.864159681769
}