{
      "T": 23.78,
      "fer": 1.0,
      "nMSE": 0.9066331565856928,
      "nMSEf": 0.7613367828726768,
      "nMSEm": 0.9279143661260605,
      "nMSEL": 0.7491000071167946,
      "ver": 1.0,
      "verf": 1.0,
      "verm": 1.0,
      "verL": 1.0,
      "ber": 0.40911999999999993,
      "iber": 0.4189833333333332,
      "sber": 0.394325,
      "ier": 0.7368499999999999,
      "ser": 0.6045750000000002,
      "EbN0dB": 47.0,
      "SNRdB": 56.20818753952375,
      "rate": 8.333333333333334,
      "C": 18.671959189286092,
      "ShannonLimitdB": 15.864159681769
}