{
      "T": 23.83,
      "fer": 1.0,
      "nMSE": NaN,
      "nMSEf": NaN,
      "nMSEm": NaN,
      "nMSEL": NaN,
      "ver": 1.0,
      "verf": 1.0,
      "verm": 1.0,
      "verL": 1.0,
      "ber": 0.41398500000000005,
      "iber": 0.4233916666666666,
      "sber": 0.3998749999999999,
      "ier": 0.7366499999999999,
      "ser": 0.6083250000000002,
      "EbN0dB": 48.0,
      "SNRdB": 57.20818753952375,
      "rate": 8.333333333333334,
      "C": 19.004151288331357,
      "ShannonLimitdB": 15.864159681769
}