{
      "T": 18.82,
      "fer": 1.0,
      "nMSE": 0.9068348899841305,
      "nMSEf": 0.758721966445446,
      "nMSEm": 0.9354545539617538,
      "nMSEL": 0.7559143739938736,
      "ver": 1.0,
      "verf": 1.0,
      "verm": 1.0,
      "verL": 1.0,
      "ber": 0.41242999999999985,
      "iber": 0.4225416666666668,
      "sber": 0.3972625000000001,
      "ier": 0.7399999999999998,
      "ser": 0.607375,
      "EbN0dB": 49.0,
      "SNRdB": 58.20818753952375,
      "rate": 8.333333333333334,
      "C": 19.336343533494535,
      "ShannonLimitdB": 15.864159681769
}