{
      "T": 75.58,
      "fer": 1.0,
      "nMSE": 0.42612885892391206,
      "nMSEf": 0.28242629394924734,
      "nMSEm": 0.506838596854359,
      "nMSEL": 0.24998776924141566,
      "ver": 0.9096875,
      "verf": 0.83,
      "verm": 0.98,
      "verL": 0.73,
      "ber": 0.15829427083333336,
      "iber": 0.16046875,
      "sber": 0.1539453125,
      "ier": 0.30171875,
      "ser": 0.233046875,
      "EbN0dB": 1.0,
      "SNRdB": 2.557914937295421,
      "rate": 1.4315004659832247,
      "C": 1.4865353769443581,
      "ShannonLimitdB": 0.7395969076818532
}