{
      "T": 99.2,
      "fer": 1.0,
      "nMSE": 0.2401216883212328,
      "nMSEf": 0.12389180876014506,
      "nMSEm": 0.27592477826272443,
      "nMSEL": 0.11191125749885032,
      "ver": 0.66125,
      "verf": 0.5,
      "verm": 0.71,
      "verL": 0.43,
      "ber": 0.0831640625,
      "iber": 0.083720703125,
      "sber": 0.08205078125,
      "ier": 0.157890625,
      "ser": 0.1241796875,
      "EbN0dB": 2.0,
      "SNRdB": 3.557914937295421,
      "rate": 1.4315004659832247,
      "C": 1.7087502269382326,
      "ShannonLimitdB": 0.7395969076818532
}