{
      "T": 83.26,
      "fer": 1.0,
      "nMSE": 0.04224330104887485,
      "nMSEf": 0.01791805446912802,
      "nMSEm": 0.055881081694276385,
      "nMSEL": 0.03839484447251438,
      "ver": 0.1734375,
      "verf": 0.08,
      "verm": 0.23,
      "verL": 0.15,
      "ber": 0.013554687500000006,
      "iber": 0.013525390625,
      "sber": 0.01361328125,
      "ier": 0.0258984375,
      "ser": 0.02078125,
      "EbN0dB": 3.0,
      "SNRdB": 4.557914937295421,
      "rate": 1.4315004659832247,
      "C": 1.9471869617093733,
      "ShannonLimitdB": 0.7395969076818532
}