{
      "T": 48.47,
      "fer": 0.7,
      "nMSE": 0.009423194989373655,
      "nMSEf": 0.007393594463214167,
      "nMSEm": 0.016044657068878077,
      "nMSEL": 0.006783607296442085,
      "ver": 0.04125,
      "verf": 0.04,
      "verm": 0.06,
      "verL": 0.04,
      "ber": 0.0030533854166666656,
      "iber": 0.003037109375,
      "sber": 0.0030859375,
      "ier": 0.00546875,
      "ser": 0.00453125,
      "EbN0dB": 4.0,
      "SNRdB": 5.557914937295421,
      "rate": 1.4315004659832247,
      "C": 2.2003055304452106,
      "ShannonLimitdB": 0.7395969076818532
}