{
      "T": 25.6851,
      "fer": 0.1305,
      "nMSE": 0.001005365963268415,
      "nMSEf": 0.0009702031692219555,
      "nMSEm": 0.0009023515532117527,
      "nMSEL": 0.0008742479291870028,
      "ver": 0.004478125,
      "verf": 0.0046,
      "verm": 0.0041,
      "verL": 0.0038,
      "ber": 0.0002928385416666666,
      "iber": 0.00029423828125,
      "sber": 0.0002900390625,
      "ier": 0.000548828125,
      "ser": 0.000439453125,
      "EbN0dB": 5.0,
      "SNRdB": 6.557914937295421,
      "rate": 1.4315004659832247,
      "C": 2.4664449137307773,
      "ShannonLimitdB": 0.7395969076818532
}