{
      "T": 19.7654,
      "fer": 0.0817,
      "nMSE": 0.0006114591441879186,
      "nMSEf": 0.0005221721594820909,
      "nMSEm": 0.00048801563603987345,
      "nMSEL": 0.0005742108535714731,
      "ver": 0.0026875,
      "verf": 0.0024,
      "verm": 0.0022,
      "verL": 0.0026,
      "ber": 0.0001717447916666665,
      "iber": 0.00017138671875,
      "sber": 0.0001724609375,
      "ier": 0.000326171875,
      "ser": 0.000263671875,
      "EbN0dB": 5.25,
      "SNRdB": 6.807914937295421,
      "rate": 1.4315004659832247,
      "C": 2.534816583566803,
      "ShannonLimitdB": 0.7395969076818532
}