{
      "T": 15.4839,
      "fer": 0.0512,
      "nMSE": 0.0003706310279120356,
      "nMSEf": 0.0004482611566851589,
      "nMSEm": 0.00035090358599494827,
      "nMSEL": 0.00025303067512741915,
      "ver": 0.001659375,
      "verf": 0.0019,
      "verm": 0.0013,
      "verL": 0.0011,
      "ber": 0.00010514322916666671,
      "iber": 0.0001046875,
      "sber": 0.0001060546875,
      "ier": 0.000203125,
      "ser": 0.0001609375,
      "EbN0dB": 5.5,
      "SNRdB": 7.057914937295421,
      "rate": 1.4315004659832247,
      "C": 2.603870879599015,
      "ShannonLimitdB": 0.7395969076818532
}