{
      "T": 12.569,
      "fer": 0.0293,
      "nMSE": 0.00021278913237715615,
      "nMSEf": 0.0001873652613894526,
      "nMSEm": 0.00022785709276851068,
      "nMSEL": 0.0002184810834404208,
      "ver": 0.00095625,
      "verf": 0.0007,
      "verm": 0.001,
      "verL": 0.0009,
      "ber": 5.9960937499999976e-05,
      "iber": 6.03515625e-05,
      "sber": 5.91796875e-05,
      "ier": 0.00011640625,
      "ser": 8.984375e-05,
      "EbN0dB": 5.75,
      "SNRdB": 7.307914937295421,
      "rate": 1.4315004659832247,
      "C": 2.6735822461298326,
      "ShannonLimitdB": 0.7395969076818532
}