{
      "T": 10.4523,
      "fer": 0.0177,
      "nMSE": 0.00012299036473625963,
      "nMSEf": 0.00018494332931900525,
      "nMSEm": 4.951096071752899e-05,
      "nMSEL": 5.7699996172057256e-05,
      "ver": 0.0005625,
      "verf": 0.0008,
      "verm": 0.0003,
      "verL": 0.0003,
      "ber": 3.417968749999998e-05,
      "iber": 3.3984375e-05,
      "sber": 3.45703125e-05,
      "ier": 6.7578125e-05,
      "ser": 5.3515625e-05,
      "EbN0dB": 6.0,
      "SNRdB": 7.557914937295421,
      "rate": 1.4315004659832247,
      "C": 2.7439255082635032,
      "ShannonLimitdB": 0.7395969076818532
}