{
      "T": 8.6878,
      "fer": 0.012,
      "nMSE": 8.722351935418002e-05,
      "nMSEf": 0.0001231254353029196,
      "nMSEm": 0.0001532998923330605,
      "nMSEL": 8.681689178039171e-05,
      "ver": 0.00038125,
      "verf": 0.0006,
      "verm": 0.0007,
      "verL": 0.0004,
      "ber": 2.5455729166666675e-05,
      "iber": 2.55859375e-05,
      "sber": 2.51953125e-05,
      "ier": 4.8046875e-05,
      "ser": 3.90625e-05,
      "EbN0dB": 6.25,
      "SNRdB": 7.807914937295421,
      "rate": 1.4315004659832247,
      "C": 2.8148759234651424,
      "ShannonLimitdB": 0.7395969076818532
}