{
      "T": 7.7504,
      "fer": 0.0068,
      "nMSE": 4.825204072429219e-05,
      "nMSEf": 4.928607178213491e-05,
      "nMSEm": 0.00014569534919465222,
      "nMSEL": 9.902381275046294e-05,
      "ver": 0.0002125,
      "verf": 0.0003,
      "verm": 0.0006,
      "verL": 0.0004,
      "ber": 1.2890625e-05,
      "iber": 1.298828125e-05,
      "sber": 1.26953125e-05,
      "ier": 2.6171875e-05,
      "ser": 1.9140625e-05,
      "EbN0dB": 6.5,
      "SNRdB": 8.057914937295422,
      "rate": 1.4315004659832247,
      "C": 2.8864092271035413,
      "ShannonLimitdB": 0.7395969076818532
}