{
      "T": 6.9582,
      "fer": 0.0031,
      "nMSE": 2.1734207112407237e-05,
      "nMSEf": 1.1044593926416891e-06,
      "nMSEm": 2.5300478232573054e-05,
      "nMSEL": 9.84605047725692e-07,
      "ver": 9.6875e-05,
      "verf": 0.0,
      "verm": 0.0001,
      "verL": 0.0,
      "ber": 6.640624999999999e-06,
      "iber": 6.25e-06,
      "sber": 7.421875e-06,
      "ier": 1.2109375e-05,
      "ser": 1.0546875e-05,
      "EbN0dB": 6.75,
      "SNRdB": 8.307914937295422,
      "rate": 1.4315004659832247,
      "C": 2.958501672173835,
      "ShannonLimitdB": 0.7395969076818532
}