{
      "T": 6.4937,
      "fer": 0.0017,
      "nMSE": 1.1872579668041162e-05,
      "nMSEf": 1.311205229669865e-09,
      "nMSEm": 2.6142427444386914e-06,
      "nMSEL": 9.35314312032101e-07,
      "ver": 5.625e-05,
      "verf": 0.0,
      "verm": 0.0,
      "verL": 0.0,
      "ber": 3.2552083333333335e-06,
      "iber": 3.125e-06,
      "sber": 3.515625e-06,
      "ier": 6.25e-06,
      "ser": 5.078125e-06,
      "EbN0dB": 7.0,
      "SNRdB": 8.557914937295422,
      "rate": 1.4315004659832247,
      "C": 3.0311300634353495,
      "ShannonLimitdB": 0.7395969076818532
}