{
      "T": 6.1774,
      "fer": 0.0012,
      "nMSE": 8.506453192835025e-06,
      "nMSEf": 5.702909332437119e-11,
      "nMSEm": 2.2630003220390106e-05,
      "nMSEL": 1.4852960706769126e-10,
      "ver": 3.75e-05,
      "verf": 0.0,
      "verm": 0.0001,
      "verL": 0.0,
      "ber": 2.278645833333334e-06,
      "iber": 2.05078125e-06,
      "sber": 2.734375e-06,
      "ier": 4.296875e-06,
      "ser": 3.515625e-06,
      "EbN0dB": 7.25,
      "SNRdB": 8.807914937295422,
      "rate": 1.4315004659832247,
      "C": 3.1042717862314597,
      "ShannonLimitdB": 0.7395969076818532
}