{
      "T": 5.9992,
      "fer": 0.0002,
      "nMSE": 1.6584220291689787e-06,
      "nMSEf": 4.0914508518040634e-10,
      "nMSEm": 2.4996335877663335e-05,
      "nMSEL": 8.322187736469634e-13,
      "ver": 6.25e-06,
      "verf": 0.0,
      "verm": 0.0001,
      "verL": 0.0,
      "ber": 3.90625e-07,
      "iber": 4.8828125e-07,
      "sber": 1.953125e-07,
      "ier": 7.8125e-07,
      "ser": 3.90625e-07,
      "EbN0dB": 7.5,
      "SNRdB": 9.057914937295422,
      "rate": 1.4315004659832247,
      "C": 3.177904830282453,
      "ShannonLimitdB": 0.7395969076818532
}