{
      "T": 5.8419,
      "fer": 0.0001,
      "nMSE": 8.00172188559941e-07,
      "nMSEf": 8.789328518285612e-11,
      "nMSEm": 3.5071160645643953e-15,
      "nMSEL": 1.4205832554254484e-12,
      "ver": 3.125e-06,
      "verf": 0.0,
      "verm": 0.0,
      "verL": 0.0,
      "ber": 1.953125e-07,
      "iber": 1.953125e-07,
      "sber": 1.953125e-07,
      "ier": 3.90625e-07,
      "ser": 3.90625e-07,
      "EbN0dB": 7.75,
      "SNRdB": 9.307914937295422,
      "rate": 1.4315004659832247,
      "C": 3.252007808759934,
      "ShannonLimitdB": 0.7395969076818532
}