{
      "T": 5.6941,
      "fer": 0.0002,
      "nMSE": 1.5598065185824321e-06,
      "nMSEf": 2.3706692674597427e-17,
      "nMSEm": 2.4604091051581426e-05,
      "nMSEL": 1.3248098254593758e-15,
      "ver": 6.25e-06,
      "verf": 0.0,
      "verm": 0.0001,
      "verL": 0.0,
      "ber": 5.208333333333334e-07,
      "iber": 3.90625e-07,
      "sber": 7.8125e-07,
      "ier": 7.8125e-07,
      "ser": 7.8125e-07,
      "EbN0dB": 8.0,
      "SNRdB": 9.557914937295422,
      "rate": 1.4315004659832247,
      "C": 3.3265599729627167,
      "ShannonLimitdB": 0.7395969076818532
}