{
      "T": 10.0,
      "fer": 1.0,
      "nMSE": 0.8596502540588378,
      "nMSEf": 0.8280525720119476,
      "nMSEm": 0.8700846338272095,
      "nMSEL": 0.8325513499975205,
      "ver": 1.0,
      "verf": 1.0,
      "verm": 1.0,
      "verL": 1.0,
      "ber": 0.31427999999999995,
      "iber": 0.3217333333333333,
      "sber": 0.3031,
      "ier": 0.5614250000000001,
      "ser": 0.467525,
      "EbN0dB": 1.0,
      "SNRdB": 2.14638779968488,
      "rate": 1.3020833333333333,
      "C": 1.4001147844307171,
      "ShannonLimitdB": 0.5144988617911197
}