{
      "T": 100.0,
      "fer": 1.0,
      "nMSE": 0.5670613037109373,
      "nMSEf": 0.3617068825662136,
      "nMSEm": 0.6112931585311889,
      "nMSEL": 0.36587681353092194,
      "ver": 0.9771999999999994,
      "verf": 0.72,
      "verm": 1.0,
      "verL": 0.82,
      "ber": 0.17137,
      "iber": 0.17409166666666664,
      "sber": 0.1672875,
      "ier": 0.30670000000000003,
      "ser": 0.25709999999999994,
      "EbN0dB": 10.0,
      "SNRdB": 11.14638779968488,
      "rate": 1.3020833333333333,
      "C": 3.809500193889161,
      "ShannonLimitdB": 0.5144988617911197
}