{
      "T": 100.0,
      "fer": 1.0,
      "nMSE": 0.4700728610992432,
      "nMSEf": 0.24837910525500775,
      "nMSEm": 0.5475173860788345,
      "nMSEL": 0.25262430638074873,
      "ver": 0.9739999999999996,
      "verf": 0.79,
      "verm": 1.0,
      "verL": 0.74,
      "ber": 0.155195,
      "iber": 0.15899166666666673,
      "sber": 0.1495,
      "ier": 0.2778,
      "ser": 0.22937500000000002,
      "EbN0dB": 10.0,
      "SNRdB": 11.14638779968488,
      "rate": 1.3020833333333333,
      "C": 3.809500193889161,
      "ShannonLimitdB": 0.5144988617911197
}