{
      "T": 10.0,
      "fer": 0.99,
      "nMSE": 0.2527850723981857,
      "nMSEf": 0.12213919254019856,
      "nMSEm": 0.30501005802303555,
      "nMSEL": 0.12205254837870598,
      "ver": 0.7192000000000003,
      "verf": 0.37,
      "verm": 0.84,
      "verL": 0.34,
      "ber": 0.06639500000000002,
      "iber": 0.06775833333333334,
      "sber": 0.06435000000000002,
      "ier": 0.11759999999999994,
      "ser": 0.0984,
      "EbN0dB": 10.0,
      "SNRdB": 11.14638779968488,
      "rate": 1.3020833333333333,
      "C": 3.809500193889161,
      "ShannonLimitdB": 0.5144988617911197
}