{
      "T": 10.0,
      "fer": 1.0,
      "nMSE": 0.7483165443420415,
      "nMSEf": 0.6200032311677933,
      "nMSEm": 0.7757000881433487,
      "nMSEL": 0.6221391394734382,
      "ver": 0.9935999999999997,
      "verf": 0.94,
      "verm": 1.0,
      "verL": 0.91,
      "ber": 0.20338500000000004,
      "iber": 0.20703333333333326,
      "sber": 0.19791250000000013,
      "ier": 0.3622000000000001,
      "ser": 0.304225,
      "EbN0dB": 10.0,
      "SNRdB": 11.14638779968488,
      "rate": 1.3020833333333333,
      "C": 3.809500193889161,
      "ShannonLimitdB": 0.5144988617911197
}