{
      "T": 100.0,
      "fer": 1.0,
      "nMSE": 0.5351843242645262,
      "nMSEf": 0.32110955119132994,
      "nMSEm": 0.5995337042212486,
      "nMSEL": 0.31763071328401565,
      "ver": 0.9627999999999994,
      "verf": 0.7,
      "verm": 0.99,
      "verL": 0.66,
      "ber": 0.158005,
      "iber": 0.16084166666666666,
      "sber": 0.15375000000000003,
      "ier": 0.283725,
      "ser": 0.2361000000000001,
      "EbN0dB": 11.0,
      "SNRdB": 12.14638779968488,
      "rate": 1.3020833333333333,
      "C": 4.120373338916838,
      "ShannonLimitdB": 0.5144988617911197
}