{
      "T": 100.0,
      "fer": 1.0,
      "nMSE": 0.43818604812622075,
      "nMSEf": 0.20913947604596614,
      "nMSEm": 0.5168001022934914,
      "nMSEL": 0.21122377060353756,
      "ver": 0.9555999999999998,
      "verf": 0.62,
      "verm": 1.0,
      "verL": 0.68,
      "ber": 0.14591500000000004,
      "iber": 0.14905833333333338,
      "sber": 0.14119999999999994,
      "ier": 0.26034999999999997,
      "ser": 0.216425,
      "EbN0dB": 11.0,
      "SNRdB": 12.14638779968488,
      "rate": 1.3020833333333333,
      "C": 4.120373338916838,
      "ShannonLimitdB": 0.5144988617911197
}