{
      "T": 10.0,
      "fer": 1.0,
      "nMSE": 0.7364540817260743,
      "nMSEf": 0.5889020979404449,
      "nMSEm": 0.7646923756599426,
      "nMSEL": 0.5879525190591812,
      "ver": 0.9863999999999996,
      "verf": 0.83,
      "verm": 1.0,
      "verL": 0.88,
      "ber": 0.19387000000000007,
      "iber": 0.1978666666666666,
      "sber": 0.18787500000000001,
      "ier": 0.34690000000000004,
      "ser": 0.2892,
      "EbN0dB": 11.0,
      "SNRdB": 12.14638779968488,
      "rate": 1.3020833333333333,
      "C": 4.120373338916838,
      "ShannonLimitdB": 0.5144988617911197
}