{
      "T": 10.0,
      "fer": 0.43,
      "nMSE": 0.057908728185832474,
      "nMSEf": 0.029553903354123112,
      "nMSEm": 0.08015570013225676,
      "nMSEL": 0.02511941563599537,
      "ver": 0.1751999999999999,
      "verf": 0.1,
      "verm": 0.26,
      "verL": 0.05,
      "ber": 0.011484999999999999,
      "iber": 0.012016666666666667,
      "sber": 0.010687499999999999,
      "ier": 0.020924999999999992,
      "ser": 0.01665,
      "EbN0dB": 11.0,
      "SNRdB": 12.14638779968488,
      "rate": 1.3020833333333333,
      "C": 4.120373338916838,
      "ShannonLimitdB": 0.5144988617911197
}