{
      "T": 100.0,
      "fer": 1.0,
      "nMSE": 0.40456860275268575,
      "nMSEf": 0.17997388735413553,
      "nMSEm": 0.5005561581254006,
      "nMSEL": 0.17728413529694081,
      "ver": 0.9427999999999997,
      "verf": 0.64,
      "verm": 1.0,
      "verL": 0.62,
      "ber": 0.13348000000000007,
      "iber": 0.13821666666666663,
      "sber": 0.12637500000000004,
      "ier": 0.24057499999999998,
      "ser": 0.19570000000000004,
      "EbN0dB": 12.0,
      "SNRdB": 13.14638779968488,
      "rate": 1.3020833333333333,
      "C": 4.435403912816863,
      "ShannonLimitdB": 0.5144988617911197
}