{
      "T": 10.0,
      "fer": 1.0,
      "nMSE": 0.7275542587280275,
      "nMSEf": 0.5606160208582878,
      "nMSEm": 0.7639934748411179,
      "nMSEL": 0.5541381576657295,
      "ver": 0.9811999999999993,
      "verf": 0.81,
      "verm": 1.0,
      "verL": 0.77,
      "ber": 0.18744500000000014,
      "iber": 0.19115833333333335,
      "sber": 0.18187499999999993,
      "ier": 0.3347999999999999,
      "ser": 0.2801249999999999,
      "EbN0dB": 12.0,
      "SNRdB": 13.14638779968488,
      "rate": 1.3020833333333333,
      "C": 4.435403912816863,
      "ShannonLimitdB": 0.5144988617911197
}