{
      "T": 10.0,
      "fer": 1.0,
      "nMSE": 0.7164946853637696,
      "nMSEf": 0.5181733474135399,
      "nMSEm": 0.7648656898736954,
      "nMSEL": 0.5290090864896775,
      "ver": 0.9755999999999994,
      "verf": 0.77,
      "verm": 1.0,
      "verL": 0.73,
      "ber": 0.18151,
      "iber": 0.18591666666666667,
      "sber": 0.17489999999999997,
      "ier": 0.32460000000000006,
      "ser": 0.27079999999999993,
      "EbN0dB": 13.0,
      "SNRdB": 14.14638779968488,
      "rate": 1.3020833333333333,
      "C": 4.753817269953493,
      "ShannonLimitdB": 0.5144988617911197
}