{
      "T": 100.0,
      "fer": 1.0,
      "nMSE": 0.37229583816528333,
      "nMSEf": 0.14811638846993447,
      "nMSEm": 0.451489205956459,
      "nMSEL": 0.15151555970311165,
      "ver": 0.9196000000000001,
      "verf": 0.56,
      "verm": 1.0,
      "verL": 0.6,
      "ber": 0.118825,
      "iber": 0.12215,
      "sber": 0.11383750000000005,
      "ier": 0.21419999999999992,
      "ser": 0.17359999999999995,
      "EbN0dB": 13.0,
      "SNRdB": 14.14638779968488,
      "rate": 1.3020833333333333,
      "C": 4.753817269953493,
      "ShannonLimitdB": 0.5144988617911197
}