{
      "T": 100.0,
      "fer": 1.0,
      "nMSE": 0.3548461757659915,
      "nMSEf": 0.12740399971604346,
      "nMSEm": 0.4460561439394951,
      "nMSEL": 0.12451312430202961,
      "ver": 0.9092000000000001,
      "verf": 0.55,
      "verm": 1.0,
      "verL": 0.52,
      "ber": 0.11394999999999994,
      "iber": 0.11774166666666665,
      "sber": 0.1082625,
      "ier": 0.20647500000000008,
      "ser": 0.16562499999999997,
      "EbN0dB": 14.0,
      "SNRdB": 15.14638779968488,
      "rate": 1.3020833333333333,
      "C": 5.0749701004959435,
      "ShannonLimitdB": 0.5144988617911197
}