{
      "T": 100.0,
      "fer": 1.0,
      "nMSE": 0.3246999504089355,
      "nMSEf": 0.09956975020468235,
      "nMSEm": 0.42545668393373487,
      "nMSEL": 0.10945687636733055,
      "ver": 0.8728000000000006,
      "verf": 0.43,
      "verm": 0.98,
      "verL": 0.44,
      "ber": 0.10275499999999997,
      "iber": 0.106425,
      "sber": 0.09725000000000002,
      "ier": 0.18515000000000012,
      "ser": 0.14922499999999997,
      "EbN0dB": 15.0,
      "SNRdB": 16.14638779968488,
      "rate": 1.3020833333333333,
      "C": 5.398332937451251,
      "ShannonLimitdB": 0.5144988617911197
}