{
      "T": 100.0,
      "fer": 1.0,
      "nMSE": 0.3088647729873657,
      "nMSEf": 0.08869878929108381,
      "nMSEm": 0.42272102743387224,
      "nMSEL": 0.09010710570961238,
      "ver": 0.8616000000000007,
      "verf": 0.39,
      "verm": 0.99,
      "verL": 0.42,
      "ber": 0.09814000000000003,
      "iber": 0.10140000000000005,
      "sber": 0.09324999999999997,
      "ier": 0.17695000000000005,
      "ser": 0.14152500000000004,
      "EbN0dB": 16.0,
      "SNRdB": 17.14638779968488,
      "rate": 1.3020833333333333,
      "C": 5.723473132115484,
      "ShannonLimitdB": 0.5144988617911197
}