{
      "T": 100.0,
      "fer": 1.0,
      "nMSE": 0.2919772216796875,
      "nMSEf": 0.07347723565995694,
      "nMSEm": 0.41144597679376604,
      "nMSEL": 0.07218091703951358,
      "ver": 0.8448000000000007,
      "verf": 0.42,
      "verm": 0.97,
      "verL": 0.29,
      "ber": 0.091285,
      "iber": 0.09450833333333336,
      "sber": 0.08644999999999997,
      "ier": 0.16547499999999998,
      "ser": 0.13182500000000005,
      "EbN0dB": 17.0,
      "SNRdB": 18.14638779968488,
      "rate": 1.3020833333333333,
      "C": 6.050039176833625,
      "ShannonLimitdB": 0.5144988617911197
}