{
      "T": 10.0,
      "fer": 1.0,
      "nMSE": 0.8480963127136234,
      "nMSEf": 0.8186576932668685,
      "nMSEm": 0.848602854013443,
      "nMSEL": 0.8194112133979797,
      "ver": 1.0,
      "verf": 1.0,
      "verm": 1.0,
      "verL": 1.0,
      "ber": 0.29531999999999997,
      "iber": 0.3022500000000001,
      "sber": 0.28492499999999976,
      "ier": 0.5292750000000002,
      "ser": 0.44007500000000005,
      "EbN0dB": 2.0,
      "SNRdB": 3.14638779968488,
      "rate": 1.3020833333333333,
      "C": 1.6152576161036365,
      "ShannonLimitdB": 0.5144988617911197
}