{
      "T": 10.0,
      "fer": 1.0,
      "nMSE": 0.8417044219970706,
      "nMSEf": 0.8042056965827942,
      "nMSEm": 0.8526231247186661,
      "nMSEL": 0.8081592273712158,
      "ver": 1.0,
      "verf": 1.0,
      "verm": 1.0,
      "verL": 1.0,
      "ber": 0.28657499999999997,
      "iber": 0.2916499999999999,
      "sber": 0.2789625,
      "ier": 0.511525,
      "ser": 0.4281749999999998,
      "EbN0dB": 3.0,
      "SNRdB": 4.14638779968488,
      "rate": 1.3020833333333333,
      "C": 1.8471943068374848,
      "ShannonLimitdB": 0.5144988617911197
}