{
      "T": 10.0,
      "fer": 1.0,
      "nMSE": 0.8282387367248532,
      "nMSEf": 0.7805507069826126,
      "nMSEm": 0.8387432014942169,
      "nMSEL": 0.783023030757904,
      "ver": 1.0,
      "verf": 1.0,
      "verm": 1.0,
      "verL": 1.0,
      "ber": 0.26976,
      "iber": 0.27620833333333333,
      "sber": 0.26008749999999997,
      "ier": 0.4831000000000001,
      "ser": 0.4007,
      "EbN0dB": 4.0,
      "SNRdB": 5.14638779968488,
      "rate": 1.3020833333333333,
      "C": 2.094467645267668,
      "ShannonLimitdB": 0.5144988617911197
}