{
      "T": 10.0,
      "fer": 1.0,
      "nMSE": 0.8148940040588382,
      "nMSEf": 0.7640868705511094,
      "nMSEm": 0.8281755739450455,
      "nMSEL": 0.7726656657457351,
      "ver": 1.0,
      "verf": 1.0,
      "verm": 1.0,
      "verL": 1.0,
      "ber": 0.25531,
      "iber": 0.2599916666666666,
      "sber": 0.2482875,
      "ier": 0.45520000000000005,
      "ser": 0.38084999999999986,
      "EbN0dB": 5.0,
      "SNRdB": 6.14638779968488,
      "rate": 1.3020833333333333,
      "C": 2.3554530213097746,
      "ShannonLimitdB": 0.5144988617911197
}