{
      "T": 10.0,
      "fer": 1.0,
      "nMSE": 0.8036304664611812,
      "nMSEf": 0.7421968042850494,
      "nMSEm": 0.8154271590709686,
      "nMSEL": 0.7453292191028595,
      "ver": 0.9996,
      "verf": 1.0,
      "verm": 1.0,
      "verL": 0.99,
      "ber": 0.24570499999999995,
      "iber": 0.2510166666666666,
      "sber": 0.2377375,
      "ier": 0.43782499999999985,
      "ser": 0.3651499999999999,
      "EbN0dB": 6.0,
      "SNRdB": 7.14638779968488,
      "rate": 1.3020833333333333,
      "C": 2.6284673233417974,
      "ShannonLimitdB": 0.5144988617911197
}