{
      "T": 10.0,
      "fer": 1.0,
      "nMSE": 0.7894017707824708,
      "nMSEf": 0.7158114552497864,
      "nMSEm": 0.8056453573703766,
      "nMSEL": 0.7155452179908752,
      "ver": 1.0,
      "verf": 1.0,
      "verm": 1.0,
      "verL": 1.0,
      "ber": 0.23311499999999996,
      "iber": 0.23787499999999998,
      "sber": 0.22597500000000015,
      "ier": 0.41622499999999996,
      "ser": 0.3466999999999999,
      "EbN0dB": 7.0,
      "SNRdB": 8.14638779968488,
      "rate": 1.3020833333333333,
      "C": 2.911859411293135,
      "ShannonLimitdB": 0.5144988617911197
}