{
      "T": 10.0,
      "fer": 1.0,
      "nMSE": 0.7755086082458498,
      "nMSEf": 0.6892161631584167,
      "nMSEm": 0.7976149702072144,
      "nMSEL": 0.6851451635360718,
      "ver": 0.9983999999999998,
      "verf": 0.99,
      "verm": 1.0,
      "verL": 0.97,
      "ber": 0.22083500000000011,
      "iber": 0.22604999999999997,
      "sber": 0.21301250000000008,
      "ier": 0.3942999999999999,
      "ser": 0.3298249999999999,
      "EbN0dB": 8.0,
      "SNRdB": 9.14638779968488,
      "rate": 1.3020833333333333,
      "C": 3.2040765991636886,
      "ShannonLimitdB": 0.5144988617911197
}