{
      "T": 10.0,
      "fer": 1.0,
      "nMSE": 0.76277625579834,
      "nMSEf": 0.6581146711111069,
      "nMSEm": 0.7844757920503617,
      "nMSEL": 0.6587372469902039,
      "ver": 0.9963999999999997,
      "verf": 0.96,
      "verm": 1.0,
      "verL": 0.95,
      "ber": 0.21436999999999995,
      "iber": 0.2191833333333334,
      "sber": 0.20715000000000003,
      "ier": 0.38259999999999983,
      "ser": 0.31850000000000017,
      "EbN0dB": 9.0,
      "SNRdB": 10.14638779968488,
      "rate": 1.3020833333333333,
      "C": 3.503706890805673,
      "ShannonLimitdB": 0.5144988617911197
}