{
      "T": 86.89,
      "fer": 1.0,
      "nMSE": 0.6222702067982067,
      "nMSEf": 0.24918345936225023,
      "nMSEm": 0.7195968958735466,
      "nMSEL": 0.23907426251594416,
      "ver": 0.9636363636363644,
      "verf": 0.74,
      "verm": 1.0,
      "verL": 0.73,
      "ber": 0.24727651515151522,
      "iber": 0.25009659090909087,
      "sber": 0.2416363636363636,
      "ier": 0.46968181818181826,
      "ser": 0.36609090909090924,
      "EbN0dB": 3.0,
      "SNRdB": 6.979400086720376,
      "rate": 2.5,
      "C": 2.5821117549330403,
      "ShannonLimitdB": 2.701526368982832
}