{
      "T": 99.97,
      "fer": 1.0,
      "nMSE": 0.5049613327329808,
      "nMSEf": 0.11450244920938538,
      "nMSEm": 0.6360648457624429,
      "nMSEL": 0.11198828395092765,
      "ver": 0.8403636363636366,
      "verf": 0.39,
      "verm": 0.99,
      "verL": 0.39,
      "ber": 0.1948371212121212,
      "iber": 0.19682386363636367,
      "sber": 0.1908636363636364,
      "ier": 0.3682045454545455,
      "ser": 0.2896590909090909,
      "EbN0dB": 4.0,
      "SNRdB": 7.979400086720376,
      "rate": 2.5,
      "C": 2.8638821839772,
      "ShannonLimitdB": 2.701526368982832
}