{
      "T": 66.59,
      "fer": 0.37,
      "nMSE": 0.0717092200639812,
      "nMSEf": 0.0025824563316313963,
      "nMSEm": 0.11667982520403122,
      "nMSEL": 0.010244815043476836,
      "ver": 0.13,
      "verf": 0.01,
      "verm": 0.18,
      "verL": 0.03,
      "ber": 0.026791666666666672,
      "iber": 0.027034090909090903,
      "sber": 0.026306818181818185,
      "ier": 0.0509090909090909,
      "ser": 0.039863636363636365,
      "EbN0dB": 5.0,
      "SNRdB": 8.979400086720375,
      "rate": 2.5,
      "C": 3.1547280659411814,
      "ShannonLimitdB": 2.701526368982832
}