{
      "T": 54.6529,
      "fer": 0.204,
      "nMSE": 0.02919322291304915,
      "nMSEf": 0.003223914570854494,
      "nMSEm": 0.046546457809484174,
      "nMSEL": 0.003152933673318163,
      "ver": 0.05115818181818132,
      "verf": 0.01,
      "verm": 0.0762,
      "verL": 0.0106,
      "ber": 0.010777803030302914,
      "iber": 0.01088312499999989,
      "sber": 0.01056715909090899,
      "ier": 0.020441136363636165,
      "ser": 0.016040227272727133,
      "EbN0dB": 5.25,
      "SNRdB": 9.229400086720375,
      "rate": 2.5,
      "C": 3.2286857223535024,
      "ShannonLimitdB": 2.701526368982832
}