{
      "T": 42.1493,
      "fer": 0.0922,
      "nMSE": 0.007370848648594222,
      "nMSEf": 0.0005289070493863052,
      "nMSEm": 0.011945351338395754,
      "nMSEL": 0.000844946841162689,
      "ver": 0.013238181818181746,
      "verf": 0.0021,
      "verm": 0.0197,
      "verL": 0.0031,
      "ber": 0.002701022727272704,
      "iber": 0.0027217045454545298,
      "sber": 0.0026596590909090958,
      "ier": 0.005106590909090899,
      "ser": 0.004017727272727279,
      "EbN0dB": 5.5,
      "SNRdB": 9.479400086720375,
      "rate": 2.5,
      "C": 3.303099011361858,
      "ShannonLimitdB": 2.701526368982832
}