{
      "T": 33.4707,
      "fer": 0.0507,
      "nMSE": 0.0017067107756355358,
      "nMSEf": 0.00024528362770883256,
      "nMSEm": 0.0025976130135686635,
      "nMSEL": 0.0002046923433461791,
      "ver": 0.003398181818181827,
      "verf": 0.0011,
      "verm": 0.0049,
      "verL": 0.0009,
      "ber": 0.0006167424242424246,
      "iber": 0.0006264772727272714,
      "sber": 0.0005972727272727257,
      "ier": 0.001162727272727267,
      "ser": 0.0009059090909090873,
      "EbN0dB": 5.75,
      "SNRdB": 9.729400086720375,
      "rate": 2.5,
      "C": 3.377947628346769,
      "ShannonLimitdB": 2.701526368982832
}