{
      "T": 27.6245,
      "fer": 0.0284,
      "nMSE": 0.0004323987965595714,
      "nMSEf": 0.00010844737970832545,
      "nMSEm": 0.0005061198741402338,
      "nMSEL": 0.00013822048610150019,
      "ver": 0.0010436363636363627,
      "verf": 0.0004,
      "verm": 0.001,
      "verL": 0.0007,
      "ber": 0.00014821969696969683,
      "iber": 0.0001489204545454546,
      "sber": 0.00014681818181818196,
      "ier": 0.00027795454545454586,
      "ser": 0.00022227272727272688,
      "EbN0dB": 6.0,
      "SNRdB": 9.979400086720375,
      "rate": 2.5,
      "C": 3.4532119225071667,
      "ShannonLimitdB": 2.701526368982832
}