{
      "T": 23.6572,
      "fer": 0.0168,
      "nMSE": 0.00013641426791380438,
      "nMSEf": 3.700292033114499e-05,
      "nMSEm": 0.00018537185837893327,
      "nMSEL": 2.6887240594045048e-05,
      "ver": 0.0004036363636363625,
      "verf": 0.0002,
      "verm": 0.0004,
      "verL": 0.0001,
      "ber": 4.200757575757579e-05,
      "iber": 4.170454545454547e-05,
      "sber": 4.261363636363639e-05,
      "ier": 7.909090909090938e-05,
      "ser": 6.318181818181839e-05,
      "EbN0dB": 6.25,
      "SNRdB": 10.229400086720375,
      "rate": 2.5,
      "C": 3.528872901337136,
      "ShannonLimitdB": 2.701526368982832
}