{
      "T": 20.8391,
      "fer": 0.0083,
      "nMSE": 3.562897207921632e-05,
      "nMSEf": 2.652470991264956e-05,
      "nMSEm": 7.113535541959147e-05,
      "nMSEL": 6.209600843234205e-08,
      "ver": 0.00015272727272727245,
      "verf": 0.0001,
      "verm": 0.0003,
      "verL": 0.0,
      "ber": 9.128787878787874e-06,
      "iber": 9.772727272727263e-06,
      "sber": 7.840909090909088e-06,
      "ier": 1.8409090909090876e-05,
      "ser": 1.2727272727272728e-05,
      "EbN0dB": 6.5,
      "SNRdB": 10.479400086720375,
      "rate": 2.5,
      "C": 3.6049122319006153,
      "ShannonLimitdB": 2.701526368982832
}