{
      "T": 18.9565,
      "fer": 0.0034,
      "nMSE": 2.316228896379471e-05,
      "nMSEf": -0.00010471367835998536,
      "nMSEm": -0.00012418868541717528,
      "nMSEL": -0.000224218487739563,
      "ver": 6.181818181818183e-05,
      "verf": 0.0002,
      "verm": 0.0,
      "verL": 0.0,
      "ber": 3.8636363636363645e-06,
      "iber": 3.806818181818182e-06,
      "sber": 3.9772727272727275e-06,
      "ier": 7.727272727272729e-06,
      "ser": 5.90909090909091e-06,
      "EbN0dB": 6.75,
      "SNRdB": 10.729400086720375,
      "rate": 2.5,
      "C": 3.6813122392159516,
      "ShannonLimitdB": 2.701526368982832
}