{
      "T": 17.6618,
      "fer": 0.0018,
      "nMSE": 1.081930473446846e-05,
      "nMSEf": 0.00011152374744415283,
      "nMSEm": 0.00015858393907546998,
      "nMSEL": -0.0002539008617401123,
      "ver": 3.272727272727273e-05,
      "verf": 0.0,
      "verm": 0.0,
      "verL": 0.0,
      "ber": 2.007575757575757e-06,
      "iber": 1.8181818181818185e-06,
      "sber": 2.3863636363636367e-06,
      "ier": 3.636363636363637e-06,
      "ser": 3.8636363636363645e-06,
      "EbN0dB": 7.0,
      "SNRdB": 10.979400086720375,
      "rate": 2.5,
      "C": 3.758055902051297,
      "ShannonLimitdB": 2.701526368982832
}