{
      "T": 86.47,
      "fer": 1.0,
      "nMSE": 0.6297881274223329,
      "nMSEf": 0.25925957254207677,
      "nMSEm": 0.7271559691429138,
      "nMSEL": 0.2304176634591988,
      "ver": 0.9614999999999996,
      "verf": 0.73,
      "verm": 1.0,
      "verL": 0.63,
      "ber": 0.25056249999999997,
      "iber": 0.25310937500000014,
      "sber": 0.24546874999999996,
      "ier": 0.47503125,
      "ser": 0.3703125,
      "EbN0dB": 3.0,
      "SNRdB": 6.979400086720376,
      "rate": 2.5,
      "C": 2.5821117549330403,
      "ShannonLimitdB": 2.701526368982832
}