{
      "T": 100.0,
      "fer": 1.0,
      "nMSE": 0.5174964767936618,
      "nMSEf": 0.1260772867749394,
      "nMSEm": 0.6629948270747795,
      "nMSEL": 0.13298657394583083,
      "ver": 0.8435000000000001,
      "verf": 0.35,
      "verm": 0.97,
      "verL": 0.39,
      "ber": 0.20061458333333346,
      "iber": 0.20263281249999998,
      "sber": 0.19657812500000005,
      "ier": 0.37878125000000007,
      "ser": 0.29846875,
      "EbN0dB": 4.0,
      "SNRdB": 7.979400086720376,
      "rate": 2.5,
      "C": 2.8638821839772,
      "ShannonLimitdB": 2.701526368982832
}