{
      "T": 76.1,
      "fer": 0.42,
      "nMSE": 0.12215805955609335,
      "nMSEf": 0.012217788333576143,
      "nMSEm": 0.2095027582023398,
      "nMSEL": 0.0034685758334251724,
      "ver": 0.21,
      "verf": 0.05,
      "verm": 0.33,
      "verL": 0.02,
      "ber": 0.04500520833333333,
      "iber": 0.04523437499999999,
      "sber": 0.04454687500000001,
      "ier": 0.08556249999999997,
      "ser": 0.06678124999999999,
      "EbN0dB": 5.0,
      "SNRdB": 8.979400086720375,
      "rate": 2.5,
      "C": 3.1547280659411814,
      "ShannonLimitdB": 2.701526368982832
}