{
      "T": 59.7745,
      "fer": 0.2699,
      "nMSE": 0.0622937350430748,
      "nMSEf": 0.0066402219771690245,
      "nMSEm": 0.09794537533147778,
      "nMSEL": 0.007448786156511967,
      "ver": 0.10424499999999862,
      "verf": 0.0217,
      "verm": 0.1533,
      "verL": 0.0246,
      "ber": 0.022968281250000125,
      "iber": 0.02322203124999997,
      "sber": 0.02246078125000022,
      "ier": 0.04361000000000054,
      "ser": 0.034036250000000365,
      "EbN0dB": 5.25,
      "SNRdB": 9.229400086720375,
      "rate": 2.5,
      "C": 3.2286857223535024,
      "ShannonLimitdB": 2.701526368982832
}