{
      "T": 44.9388,
      "fer": 0.1291,
      "nMSE": 0.021552500326143646,
      "nMSEf": 0.0029503163274302055,
      "nMSEm": 0.03383787032076026,
      "nMSEL": 0.0026989705638750193,
      "ver": 0.036557499999999805,
      "verf": 0.0095,
      "verm": 0.0529,
      "verL": 0.0087,
      "ber": 0.007913124999999977,
      "iber": 0.007998125000000017,
      "sber": 0.00774312499999999,
      "ier": 0.014961562500000011,
      "ser": 0.0117409374999999,
      "EbN0dB": 5.5,
      "SNRdB": 9.479400086720375,
      "rate": 2.5,
      "C": 3.303099011361858,
      "ShannonLimitdB": 2.701526368982832
}