{
      "T": 35.6609,
      "fer": 0.064,
      "nMSE": 0.007906059329842674,
      "nMSEf": 0.0008627899542000318,
      "nMSEm": 0.012731256373330661,
      "nMSEL": 0.0005619274804485399,
      "ver": 0.013500000000000094,
      "verf": 0.0027,
      "verm": 0.0195,
      "verL": 0.0025,
      "ber": 0.002890468750000002,
      "iber": 0.002924531249999997,
      "sber": 0.002822343749999995,
      "ier": 0.005456249999999978,
      "ser": 0.004281874999999998,
      "EbN0dB": 5.75,
      "SNRdB": 9.729400086720375,
      "rate": 2.5,
      "C": 3.377947628346769,
      "ShannonLimitdB": 2.701526368982832
}