{
      "T": 29.1563,
      "fer": 0.0376,
      "nMSE": 0.0025685820551218626,
      "nMSEf": 0.00025244549362730956,
      "nMSEm": 0.004117034460368929,
      "nMSEL": 0.00022767409223167293,
      "ver": 0.004574999999999974,
      "verf": 0.0012,
      "verm": 0.0068,
      "verL": 0.0008,
      "ber": 0.0009201562500000027,
      "iber": 0.0009241406250000008,
      "sber": 0.0009121875000000026,
      "ier": 0.00174375000000001,
      "ser": 0.0013753125000000067,
      "EbN0dB": 6.0,
      "SNRdB": 9.979400086720375,
      "rate": 2.5,
      "C": 3.4532119225071667,
      "ShannonLimitdB": 2.701526368982832
}