{
      "T": 24.735,
      "fer": 0.0166,
      "nMSE": 0.001084751000018242,
      "nMSEf": 0.00015270636988935855,
      "nMSEm": 0.0016545689075190269,
      "nMSEL": 9.886107509186427e-05,
      "ver": 0.001914999999999996,
      "verf": 0.0007,
      "verm": 0.0025,
      "verL": 0.0003,
      "ber": 0.0003806770833333327,
      "iber": 0.0003858593749999999,
      "sber": 0.00037031249999999944,
      "ier": 0.0007190624999999983,
      "ser": 0.0005556249999999988,
      "EbN0dB": 6.25,
      "SNRdB": 10.229400086720375,
      "rate": 2.5,
      "C": 3.528872901337136,
      "ShannonLimitdB": 2.701526368982832
}