{
      "T": 21.4292,
      "fer": 0.0086,
      "nMSE": 0.00035492471552334766,
      "nMSEf": 2.38481290817988e-05,
      "nMSEm": 0.0005470294763939742,
      "nMSEL": 2.066709785753241e-05,
      "ver": 0.0006850000000000009,
      "verf": 0.0001,
      "verm": 0.001,
      "verL": 0.0002,
      "ber": 0.00012052083333333341,
      "iber": 0.00011914062499999998,
      "sber": 0.00012328125000000002,
      "ier": 0.00022531249999999998,
      "ser": 0.0001865625000000002,
      "EbN0dB": 6.5,
      "SNRdB": 10.479400086720375,
      "rate": 2.5,
      "C": 3.6049122319006153,
      "ShannonLimitdB": 2.701526368982832
}