{
      "T": 19.2633,
      "fer": 0.0041,
      "nMSE": 0.00012400654243646737,
      "nMSEf": 6.639759301742964e-05,
      "nMSEm": 0.00014160382804922185,
      "nMSEL": 5.3214861587911546e-05,
      "ver": 0.00024249999999999985,
      "verf": 0.0002,
      "verm": 0.0003,
      "verL": 0.0002,
      "ber": 3.942708333333334e-05,
      "iber": 4.093750000000001e-05,
      "sber": 3.640625000000001e-05,
      "ier": 7.656250000000002e-05,
      "ser": 5.78125e-05,
      "EbN0dB": 6.75,
      "SNRdB": 10.729400086720375,
      "rate": 2.5,
      "C": 3.6813122392159516,
      "ShannonLimitdB": 2.701526368982832
}