{
      "T": 17.732,
      "fer": 0.0033,
      "nMSE": 5.3698808605119575e-05,
      "nMSEf": 4.9386801722192396e-05,
      "nMSEm": 1.6101874597848896e-05,
      "nMSEL": 1.1322912249960545e-06,
      "ver": 0.00011999999999999998,
      "verf": 0.0002,
      "verm": 0.0001,
      "verL": 0.0,
      "ber": 1.624999999999999e-05,
      "iber": 1.6328125000000006e-05,
      "sber": 1.6093749999999988e-05,
      "ier": 3.0937499999999966e-05,
      "ser": 2.5624999999999976e-05,
      "EbN0dB": 7.0,
      "SNRdB": 10.979400086720375,
      "rate": 2.5,
      "C": 3.758055902051297,
      "ShannonLimitdB": 2.701526368982832
}