{
      "T": 6.12,
      "fer": 0.0,
      "nMSE": 4.9276827189198075e-23,
      "nMSEf": 1.4949507539107778e-24,
      "nMSEm": 3.457830444355943e-22,
      "nMSEL": 1.5404292372858342e-25,
      "ver": 0.0,
      "verf": 0.0,
      "verm": 0.0,
      "verL": 0.0,
      "ber": 0.0,
      "iber": 0.0,
      "sber": 0.0,
      "ier": 0.0,
      "ser": 0.0,
      "EbN0dB": 10.0,
      "SNRdB": 10.835460514500749,
      "rate": 1.2121212121212122,
      "C": 3.7138290953682715,
      "ShannonLimitdB": 0.3596725428890257
}