{
      "T": 56.63,
      "fer": 0.41,
      "nMSE": 0.0044685303789106625,
      "nMSEf": 0.0016493503789706337,
      "nMSEm": 0.013521935706212242,
      "nMSEL": 0.0013378648229475042,
      "ver": 0.03149999999999999,
      "verf": 0.04,
      "verm": 0.07,
      "verL": 0.02,
      "ber": 0.0022500000000000003,
      "iber": 0.0022500000000000003,
      "sber": 0.0,
      "ier": 0.004187499999999999,
      "ser": 0.0,
      "EbN0dB": 6.0,
      "SNRdB": 6.835460514500749,
      "rate": 1.2121212121212122,
      "C": 2.5423921488506176,
      "ShannonLimitdB": 0.3596725428890257
}