{
      "T": 29.16,
      "fer": 0.13,
      "nMSE": 0.0013410125210253504,
      "nMSEf": 8.837055026575892e-06,
      "nMSEm": 0.002560553435506416,
      "nMSEL": 0.001909299034503193,
      "ver": 0.008000000000000002,
      "verf": 0.01,
      "verm": 0.02,
      "verL": 0.0,
      "ber": 0.0005625000000000001,
      "iber": 0.0005625000000000001,
      "sber": 0.0,
      "ier": 0.0010625,
      "ser": 0.0,
      "EbN0dB": 7.0,
      "SNRdB": 7.835460514500749,
      "rate": 1.2121212121212122,
      "C": 2.8227294895533417,
      "ShannonLimitdB": 0.3596725428890257
}