{
      "T": 15.9507,
      "fer": 0.0454,
      "nMSE": 0.0004505345410240331,
      "nMSEf": 0.0004509238153077463,
      "nMSEm": 0.0003808804630198938,
      "nMSEL": 0.00046079485274086115,
      "ver": 0.002335000000000019,
      "verf": 0.0029,
      "verm": 0.0019,
      "verL": 0.0025,
      "ber": 0.00015484375000000011,
      "iber": 0.00015484375000000011,
      "sber": 0.0,
      "ier": 0.0002956250000000024,
      "ser": 0.0,
      "EbN0dB": 7.5,
      "SNRdB": 8.335460514500749,
      "rate": 1.2121212121212122,
      "C": 2.966478178663946,
      "ShannonLimitdB": 0.3596725428890257
}