{
      "T": 13.0585,
      "fer": 0.0289,
      "nMSE": 0.00029289496040411553,
      "nMSEf": 0.000159813885552165,
      "nMSEm": 0.00030411104249295526,
      "nMSEL": 0.00016755876328525385,
      "ver": 0.001455000000000007,
      "verf": 0.0016,
      "verm": 0.0012,
      "verL": 0.001,
      "ber": 9.828125000000017e-05,
      "iber": 9.828125000000017e-05,
      "sber": 0.0,
      "ier": 0.00018562500000000095,
      "ser": 0.0,
      "EbN0dB": 7.75,
      "SNRdB": 8.585460514500749,
      "rate": 1.2121212121212122,
      "C": 3.0391642277965483,
      "ShannonLimitdB": 0.3596725428890257
}