{
      "T": 10.9146,
      "fer": 0.0154,
      "nMSE": 0.0001998967789509767,
      "nMSEf": 0.00012127615104335871,
      "nMSEm": 0.00022030103877123707,
      "nMSEL": 0.00012169834816849398,
      "ver": 0.000784999999999998,
      "verf": 0.0004,
      "verm": 0.0008,
      "verL": 0.0005,
      "ber": 5.375000000000003e-05,
      "iber": 5.375000000000003e-05,
      "sber": 0.0,
      "ier": 0.00010062499999999976,
      "ser": 0.0,
      "EbN0dB": 8.0,
      "SNRdB": 8.835460514500749,
      "rate": 1.2121212121212122,
      "C": 3.112361153307775,
      "ShannonLimitdB": 0.3596725428890257
}