{
      "T": 9.4721,
      "fer": 0.0102,
      "nMSE": 0.0001445891187161396,
      "nMSEf": 0.00017407477253470345,
      "nMSEm": 0.00015899696599668228,
      "nMSEL": 8.52633136885811e-05,
      "ver": 0.000509999999999999,
      "verf": 0.0004,
      "verm": 0.0003,
      "verL": 0.0004,
      "ber": 3.46875e-05,
      "iber": 3.46875e-05,
      "sber": 0.0,
      "ier": 6.499999999999989e-05,
      "ser": 0.0,
      "EbN0dB": 8.25,
      "SNRdB": 9.085460514500749,
      "rate": 1.2121212121212122,
      "C": 3.1860470127587366,
      "ShannonLimitdB": 0.3596725428890257
}