{
      "T": 8.4511,
      "fer": 0.0052,
      "nMSE": 0.00010098779502285335,
      "nMSEf": 6.12946529193583e-05,
      "nMSEm": 6.164741665580921e-05,
      "nMSEL": 7.545513203450874e-05,
      "ver": 0.00025999999999999987,
      "verf": 0.0,
      "verm": 0.0003,
      "verL": 0.0001,
      "ber": 1.7187499999999994e-05,
      "iber": 1.7187499999999994e-05,
      "sber": 0.0,
      "ier": 3.3124999999999985e-05,
      "ser": 0.0,
      "EbN0dB": 8.5,
      "SNRdB": 9.335460514500749,
      "rate": 1.2121212121212122,
      "C": 3.2602004889886236,
      "ShannonLimitdB": 0.3596725428890257
}