{
      "T": 7.5836,
      "fer": 0.003,
      "nMSE": 6.302868536452192e-05,
      "nMSEf": 7.32294262018689e-05,
      "nMSEm": 6.427129131332751e-05,
      "nMSEL": 8.153760133787166e-05,
      "ver": 0.00015500000000000008,
      "verf": 0.0003,
      "verm": 0.0001,
      "verL": 0.0003,
      "ber": 9.84375e-06,
      "iber": 9.84375e-06,
      "sber": 0.0,
      "ier": 1.937500000000001e-05,
      "ser": 0.0,
      "EbN0dB": 8.75,
      "SNRdB": 9.585460514500749,
      "rate": 1.2121212121212122,
      "C": 3.3348009043258378,
      "ShannonLimitdB": 0.3596725428890257
}