{
      "T": 6.9599,
      "fer": 0.0012,
      "nMSE": 2.5788520605370118e-05,
      "nMSEf": 2.139497867814659e-05,
      "nMSEm": 6.410258232883029e-05,
      "nMSEL": 4.2424590557617056e-05,
      "ver": 5.9999999999999995e-05,
      "verf": 0.0001,
      "verm": 0.0001,
      "verL": 0.0001,
      "ber": 3.4374999999999997e-06,
      "iber": 3.4374999999999997e-06,
      "sber": 0.0,
      "ier": 7.499999999999999e-06,
      "ser": 0.0,
      "EbN0dB": 9.0,
      "SNRdB": 9.835460514500749,
      "rate": 1.2121212121212122,
      "C": 3.4098282307626313,
      "ShannonLimitdB": 0.3596725428890257
}