{
      "T": 6.6444,
      "fer": 0.0011,
      "nMSE": 2.3568970426166672e-05,
      "nMSEf": 2.736920501093119e-09,
      "nMSEm": 6.499469360056413e-05,
      "nMSEL": 5.002403490198085e-05,
      "ver": 5.4999999999999995e-05,
      "verf": 0.0,
      "verm": 0.0001,
      "verL": 0.0002,
      "ber": 4.0625000000000005e-06,
      "iber": 4.0625000000000005e-06,
      "sber": 0.0,
      "ier": 6.874999999999999e-06,
      "ser": 0.0,
      "EbN0dB": 9.25,
      "SNRdB": 10.085460514500749,
      "rate": 1.2121212121212122,
      "C": 3.4852630964203457,
      "ShannonLimitdB": 0.3596725428890257
}