{
      "T": 6.4099,
      "fer": 0.0006,
      "nMSE": 2.104894470405589e-05,
      "nMSEf": 4.393597850760497e-05,
      "nMSEm": 5.117095468347173e-09,
      "nMSEL": 5.266740469086787e-11,
      "ver": 2.9999999999999997e-05,
      "verf": 0.0,
      "verm": 0.0,
      "verL": 0.0,
      "ber": 2.5e-06,
      "iber": 2.5e-06,
      "sber": 0.0,
      "ier": 5e-06,
      "ser": 0.0,
      "EbN0dB": 9.5,
      "SNRdB": 10.335460514500749,
      "rate": 1.2121212121212122,
      "C": 3.5610867886290185,
      "ShannonLimitdB": 0.3596725428890257
}