{
      "T": 71.44,
      "fer": 1.0,
      "nMSE": 0.5133046295642851,
      "nMSEf": 0.34850125664728693,
      "nMSEm": 0.597701740115881,
      "nMSEL": 0.3189347777888179,
      "ver": 0.9840000000000003,
      "verf": 0.97,
      "verm": 1.0,
      "verL": 0.89,
      "ber": 0.1993249999999999,
      "iber": 0.20160937500000006,
      "sber": 0.19018750000000004,
      "ier": 0.3805625000000001,
      "ser": 0.19018750000000004,
      "EbN0dB": 2.0,
      "SNRdB": 5.187587626244128,
      "rate": 2.0833333333333335,
      "C": 2.104960848571501,
      "ShannonLimitdB": 1.9149828156875195
}