{
      "T": 99.08,
      "fer": 1.0,
      "nMSE": 0.3684933715462684,
      "nMSEf": 0.22045934951462529,
      "nMSEm": 0.44074124936552833,
      "nMSEL": 0.17671918893564909,
      "ver": 0.835,
      "verf": 0.71,
      "verm": 0.9,
      "verL": 0.6,
      "ber": 0.13545,
      "iber": 0.13717187499999997,
      "sber": 0.12856250000000005,
      "ier": 0.2586875,
      "ser": 0.12856250000000005,
      "EbN0dB": 3.0,
      "SNRdB": 6.187587626244128,
      "rate": 2.0833333333333335,
      "C": 2.3664751113979383,
      "ShannonLimitdB": 1.9149828156875195
}