{
      "T": 84.71,
      "fer": 0.83,
      "nMSE": 0.09158230346528579,
      "nMSEf": 0.05051268285562489,
      "nMSEm": 0.12757003480951126,
      "nMSEL": 0.040180862270688136,
      "ver": 0.2900000000000001,
      "verf": 0.19,
      "verm": 0.34,
      "verL": 0.13,
      "ber": 0.031799999999999995,
      "iber": 0.032265625,
      "sber": 0.02993750000000001,
      "ier": 0.060124999999999984,
      "ser": 0.02993750000000001,
      "EbN0dB": 4.0,
      "SNRdB": 7.187587626244128,
      "rate": 2.0833333333333335,
      "C": 2.639949102311349,
      "ShannonLimitdB": 1.9149828156875195
}