{
      "T": 44.25,
      "fer": 0.26,
      "nMSE": 0.003467155093597173,
      "nMSEf": 0.006620052858852465,
      "nMSEm": 0.0013561664771099963,
      "nMSEL": 0.003551868139253097,
      "ver": 0.030000000000000013,
      "verf": 0.05,
      "verm": 0.01,
      "verL": 0.03,
      "ber": 0.0010875000000000004,
      "iber": 0.00109375,
      "sber": 0.0010625000000000003,
      "ier": 0.0018750000000000008,
      "ser": 0.0010625000000000003,
      "EbN0dB": 5.0,
      "SNRdB": 8.187587626244127,
      "rate": 2.0833333333333335,
      "C": 2.9237345959040155,
      "ShannonLimitdB": 1.9149828156875195
}