{
      "T": 19.67,
      "fer": 0.06,
      "nMSE": 0.0006827318980128779,
      "nMSEf": 0.0013507543663112908,
      "nMSEm": 2.252560005143009e-06,
      "nMSEL": 0.001243853718709225,
      "ver": 0.006,
      "verf": 0.01,
      "verm": 0.0,
      "verL": 0.01,
      "ber": 0.0001875,
      "iber": 0.00017187500000000002,
      "sber": 0.00025,
      "ier": 0.000375,
      "ser": 0.00025,
      "EbN0dB": 6.0,
      "SNRdB": 9.187587626244127,
      "rate": 2.0833333333333335,
      "C": 3.216284026671513,
      "ShannonLimitdB": 1.9149828156875195
}