{
      "T": 11.12,
      "fer": 0.01,
      "nMSE": 0.00012524338706872533,
      "nMSEf": 4.8472791261199775e-14,
      "nMSEm": 2.8045552963480723e-11,
      "nMSEL": 6.583039314165128e-09,
      "ver": 0.001,
      "verf": 0.0,
      "verm": 0.0,
      "verL": 0.0,
      "ber": 3.750000000000001e-05,
      "iber": 3.125e-05,
      "sber": 6.25e-05,
      "ier": 6.25e-05,
      "ser": 6.25e-05,
      "EbN0dB": 7.0,
      "SNRdB": 10.187587626244127,
      "rate": 2.0833333333333335,
      "C": 3.516191778127995,
      "ShannonLimitdB": 1.9149828156875195
}