{
      "T": 8.85,
      "fer": 0.0,
      "nMSE": 3.4024476316922454e-15,
      "nMSEf": 1.0448106136797584e-19,
      "nMSEm": 4.58201699219076e-16,
      "nMSEL": 2.418819112783091e-21,
      "ver": 0.0,
      "verf": 0.0,
      "verm": 0.0,
      "verL": 0.0,
      "ber": 0.0,
      "iber": 0.0,
      "sber": 0.0,
      "ier": 0.0,
      "ser": 0.0,
      "EbN0dB": 8.0,
      "SNRdB": 11.187587626244127,
      "rate": 2.0833333333333335,
      "C": 3.822214629002304,
      "ShannonLimitdB": 1.9149828156875195
}