{
      "T": 77.85,
      "fer": 1.0,
      "nMSE": 0.4661415263584681,
      "nMSEf": 0.17694805826459606,
      "nMSEm": 0.5329242238544283,
      "nMSEL": 0.1949969754332588,
      "ver": 1.0,
      "verf": 1.0,
      "verm": 1.0,
      "verL": 1.0,
      "ber": 0.22055245535714288,
      "iber": 0.20471726190476197,
      "sber": 0.22583085317460325,
      "ier": 0.20471726190476197,
      "ser": 0.5163727678571428,
      "EbN0dB": 5.0,
      "SNRdB": 10.99964671522299,
      "rate": 3.98074787115883,
      "C": 3.764285644842829,
      "ShannonLimitdB": 5.69941991005719
}