{
      "T": 133.9,
      "fer": 1.0,
      "nMSE": 0.4362635903131394,
      "nMSEf": 0.13414163634890605,
      "nMSEm": 0.5267810558137439,
      "nMSEL": 0.11461875932557243,
      "ver": 1.0,
      "verf": 1.0,
      "verm": 1.0,
      "verL": 1.0,
      "ber": 0.20639229910714285,
      "iber": 0.18861235119047629,
      "sber": 0.21231894841269838,
      "ier": 0.18861235119047629,
      "ser": 0.48901413690476203,
      "EbN0dB": 6.0,
      "SNRdB": 11.99964671522299,
      "rate": 3.98074787115883,
      "C": 4.074474841856607,
      "ShannonLimitdB": 5.69941991005719
}