{
      "T": 194.43,
      "fer": 1.0,
      "nMSE": 0.3774797425951277,
      "nMSEf": 0.06087812342814039,
      "nMSEm": 0.5067556735447476,
      "nMSEL": 0.06118290970722835,
      "ver": 1.0,
      "verf": 1.0,
      "verm": 1.0,
      "verL": 1.0,
      "ber": 0.17887369791666663,
      "iber": 0.15788690476190476,
      "sber": 0.18586929563492063,
      "ier": 0.15788690476190476,
      "ser": 0.43781622023809513,
      "EbN0dB": 7.0,
      "SNRdB": 12.99964671522299,
      "rate": 3.98074787115883,
      "C": 4.388947210061522,
      "ShannonLimitdB": 5.69941991005719
}