{
      "T": 199.12,
      "fer": 1.0,
      "nMSE": 0.2893121239259131,
      "nMSEf": 0.02146875455831399,
      "nMSEm": 0.4748941186602629,
      "nMSEL": 0.02087425558256828,
      "ver": 0.975625,
      "verf": 0.85,
      "verm": 0.99,
      "verL": 0.83,
      "ber": 0.1378087797619047,
      "iber": 0.11690476190476191,
      "sber": 0.1447767857142857,
      "ier": 0.11690476190476191,
      "ser": 0.34461309523809547,
      "EbN0dB": 8.0,
      "SNRdB": 13.99964671522299,
      "rate": 3.98074787115883,
      "C": 4.7069073974948665,
      "ShannonLimitdB": 5.69941991005719
}