{
      "T": 99.34,
      "fer": 0.98,
      "nMSE": 0.5027867405414582,
      "nMSEf": 0.07394498225672669,
      "nMSEm": 0.7452626459719675,
      "nMSEL": 0.05677987746227619,
      "ver": 0.69825,
      "verf": 0.22,
      "verm": 0.94,
      "verL": 0.17,
      "ber": 0.2069125,
      "iber": 0.2069125,
      "sber": 0.0,
      "ier": 0.39989062500000006,
      "ser": 0.0,
      "EbN0dB": 10.0,
      "SNRdB": 16.19788758288394,
      "rate": 4.166666666666667,
      "C": 5.415037499278844,
      "ShannonLimitdB": 6.096215400993904
}