{
      "T": 94.53,
      "fer": 0.76,
      "nMSE": 0.2969473021943122,
      "nMSEf": 0.0355331312061957,
      "nMSEm": 0.46597195035921457,
      "nMSEL": 0.035975917426555794,
      "ver": 0.41974999999999985,
      "verf": 0.06,
      "verm": 0.61,
      "verL": 0.07,
      "ber": 0.120096875,
      "iber": 0.120096875,
      "sber": 0.0,
      "ier": 0.23254687500000007,
      "ser": 0.0,
      "EbN0dB": 11.0,
      "SNRdB": 17.19788758288394,
      "rate": 4.166666666666667,
      "C": 5.740259079728835,
      "ShannonLimitdB": 6.096215400993904
}