{
      "T": 83.66,
      "fer": 0.47,
      "nMSE": 0.15638711398839944,
      "nMSEf": 0.02668755717639028,
      "nMSEm": 0.23119922890093014,
      "nMSEL": 0.0012497763217868395,
      "ver": 0.21700000000000003,
      "verf": 0.05,
      "verm": 0.33,
      "verL": 0.01,
      "ber": 0.060121875000000005,
      "iber": 0.060121875000000005,
      "sber": 0.0,
      "ier": 0.11528125000000002,
      "ser": 0.0,
      "EbN0dB": 12.0,
      "SNRdB": 18.19788758288394,
      "rate": 4.166666666666667,
      "C": 6.066890338826853,
      "ShannonLimitdB": 6.096215400993904
}