{
      "T": 68.69,
      "fer": 0.26,
      "nMSE": 0.08988297879695892,
      "nMSEf": 0.009625998523551971,
      "nMSEm": 0.12974486827886234,
      "nMSEL": 0.004845938235521316,
      "ver": 0.10800000000000001,
      "verf": 0.02,
      "verm": 0.16,
      "verL": 0.02,
      "ber": 0.030449999999999994,
      "iber": 0.030449999999999994,
      "sber": 0.0,
      "ier": 0.059140625,
      "ser": 0.0,
      "EbN0dB": 13.0,
      "SNRdB": 19.19788758288394,
      "rate": 4.166666666666667,
      "C": 6.394650122011396,
      "ShannonLimitdB": 6.096215400993904
}