{
      "T": 70.46,
      "fer": 0.35,
      "nMSE": 0.16283254492282867,
      "nMSEf": 0.004690119801724485,
      "nMSEm": 0.2528822334157075,
      "nMSEL": 0.04399320565178593,
      "ver": 0.17800000000000007,
      "verf": 0.02,
      "verm": 0.28,
      "verL": 0.11,
      "ber": 0.055759374999999986,
      "iber": 0.055759374999999986,
      "sber": 0.0,
      "ier": 0.10754687500000001,
      "ser": 0.0,
      "EbN0dB": 14.0,
      "SNRdB": 20.19788758288394,
      "rate": 4.166666666666667,
      "C": 6.7233119204408345,
      "ShannonLimitdB": 6.096215400993904
}