{
      "T": 67.69,
      "fer": 0.36,
      "nMSE": 0.21961904066801075,
      "nMSEf": 0.06753914833068847,
      "nMSEm": 0.28347847361948203,
      "nMSEL": 0.028536764021001564,
      "ver": 0.21999999999999997,
      "verf": 0.09,
      "verm": 0.29,
      "verL": 0.05,
      "ber": 0.07390000000000002,
      "iber": 0.07390000000000002,
      "sber": 0.0,
      "ier": 0.14328125,
      "ser": 0.0,
      "EbN0dB": 15.0,
      "SNRdB": 21.19788758288394,
      "rate": 4.166666666666667,
      "C": 7.052693776320081,
      "ShannonLimitdB": 6.096215400993904
}