{
      "T": 67.02,
      "fer": 0.44,
      "nMSE": 0.3699094309806824,
      "nMSEf": 0.12498724393546581,
      "nMSEm": 0.42196472525603324,
      "nMSEL": 0.20643810763955117,
      "ver": 0.332,
      "verf": 0.16,
      "verm": 0.39,
      "verL": 0.25,
      "ber": 0.11672812500000002,
      "iber": 0.11672812500000002,
      "sber": 0.0,
      "ier": 0.22715624999999995,
      "ser": 0.0,
      "EbN0dB": 16.0,
      "SNRdB": 22.19788758288394,
      "rate": 4.166666666666667,
      "C": 7.382649856361095,
      "ShannonLimitdB": 6.096215400993904
}