{
      "T": 77.42,
      "fer": 0.62,
      "nMSE": NaN,
      "nMSEf": NaN,
      "nMSEm": NaN,
      "nMSEL": NaN,
      "ver": 0.52,
      "verf": 0.41,
      "verm": 0.56,
      "verL": 0.46,
      "ber": 0.21530937499999997,
      "iber": 0.21530937499999997,
      "sber": 0.0,
      "ier": 0.4179375000000001,
      "ser": 0.0,
      "EbN0dB": 17.0,
      "SNRdB": 23.19788758288394,
      "rate": 4.166666666666667,
      "C": 7.713063493892065,
      "ShannonLimitdB": 6.096215400993904
}