{
      "T": 82.09,
      "fer": 0.71,
      "nMSE": NaN,
      "nMSEf": NaN,
      "nMSEm": NaN,
      "nMSEL": NaN,
      "ver": 0.6885000000000001,
      "verf": 0.65,
      "verm": 0.71,
      "verL": 0.65,
      "ber": 0.32874687499999994,
      "iber": 0.32874687499999994,
      "sber": 0.0,
      "ier": 0.6360625,
      "ser": 0.0,
      "EbN0dB": 18.0,
      "SNRdB": 24.19788758288394,
      "rate": 4.166666666666667,
      "C": 8.04384149156735,
      "ShannonLimitdB": 6.096215400993904
}