{
      "T": 100.0,
      "fer": 1.0,
      "nMSE": NaN,
      "nMSEf": NaN,
      "nMSEm": NaN,
      "nMSEL": NaN,
      "ver": 1.0,
      "verf": 1.0,
      "verm": 1.0,
      "verL": 1.0,
      "ber": 0.4997062499999998,
      "iber": 0.4997062499999998,
      "sber": 0.0,
      "ier": 0.9683593749999999,
      "ser": 0.0,
      "EbN0dB": 19.0,
      "SNRdB": 25.19788758288394,
      "rate": 4.166666666666667,
      "C": 8.374909486479678,
      "ShannonLimitdB": 6.096215400993904
}