{
      "T": 94.99,
      "fer": 1.0,
      "nMSE": 0.7426319646835329,
      "nMSEf": 0.28395825967545535,
      "nMSEm": 0.8223604667186737,
      "nMSEL": 0.2841074197515411,
      "ver": 0.9912499999999997,
      "verf": 0.85,
      "verm": 1.0,
      "verL": 0.89,
      "ber": 0.30997500000000006,
      "iber": 0.30997500000000006,
      "sber": 0.0,
      "ier": 0.6017499999999998,
      "ser": 0.0,
      "EbN0dB": 7.0,
      "SNRdB": 13.19788758288394,
      "rate": 4.166666666666667,
      "C": 4.451725536345913,
      "ShannonLimitdB": 6.096215400993904
}