{
      "T": 99.88,
      "fer": 1.0,
      "nMSE": 0.7146011881828308,
      "nMSEf": 0.18641354410446095,
      "nMSEm": 0.8083561813831329,
      "nMSEL": 0.194895622710552,
      "ver": 0.9659999999999997,
      "verf": 0.64,
      "verm": 1.0,
      "verL": 0.69,
      "ber": 0.29913749999999983,
      "iber": 0.29913749999999983,
      "sber": 0.0,
      "ier": 0.5782187500000002,
      "ser": 0.0,
      "EbN0dB": 8.0,
      "SNRdB": 14.19788758288394,
      "rate": 4.166666666666667,
      "C": 4.7702946401146855,
      "ShannonLimitdB": 6.096215400993904
}