{
      "T": 100.0,
      "fer": 1.0,
      "nMSE": 0.6501061310768127,
      "nMSEf": 0.09482439549632832,
      "nMSEm": 0.8236954355239868,
      "nMSEL": 0.12239793511127804,
      "ver": 0.88725,
      "verf": 0.35,
      "verm": 1.0,
      "verL": 0.33,
      "ber": 0.26976875000000006,
      "iber": 0.26976875000000006,
      "sber": 0.0,
      "ier": 0.5222187499999997,
      "ser": 0.0,
      "EbN0dB": 9.0,
      "SNRdB": 15.19788758288394,
      "rate": 4.166666666666667,
      "C": 5.091573319049874,
      "ShannonLimitdB": 6.096215400993904
}