{
      "T": 81.39,
      "fer": 1.0,
      "nMSE": 0.4356949460506439,
      "nMSEf": 0.2405241333921367,
      "nMSEm": 0.48619275979697707,
      "nMSEL": 0.24997868301914422,
      "ver": 0.91625,
      "verf": 0.69,
      "verm": 0.94,
      "verL": 0.77,
      "ber": 0.1633138020833333,
      "iber": 0.16430468749999996,
      "sber": 0.158359375,
      "ier": 0.3185546875,
      "ser": 0.158359375,
      "EbN0dB": 1.0,
      "SNRdB": 2.557914937295421,
      "rate": 1.4315004659832247,
      "C": 1.4865353769443581,
      "ShannonLimitdB": 0.7395969076818532
}