{
      "T": 99.13,
      "fer": 1.0,
      "nMSE": 0.20372628942131996,
      "nMSEf": 0.13688418133821414,
      "nMSEm": 0.2268266946654672,
      "nMSEL": 0.08902150733918802,
      "ver": 0.5909375,
      "verf": 0.44,
      "verm": 0.64,
      "verL": 0.38,
      "ber": 0.06961588541666665,
      "iber": 0.070125,
      "sber": 0.0670703125,
      "ier": 0.136328125,
      "ser": 0.0670703125,
      "EbN0dB": 2.0,
      "SNRdB": 3.557914937295421,
      "rate": 1.4315004659832247,
      "C": 1.7087502269382326,
      "ShannonLimitdB": 0.7395969076818532
}