{
      "T": 85.03,
      "fer": 0.99,
      "nMSE": 0.03826935419579968,
      "nMSEf": 0.03586223755223624,
      "nMSEm": 0.03472789359374781,
      "nMSEL": 0.024357057068215858,
      "ver": 0.1559375,
      "verf": 0.14,
      "verm": 0.16,
      "verL": 0.11,
      "ber": 0.012259114583333333,
      "iber": 0.012203124999999997,
      "sber": 0.0125390625,
      "ier": 0.023828125,
      "ser": 0.0125390625,
      "EbN0dB": 3.0,
      "SNRdB": 4.557914937295421,
      "rate": 1.4315004659832247,
      "C": 1.9471869617093733,
      "ShannonLimitdB": 0.7395969076818532
}