{
      "T": 54.86,
      "fer": 0.62,
      "nMSE": 0.006400067365452742,
      "nMSEf": 0.010863830695887146,
      "nMSEm": 0.0032868673378745254,
      "nMSEL": 0.003412530520079362,
      "ver": 0.03125,
      "verf": 0.06,
      "verm": 0.02,
      "verL": 0.02,
      "ber": 0.0021028645833333333,
      "iber": 0.002109375,
      "sber": 0.0020703125,
      "ier": 0.0040625,
      "ser": 0.0020703125,
      "EbN0dB": 4.0,
      "SNRdB": 5.557914937295421,
      "rate": 1.4315004659832247,
      "C": 2.2003055304452106,
      "ShannonLimitdB": 0.7395969076818532
}