{
      "T": 26.5297,
      "fer": 0.1292,
      "nMSE": 0.0010120054832474584,
      "nMSEf": 0.000965402373758418,
      "nMSEm": 0.0011344291318112212,
      "nMSEL": 0.0008391747900097221,
      "ver": 0.00441875,
      "verf": 0.004,
      "verm": 0.0052,
      "verL": 0.0039,
      "ber": 0.0002860677083333337,
      "iber": 0.0002874218750000005,
      "sber": 0.000279296875,
      "ier": 0.000559375,
      "ser": 0.000279296875,
      "EbN0dB": 5.0,
      "SNRdB": 6.557914937295421,
      "rate": 1.4315004659832247,
      "C": 2.4664449137307773,
      "ShannonLimitdB": 0.7395969076818532
}