{
      "T": 20.7639,
      "fer": 0.0813,
      "nMSE": 0.0006172634286740699,
      "nMSEf": 0.0006941525259664956,
      "nMSEm": 0.000695200867078652,
      "nMSEL": 0.0006790594324202198,
      "ver": 0.002746875,
      "verf": 0.0032,
      "verm": 0.003,
      "verL": 0.0033,
      "ber": 0.00018098958333333324,
      "iber": 0.00017945312499999993,
      "sber": 0.000188671875,
      "ier": 0.000344921875,
      "ser": 0.000188671875,
      "EbN0dB": 5.25,
      "SNRdB": 6.807914937295421,
      "rate": 1.4315004659832247,
      "C": 2.534816583566803,
      "ShannonLimitdB": 0.7395969076818532
}