{
      "T": 16.3397,
      "fer": 0.0557,
      "nMSE": 0.00040883625178811086,
      "nMSEf": 0.00033467574028658034,
      "nMSEm": 0.00041093529180468374,
      "nMSEL": 0.0006673701209871826,
      "ver": 0.00181875,
      "verf": 0.0014,
      "verm": 0.0017,
      "verL": 0.0027,
      "ber": 0.00011946614583333328,
      "iber": 0.0001196093750000001,
      "sber": 0.00011875,
      "ier": 0.000228125,
      "ser": 0.00011875,
      "EbN0dB": 5.5,
      "SNRdB": 7.057914937295421,
      "rate": 1.4315004659832247,
      "C": 2.603870879599015,
      "ShannonLimitdB": 0.7395969076818532
}