{
      "T": 12.7872,
      "fer": 0.029,
      "nMSE": 0.00020858620453781564,
      "nMSEf": 0.00023931112465014906,
      "nMSEm": 0.00013750865843353076,
      "nMSEL": 0.00020427014997295115,
      "ver": 0.000925,
      "verf": 0.0011,
      "verm": 0.0006,
      "verL": 0.0008,
      "ber": 5.839843750000003e-05,
      "iber": 5.812499999999998e-05,
      "sber": 5.9765625e-05,
      "ier": 0.000115625,
      "ser": 5.9765625e-05,
      "EbN0dB": 5.75,
      "SNRdB": 7.307914937295421,
      "rate": 1.4315004659832247,
      "C": 2.6735822461298326,
      "ShannonLimitdB": 0.7395969076818532
}