{
      "T": 10.711,
      "fer": 0.0201,
      "nMSE": 0.0001384130033747629,
      "nMSEf": 0.00017220653170357656,
      "nMSEm": 0.00020404885055885959,
      "nMSEL": 0.00011099118214739283,
      "ver": 0.00064375,
      "verf": 0.0007,
      "verm": 0.0011,
      "verL": 0.0005,
      "ber": 4.036458333333333e-05,
      "iber": 4.109375000000002e-05,
      "sber": 3.671875e-05,
      "ier": 8.046875e-05,
      "ser": 3.671875e-05,
      "EbN0dB": 6.0,
      "SNRdB": 7.557914937295421,
      "rate": 1.4315004659832247,
      "C": 2.7439255082635032,
      "ShannonLimitdB": 0.7395969076818532
}