{
      "T": 8.7392,
      "fer": 0.0117,
      "nMSE": 8.231678413501522e-05,
      "nMSEf": 5.804411919078471e-05,
      "nMSEm": 9.855034575010008e-05,
      "nMSEL": 4.615887736554613e-05,
      "ver": 0.00036875,
      "verf": 0.0002,
      "verm": 0.0004,
      "verL": 0.0002,
      "ber": 2.3763020833333345e-05,
      "iber": 2.3749999999999988e-05,
      "sber": 2.3828125e-05,
      "ier": 4.609375e-05,
      "ser": 2.3828125e-05,
      "EbN0dB": 6.25,
      "SNRdB": 7.807914937295421,
      "rate": 1.4315004659832247,
      "C": 2.8148759234651424,
      "ShannonLimitdB": 0.7395969076818532
}