{
      "T": 7.6235,
      "fer": 0.0054,
      "nMSE": 3.896181112974693e-05,
      "nMSEf": 2.66313024183063e-06,
      "nMSEm": 2.508942465886071e-05,
      "nMSEL": 7.768868680356131e-05,
      "ver": 0.00016875,
      "verf": 0.0,
      "verm": 0.0001,
      "verL": 0.0003,
      "ber": 1.106770833333333e-05,
      "iber": 1.1015625000000002e-05,
      "sber": 1.1328125e-05,
      "ier": 2.109375e-05,
      "ser": 1.1328125e-05,
      "EbN0dB": 6.5,
      "SNRdB": 8.057914937295422,
      "rate": 1.4315004659832247,
      "C": 2.8864092271035413,
      "ShannonLimitdB": 0.7395969076818532
}