{
      "T": 7.0436,
      "fer": 0.0027,
      "nMSE": 2.077319990016323e-05,
      "nMSEf": 2.496567184449453e-05,
      "nMSEm": 2.5139661350623904e-05,
      "nMSEL": 5.0098757261226944e-05,
      "ver": 8.4375e-05,
      "verf": 0.0001,
      "verm": 0.0001,
      "verL": 0.0002,
      "ber": 5.143229166666666e-06,
      "iber": 5.234375e-06,
      "sber": 4.6875e-06,
      "ier": 1.0546875e-05,
      "ser": 4.6875e-06,
      "EbN0dB": 6.75,
      "SNRdB": 8.307914937295422,
      "rate": 1.4315004659832247,
      "C": 2.958501672173835,
      "ShannonLimitdB": 0.7395969076818532
}