{
      "T": 6.4493,
      "fer": 0.0013,
      "nMSE": 9.566040888411444e-06,
      "nMSEf": 2.130232006591199e-08,
      "nMSEm": 2.6903311216762704e-05,
      "nMSEL": 3.2230029899081974e-08,
      "ver": 4.0625e-05,
      "verf": 0.0,
      "verm": 0.0001,
      "verL": 0.0,
      "ber": 2.6692708333333333e-06,
      "iber": 2.734375e-06,
      "sber": 2.34375e-06,
      "ier": 5.078125e-06,
      "ser": 2.34375e-06,
      "EbN0dB": 7.0,
      "SNRdB": 8.557914937295422,
      "rate": 1.4315004659832247,
      "C": 3.0311300634353495,
      "ShannonLimitdB": 0.7395969076818532
}