{
      "T": 6.2277,
      "fer": 0.0011,
      "nMSE": 8.454219812203393e-06,
      "nMSEf": 2.4240491864937657e-05,
      "nMSEm": 1.053120198926475e-09,
      "nMSEL": 3.071008167332862e-11,
      "ver": 3.4375e-05,
      "verf": 0.0001,
      "verm": 0.0,
      "verL": 0.0,
      "ber": 1.9531249999999996e-06,
      "iber": 1.8749999999999998e-06,
      "sber": 2.34375e-06,
      "ier": 4.296875e-06,
      "ser": 2.34375e-06,
      "EbN0dB": 7.25,
      "SNRdB": 8.807914937295422,
      "rate": 1.4315004659832247,
      "C": 3.1042717862314597,
      "ShannonLimitdB": 0.7395969076818532
}