{
      "T": 5.9958,
      "fer": 0.0007,
      "nMSE": 5.6042328583305225e-06,
      "nMSEf": 6.090656127132568e-14,
      "nMSEm": 4.956670838969418e-12,
      "nMSEL": 2.468623420542866e-05,
      "ver": 2.1875e-05,
      "verf": 0.0,
      "verm": 0.0,
      "verL": 0.0001,
      "ber": 1.171875e-06,
      "iber": 1.3281249999999999e-06,
      "sber": 3.90625e-07,
      "ier": 2.734375e-06,
      "ser": 3.90625e-07,
      "EbN0dB": 7.5,
      "SNRdB": 9.057914937295422,
      "rate": 1.4315004659832247,
      "C": 3.177904830282453,
      "ShannonLimitdB": 0.7395969076818532
}