{
      "T": 5.8301,
      "fer": 0.0,
      "nMSE": 8.181143573298602e-12,
      "nMSEf": 1.7315083943067197e-12,
      "nMSEm": 1.1788200889531678e-11,
      "nMSEL": 2.796578948857605e-12,
      "ver": 0.0,
      "verf": 0.0,
      "verm": 0.0,
      "verL": 0.0,
      "ber": 0.0,
      "iber": 0.0,
      "sber": 0.0,
      "ier": 0.0,
      "ser": 0.0,
      "EbN0dB": 7.75,
      "SNRdB": 9.307914937295422,
      "rate": 1.4315004659832247,
      "C": 3.252007808759934,
      "ShannonLimitdB": 0.7395969076818532
}