{
      "T": 5.7006,
      "fer": 0.0002,
      "nMSE": 1.125394285551519e-06,
      "nMSEf": 1.966010374949371e-17,
      "nMSEm": 2.6671615952479963e-17,
      "nMSEL": 2.4517933175014836e-16,
      "ver": 6.25e-06,
      "verf": 0.0,
      "verm": 0.0,
      "verL": 0.0,
      "ber": 5.208333333333333e-07,
      "iber": 6.25e-07,
      "sber": 0.0,
      "ier": 7.8125e-07,
      "ser": 0.0,
      "EbN0dB": 8.0,
      "SNRdB": 9.557914937295422,
      "rate": 1.4315004659832247,
      "C": 3.3265599729627167,
      "ShannonLimitdB": 0.7395969076818532
}