{
      "T": 40.27,
      "fer": 1.0,
      "nMSE": 0.42083178728818893,
      "nMSEf": 0.3215195969492197,
      "nMSEm": 0.45392618104815485,
      "nMSEL": 0.326715581594035,
      "ver": 0.9365625,
      "verf": 0.88,
      "verm": 0.97,
      "verL": 0.83,
      "ber": 0.1573177083333333,
      "iber": 0.158642578125,
      "sber": 0.15466796875,
      "ier": 0.2966796875,
      "ser": 0.2327734375,
      "EbN0dB": 0.0,
      "SNRdB": -0.17728766960431602,
      "rate": 0.96,
      "C": 0.9708536543404835,
      "ShannonLimitdB": -0.06697029239611824
}