{
      "T": 70.81,
      "fer": 1.0,
      "nMSE": 0.25340508863329886,
      "nMSEf": 0.17019580501364545,
      "nMSEm": 0.3023648201138712,
      "nMSEL": 0.20739180513253813,
      "ver": 0.743125,
      "verf": 0.58,
      "verm": 0.79,
      "verL": 0.65,
      "ber": 0.0891471354166666,
      "iber": 0.08970703125,
      "sber": 0.08802734375,
      "ier": 0.17125,
      "ser": 0.133515625,
      "EbN0dB": 1.0,
      "SNRdB": 0.822712330395684,
      "rate": 0.96,
      "C": 1.14311151069573,
      "ShannonLimitdB": -0.06697029239611824
}