{
      "T": 18.33,
      "fer": 1.0,
      "nMSE": 0.7571038108825685,
      "nMSEf": 0.6556091874837875,
      "nMSEm": 0.785795664191246,
      "nMSEL": 0.6495343229174614,
      "ver": 1.0,
      "verf": 1.0,
      "verm": 1.0,
      "verL": 1.0,
      "ber": 0.31897000000000003,
      "iber": 0.3260416666666666,
      "sber": 0.30836250000000004,
      "ier": 0.5680249999999999,
      "ser": 0.473125,
      "EbN0dB": 0.0,
      "SNRdB": 1.14638779968488,
      "rate": 1.3020833333333333,
      "C": 1.2029400586702752,
      "ShannonLimitdB": 0.5144988617911197
}