{
      "T": 22.34,
      "fer": 1.0,
      "nMSE": 0.7194289459228517,
      "nMSEf": 0.5962419271469116,
      "nMSEm": 0.7481513139605522,
      "nMSEL": 0.6046719035506248,
      "ver": 1.0,
      "verf": 1.0,
      "verm": 1.0,
      "verL": 1.0,
      "ber": 0.29949000000000014,
      "iber": 0.3060249999999999,
      "sber": 0.2896875,
      "ier": 0.53425,
      "ser": 0.4464999999999999,
      "EbN0dB": 1.0,
      "SNRdB": 2.14638779968488,
      "rate": 1.3020833333333333,
      "C": 1.4001147844307171,
      "ShannonLimitdB": 0.5144988617911197
}