{
      "T": 10.46,
      "fer": 0.0,
      "nMSE": 1.7948065333042797e-11,
      "nMSEf": 2.863528955750822e-10,
      "nMSEm": 5.297268694014114e-13,
      "nMSEL": 6.574640145216712e-16,
      "ver": 0.0,
      "verf": 0.0,
      "verm": 0.0,
      "verL": 0.0,
      "ber": 0.0,
      "iber": 0.0,
      "sber": 0.0,
      "ier": 0.0,
      "ser": 0.0,
      "EbN0dB": 10.0,
      "SNRdB": 11.14638779968488,
      "rate": 1.3020833333333333,
      "C": 3.809500193889161,
      "ShannonLimitdB": 0.5144988617911197
}