{
      "T": 28.69,
      "fer": 1.0,
      "nMSE": 0.6698113773345947,
      "nMSEf": 0.5419200086593627,
      "nMSEm": 0.7088750067353249,
      "nMSEL": 0.5184480741620063,
      "ver": 1.0,
      "verf": 1.0,
      "verm": 1.0,
      "verL": 1.0,
      "ber": 0.27409,
      "iber": 0.27980833333333327,
      "sber": 0.2655124999999999,
      "ier": 0.48944999999999994,
      "ser": 0.40844999999999987,
      "EbN0dB": 2.0,
      "SNRdB": 3.14638779968488,
      "rate": 1.3020833333333333,
      "C": 1.6152576161036365,
      "ShannonLimitdB": 0.5144988617911197
}