{
      "T": 39.98,
      "fer": 1.0,
      "nMSE": 0.5981732223510743,
      "nMSEf": 0.4159037959575653,
      "nMSEm": 0.6470722219347954,
      "nMSEL": 0.38822410501539706,
      "ver": 1.0,
      "verf": 1.0,
      "verm": 1.0,
      "verL": 1.0,
      "ber": 0.24152999999999994,
      "iber": 0.24627500000000005,
      "sber": 0.23441249999999988,
      "ier": 0.4307749999999999,
      "ser": 0.36115,
      "EbN0dB": 3.0,
      "SNRdB": 4.14638779968488,
      "rate": 1.3020833333333333,
      "C": 1.8471943068374848,
      "ShannonLimitdB": 0.5144988617911197
}