{
      "T": 67.98,
      "fer": 1.0,
      "nMSE": 0.5263912551879881,
      "nMSEf": 0.2950457315146923,
      "nMSEm": 0.5989963459968567,
      "nMSEL": 0.2797045244742185,
      "ver": 0.9935999999999997,
      "verf": 0.99,
      "verm": 1.0,
      "verL": 0.93,
      "ber": 0.20941499999999993,
      "iber": 0.21339166666666667,
      "sber": 0.20345000000000005,
      "ier": 0.3726500000000002,
      "ser": 0.312125,
      "EbN0dB": 4.0,
      "SNRdB": 5.14638779968488,
      "rate": 1.3020833333333333,
      "C": 2.094467645267668,
      "ShannonLimitdB": 0.5144988617911197
}