{
      "T": 100.0,
      "fer": 1.0,
      "nMSE": 0.39034524888992306,
      "nMSEf": 0.1413809893134021,
      "nMSEm": 0.5244356717355549,
      "nMSEL": 0.15058489138313236,
      "ver": 0.9319999999999997,
      "verf": 0.73,
      "verm": 0.99,
      "verL": 0.76,
      "ber": 0.15099000000000007,
      "iber": 0.15517499999999995,
      "sber": 0.14471249999999997,
      "ier": 0.27010000000000006,
      "ser": 0.22372500000000006,
      "EbN0dB": 5.0,
      "SNRdB": 6.14638779968488,
      "rate": 1.3020833333333333,
      "C": 2.3554530213097746,
      "ShannonLimitdB": 0.5144988617911197
}