{
      "T": 97.06,
      "fer": 0.97,
      "nMSE": 0.09128555822372439,
      "nMSEf": 0.03149310973494391,
      "nMSEm": 0.12723827617918598,
      "nMSEL": 0.028454842813573356,
      "ver": 0.3439999999999999,
      "verf": 0.2,
      "verm": 0.4,
      "verL": 0.23,
      "ber": 0.033239999999999985,
      "iber": 0.03417500000000001,
      "sber": 0.03183749999999999,
      "ier": 0.05932499999999999,
      "ser": 0.048974999999999984,
      "EbN0dB": 6.0,
      "SNRdB": 7.14638779968488,
      "rate": 1.3020833333333333,
      "C": 2.6284673233417974,
      "ShannonLimitdB": 0.5144988617911197
}