{
      "T": 100.0,
      "fer": 1.0,
      "nMSE": 0.6188845977783203,
      "nMSEf": 0.4526346328854561,
      "nMSEm": 0.6516752997040749,
      "nMSEL": 0.448970330953598,
      "ver": 0.9979999999999998,
      "verf": 0.97,
      "verm": 1.0,
      "verL": 0.99,
      "ber": 0.22501000000000004,
      "iber": 0.23019166666666657,
      "sber": 0.2172375,
      "ier": 0.4021499999999999,
      "ser": 0.33467500000000006,
      "EbN0dB": 6.0,
      "SNRdB": 7.14638779968488,
      "rate": 1.3020833333333333,
      "C": 2.6284673233417974,
      "ShannonLimitdB": 0.5144988617911197
}