{
      "T": 66.99,
      "fer": 0.56,
      "nMSE": 0.00276369794149614,
      "nMSEf": 0.0039554893280191435,
      "nMSEm": 0.0028856664223543527,
      "nMSEL": 0.0019312683419200139,
      "ver": 0.03640000000000002,
      "verf": 0.04,
      "verm": 0.06,
      "verL": 0.03,
      "ber": 0.001335000000000001,
      "iber": 0.0014000000000000002,
      "sber": 0.0012375000000000008,
      "ier": 0.0022500000000000016,
      "ser": 0.0018500000000000007,
      "EbN0dB": 7.0,
      "SNRdB": 8.14638779968488,
      "rate": 1.3020833333333333,
      "C": 2.911859411293135,
      "ShannonLimitdB": 0.5144988617911197
}