{
      "T": 29.19,
      "fer": 0.08,
      "nMSE": 0.00037925104969923045,
      "nMSEf": 5.023978231305646e-07,
      "nMSEm": 2.9705272610469495e-05,
      "nMSEL": 0.00010434876231137133,
      "ver": 0.0036,
      "verf": 0.0,
      "verm": 0.0,
      "verL": 0.0,
      "ber": 0.00013,
      "iber": 0.000125,
      "sber": 0.0001375,
      "ier": 0.000225,
      "ser": 0.00017500000000000003,
      "EbN0dB": 8.0,
      "SNRdB": 9.14638779968488,
      "rate": 1.3020833333333333,
      "C": 3.2040765991636886,
      "ShannonLimitdB": 0.5144988617911197
}