{
      "T": 16.9,
      "fer": 0.02,
      "nMSE": 0.00010869004278500787,
      "nMSEf": 1.2733441389153346e-11,
      "nMSEm": 6.144198586975041e-11,
      "nMSEL": 1.0501006312323809e-09,
      "ver": 0.0008,
      "verf": 0.0,
      "verm": 0.0,
      "verL": 0.0,
      "ber": 2.5e-05,
      "iber": 2.5e-05,
      "sber": 2.5e-05,
      "ier": 5e-05,
      "ser": 2.5e-05,
      "EbN0dB": 9.0,
      "SNRdB": 10.14638779968488,
      "rate": 1.3020833333333333,
      "C": 3.503706890805673,
      "ShannonLimitdB": 0.5144988617911197
}