{
      "T": 70.61,
      "fer": 1.0,
      "nMSE": 0.5197838001251225,
      "nMSEf": 0.2877554531721398,
      "nMSEm": 0.5930754260718822,
      "nMSEL": 0.27472729549277575,
      "ver": 0.9895999999999994,
      "verf": 0.93,
      "verm": 1.0,
      "verL": 0.9,
      "ber": 0.20448999999999995,
      "iber": 0.20710625000000005,
      "sber": 0.19402499999999992,
      "ier": 0.3874250000000001,
      "ser": 0.19402499999999992,
      "EbN0dB": 2.0,
      "SNRdB": 5.187587626244128,
      "rate": 2.0833333333333335,
      "C": 2.104960848571501,
      "ShannonLimitdB": 1.9149828156875195
}