{
      "T": 99.57,
      "fer": 1.0,
      "nMSE": 0.3754085147857664,
      "nMSEf": 0.15117234711112104,
      "nMSEm": 0.49421082423767076,
      "nMSEL": 0.1452035208346024,
      "ver": 0.9095999999999994,
      "verf": 0.74,
      "verm": 0.97,
      "verL": 0.62,
      "ber": 0.14165500000000006,
      "iber": 0.14322500000000002,
      "sber": 0.135375,
      "ier": 0.26925,
      "ser": 0.135375,
      "EbN0dB": 3.0,
      "SNRdB": 6.187587626244128,
      "rate": 2.0833333333333335,
      "C": 2.3664751113979383,
      "ShannonLimitdB": 1.9149828156875195
}