{
      "T": 83.83,
      "fer": 0.95,
      "nMSE": 0.03756163272578268,
      "nMSEf": 0.014432169164170415,
      "nMSEm": 0.057064452644250495,
      "nMSEL": 0.008825747466083353,
      "ver": 0.19279999999999992,
      "verf": 0.12,
      "verm": 0.23,
      "verL": 0.07,
      "ber": 0.013364999999999998,
      "iber": 0.01353125,
      "sber": 0.012699999999999984,
      "ier": 0.02519999999999998,
      "ser": 0.012699999999999984,
      "EbN0dB": 4.0,
      "SNRdB": 7.187587626244128,
      "rate": 2.0833333333333335,
      "C": 2.639949102311349,
      "ShannonLimitdB": 1.9149828156875195
}