{
      "T": 46.06,
      "fer": 0.39,
      "nMSE": 0.002439632851216994,
      "nMSEf": 0.0019519185593973695,
      "nMSEm": 0.0015643131936998633,
      "nMSEL": 0.004195402748557426,
      "ver": 0.021600000000000005,
      "verf": 0.02,
      "verm": 0.02,
      "verL": 0.03,
      "ber": 0.0007350000000000004,
      "iber": 0.0007625000000000004,
      "sber": 0.0006250000000000002,
      "ier": 0.0014500000000000006,
      "ser": 0.0006250000000000002,
      "EbN0dB": 5.0,
      "SNRdB": 8.187587626244127,
      "rate": 2.0833333333333335,
      "C": 2.9237345959040155,
      "ShannonLimitdB": 1.9149828156875195
}