{
      "T": 20.26,
      "fer": 0.1,
      "nMSE": 0.0004717181191379194,
      "nMSEf": 0.0010833958479890139,
      "nMSEm": 1.5607607854459374e-07,
      "nMSEL": 3.694998013681275e-07,
      "ver": 0.004,
      "verf": 0.01,
      "verm": 0.0,
      "verL": 0.0,
      "ber": 0.00010500000000000002,
      "iber": 0.00011875,
      "sber": 5e-05,
      "ier": 0.00025,
      "ser": 5e-05,
      "EbN0dB": 6.0,
      "SNRdB": 9.187587626244127,
      "rate": 2.0833333333333335,
      "C": 3.216284026671513,
      "ShannonLimitdB": 1.9149828156875195
}