{
      "T": 12.32,
      "fer": 0.02,
      "nMSE": 7.404749198595402e-05,
      "nMSEf": 2.963943389261045e-12,
      "nMSEm": 1.247487007440851e-11,
      "nMSEL": 3.917169945327537e-07,
      "ver": 0.0008,
      "verf": 0.0,
      "verm": 0.0,
      "verL": 0.0,
      "ber": 4e-05,
      "iber": 3.75e-05,
      "sber": 5e-05,
      "ier": 5e-05,
      "ser": 5e-05,
      "EbN0dB": 7.0,
      "SNRdB": 10.187587626244127,
      "rate": 2.0833333333333335,
      "C": 3.516191778127995,
      "ShannonLimitdB": 1.9149828156875195
}