{
      "T": 8.95,
      "fer": 0.0,
      "nMSE": 3.502603387873482e-10,
      "nMSEf": 2.574872191177774e-19,
      "nMSEm": 1.43335209584293e-17,
      "nMSEL": 4.9366774356433487e-20,
      "ver": 0.0,
      "verf": 0.0,
      "verm": 0.0,
      "verL": 0.0,
      "ber": 0.0,
      "iber": 0.0,
      "sber": 0.0,
      "ier": 0.0,
      "ser": 0.0,
      "EbN0dB": 8.0,
      "SNRdB": 11.187587626244127,
      "rate": 2.0833333333333335,
      "C": 3.822214629002304,
      "ShannonLimitdB": 1.9149828156875195
}