{
      "T": 70.2,
      "fer": 1.0,
      "nMSE": 0.5207888965606693,
      "nMSEf": 0.2886399807035923,
      "nMSEm": 0.6085236981511116,
      "nMSEL": 0.2913386281952262,
      "ver": 0.9935999999999997,
      "verf": 0.95,
      "verm": 1.0,
      "verL": 0.95,
      "ber": 0.20190500000000003,
      "iber": 0.20725833333333327,
      "sber": 0.1938749999999999,
      "ier": 0.3629,
      "ser": 0.29650000000000004,
      "EbN0dB": 2.0,
      "SNRdB": 5.187587626244128,
      "rate": 2.0833333333333335,
      "C": 2.104960848571501,
      "ShannonLimitdB": 1.9149828156875195
}