{
      "T": 99.56,
      "fer": 1.0,
      "nMSE": 0.385213054728508,
      "nMSEf": 0.15605392224585274,
      "nMSEm": 0.5138319982505345,
      "nMSEL": 0.14062827475359882,
      "ver": 0.8844000000000001,
      "verf": 0.69,
      "verm": 0.98,
      "verL": 0.63,
      "ber": 0.1437199999999999,
      "iber": 0.14747500000000008,
      "sber": 0.13808750000000003,
      "ier": 0.25695,
      "ser": 0.21152500000000007,
      "EbN0dB": 3.0,
      "SNRdB": 6.187587626244128,
      "rate": 2.0833333333333335,
      "C": 2.3664751113979383,
      "ShannonLimitdB": 1.9149828156875195
}