{
      "T": 85.22,
      "fer": 0.89,
      "nMSE": 0.056177929471060636,
      "nMSEf": 0.03017980212126786,
      "nMSEm": 0.08278296864416337,
      "nMSEL": 0.014054509311906114,
      "ver": 0.22399999999999984,
      "verf": 0.21,
      "verm": 0.25,
      "verL": 0.12,
      "ber": 0.019139999999999994,
      "iber": 0.019516666666666665,
      "sber": 0.018574999999999987,
      "ier": 0.03444999999999996,
      "ser": 0.02869999999999996,
      "EbN0dB": 4.0,
      "SNRdB": 7.187587626244128,
      "rate": 2.0833333333333335,
      "C": 2.639949102311349,
      "ShannonLimitdB": 1.9149828156875195
}