{
      "T": 45.86,
      "fer": 0.36,
      "nMSE": 0.002172414197913293,
      "nMSEf": 0.0008364302943771641,
      "nMSEm": 0.001295805138039997,
      "nMSEL": 0.005112478226746941,
      "ver": 0.018800000000000008,
      "verf": 0.0,
      "verm": 0.02,
      "verL": 0.04,
      "ber": 0.0006250000000000002,
      "iber": 0.0005666666666666664,
      "sber": 0.0007125000000000002,
      "ier": 0.0010500000000000004,
      "ser": 0.0010250000000000003,
      "EbN0dB": 5.0,
      "SNRdB": 8.187587626244127,
      "rate": 2.0833333333333335,
      "C": 2.9237345959040155,
      "ShannonLimitdB": 1.9149828156875195
}