{
      "T": 18.73,
      "fer": 0.04,
      "nMSE": 0.00017897390837625705,
      "nMSEf": 7.828623583454465e-08,
      "nMSEm": 1.9548835885630654e-07,
      "nMSEL": 8.495381530787625e-07,
      "ver": 0.0016,
      "verf": 0.0,
      "verm": 0.0,
      "verL": 0.0,
      "ber": 4e-05,
      "iber": 3.3333333333333335e-05,
      "sber": 5e-05,
      "ier": 5e-05,
      "ser": 7.5e-05,
      "EbN0dB": 6.0,
      "SNRdB": 9.187587626244127,
      "rate": 2.0833333333333335,
      "C": 3.216284026671513,
      "ShannonLimitdB": 1.9149828156875195
}