{
      "T": 11.17,
      "fer": 0.0,
      "nMSE": 2.78738155446495e-06,
      "nMSEf": 3.272902551949266e-09,
      "nMSEm": 1.0833363936225234e-10,
      "nMSEL": 2.3821074136558587e-13,
      "ver": 0.0,
      "verf": 0.0,
      "verm": 0.0,
      "verL": 0.0,
      "ber": 0.0,
      "iber": 0.0,
      "sber": 0.0,
      "ier": 0.0,
      "ser": 0.0,
      "EbN0dB": 7.0,
      "SNRdB": 10.187587626244127,
      "rate": 2.0833333333333335,
      "C": 3.516191778127995,
      "ShannonLimitdB": 1.9149828156875195
}