{
      "T": 91.8,
      "fer": 1.0,
      "nMSE": -0.0007101242989301682,
      "nMSEf": -0.000610470324754715,
      "nMSEm": -0.0004113275557756424,
      "nMSEL": -0.0007954061031341553,
      "ver": 0.943,
      "verf": 0.81,
      "verm": 0.99,
      "verL": 0.86,
      "ber": 0.2526875,
      "iber": 0.2561875,
      "sber": 0.2456875,
      "ier": 0.47987499999999983,
      "ser": 0.36924999999999997,
      "EbN0dB": 3.0,
      "SNRdB": 6.979400086720376,
      "rate": 2.5,
      "C": 2.5821117549330403,
      "ShannonLimitdB": 2.701526368982832
}