{
      "T": 96.4,
      "fer": 0.95,
      "nMSE": 0.0002057289518415928,
      "nMSEf": 0.001978183835744858,
      "nMSEm": -0.0010706306993961334,
      "nMSEL": 0.00035491451621055603,
      "ver": 0.748,
      "verf": 0.45,
      "verm": 0.91,
      "verL": 0.53,
      "ber": 0.17820833333333333,
      "iber": 0.18115625000000002,
      "sber": 0.17231250000000004,
      "ier": 0.34137500000000004,
      "ser": 0.26225000000000004,
      "EbN0dB": 4.0,
      "SNRdB": 7.979400086720376,
      "rate": 2.5,
      "C": 2.8638821839772,
      "ShannonLimitdB": 2.701526368982832
}