{
      "T": 75.68,
      "fer": 0.59,
      "nMSE": -0.0004201778769493103,
      "nMSEf": -0.0007904133200645446,
      "nMSEm": -0.0008271145820617676,
      "nMSEL": 8.270300924777984e-05,
      "ver": 0.4020000000000001,
      "verf": 0.25,
      "verm": 0.49,
      "verL": 0.21,
      "ber": 0.10122916666666666,
      "iber": 0.10053125000000002,
      "sber": 0.10262500000000002,
      "ier": 0.19275000000000003,
      "ser": 0.15375,
      "EbN0dB": 5.0,
      "SNRdB": 8.979400086720375,
      "rate": 2.5,
      "C": 3.1547280659411814,
      "ShannonLimitdB": 2.701526368982832
}