{
      "T": 72.1911,
      "fer": 0.5609,
      "nMSE": 4.592305123806e-05,
      "nMSEf": 0.00017276771068572999,
      "nMSEm": 0.00013769296407699586,
      "nMSEL": -5.90707004070282e-05,
      "ver": 0.3348399999999993,
      "verf": 0.1801,
      "verm": 0.4331,
      "verL": 0.1835,
      "ber": 0.0819447916666673,
      "iber": 0.08294468750000002,
      "sber": 0.07994500000000095,
      "ier": 0.15554750000000173,
      "ser": 0.12114000000000097,
      "EbN0dB": 5.25,
      "SNRdB": 9.229400086720375,
      "rate": 2.5,
      "C": 3.2286857223535024,
      "ShannonLimitdB": 2.701526368982832
}