{
      "T": 63.449,
      "fer": 0.4415,
      "nMSE": 4.7811740636825564e-05,
      "nMSEf": 7.848022580146789e-05,
      "nMSEm": -3.32019180059433e-05,
      "nMSEL": 5.842247605323792e-05,
      "ver": 0.25292999999999866,
      "verf": 0.1333,
      "verm": 0.3305,
      "verL": 0.1311,
      "ber": 0.06278208333333346,
      "iber": 0.06345499999999996,
      "sber": 0.061436250000000484,
      "ier": 0.11893500000000147,
      "ser": 0.09290750000000053,
      "EbN0dB": 5.5,
      "SNRdB": 9.479400086720375,
      "rate": 2.5,
      "C": 3.303099011361858,
      "ShannonLimitdB": 2.701526368982832
}