{
      "T": 54.938,
      "fer": 0.3444,
      "nMSE": 3.663987219333649e-05,
      "nMSEf": -9.826279878616333e-05,
      "nMSEm": -1.9056370854377747e-05,
      "nMSEL": -9.28104043006897e-05,
      "ver": 0.18619999999999878,
      "verf": 0.0993,
      "verm": 0.2476,
      "verL": 0.0945,
      "ber": 0.045979375000000156,
      "iber": 0.04648500000000009,
      "sber": 0.044968125,
      "ier": 0.08736625000000033,
      "ser": 0.06793499999999995,
      "EbN0dB": 5.75,
      "SNRdB": 9.729400086720375,
      "rate": 2.5,
      "C": 3.377947628346769,
      "ShannonLimitdB": 2.701526368982832
}