{
      "T": 49.5792,
      "fer": 0.284,
      "nMSE": -1.3326662592589855e-06,
      "nMSEf": 0.00012048966884613037,
      "nMSEm": 1.405654102563858e-05,
      "nMSEL": 0.00012436666488647462,
      "ver": 0.14654999999999874,
      "verf": 0.0708,
      "verm": 0.1995,
      "verL": 0.0715,
      "ber": 0.03681145833333341,
      "iber": 0.037220937500000106,
      "sber": 0.03599250000000009,
      "ier": 0.06984625000000022,
      "ser": 0.054507499999999764,
      "EbN0dB": 6.0,
      "SNRdB": 9.979400086720375,
      "rate": 2.5,
      "C": 3.4532119225071667,
      "ShannonLimitdB": 2.701526368982832
}