{
      "T": 43.3203,
      "fer": 0.2231,
      "nMSE": 5.4819422960281373e-05,
      "nMSEf": -7.054811716079713e-05,
      "nMSEm": 7.750140875577927e-06,
      "nMSEL": 0.00019546644687652587,
      "ver": 0.11021000000000049,
      "verf": 0.0548,
      "verm": 0.1459,
      "verL": 0.0545,
      "ber": 0.027917083333333266,
      "iber": 0.028134062500000043,
      "sber": 0.027483124999999903,
      "ier": 0.05288124999999965,
      "ser": 0.04144999999999979,
      "EbN0dB": 6.25,
      "SNRdB": 10.229400086720375,
      "rate": 2.5,
      "C": 3.528872901337136,
      "ShannonLimitdB": 2.701526368982832
}