{
      "T": 38.5187,
      "fer": 0.1758,
      "nMSE": -5.585243105888367e-05,
      "nMSEf": -5.9977775812149046e-05,
      "nMSEm": -0.00011058888435363769,
      "nMSEL": 5.3256607055664065e-05,
      "ver": 0.08382000000000034,
      "verf": 0.0437,
      "verm": 0.1128,
      "verL": 0.0394,
      "ber": 0.021408333333333255,
      "iber": 0.021676249999999973,
      "sber": 0.02087249999999987,
      "ier": 0.04053124999999971,
      "ser": 0.03168874999999982,
      "EbN0dB": 6.5,
      "SNRdB": 10.479400086720375,
      "rate": 2.5,
      "C": 3.6049122319006153,
      "ShannonLimitdB": 2.701526368982832
}