{
      "T": 33.9671,
      "fer": 0.1358,
      "nMSE": 8.76750648021698e-05,
      "nMSEf": 0.00020770196914672852,
      "nMSEm": 3.775213062763214e-05,
      "nMSEL": 0.0002494020938873291,
      "ver": 0.06264000000000011,
      "verf": 0.0288,
      "verm": 0.0841,
      "verL": 0.0329,
      "ber": 0.01647499999999998,
      "iber": 0.016644687500000005,
      "sber": 0.016135624999999962,
      "ier": 0.031099999999999947,
      "ser": 0.02440249999999995,
      "EbN0dB": 6.75,
      "SNRdB": 10.729400086720375,
      "rate": 2.5,
      "C": 3.6813122392159516,
      "ShannonLimitdB": 2.701526368982832
}