{
      "T": 29.454,
      "fer": 0.0976,
      "nMSE": -2.8882622718811036e-06,
      "nMSEf": -0.00014432284832000732,
      "nMSEm": 2.7499482035636903e-05,
      "nMSEL": 4.419335722923279e-05,
      "ver": 0.04375000000000013,
      "verf": 0.021,
      "verm": 0.0603,
      "verL": 0.0215,
      "ber": 0.011432708333333336,
      "iber": 0.011584374999999977,
      "sber": 0.011129374999999983,
      "ier": 0.021661249999999962,
      "ser": 0.016858749999999992,
      "EbN0dB": 7.0,
      "SNRdB": 10.979400086720375,
      "rate": 2.5,
      "C": 3.758055902051297,
      "ShannonLimitdB": 2.701526368982832
}