{
      "T": 94.69,
      "fer": 1.0,
      "nMSE": 0.3998663568496704,
      "nMSEf": 0.28298954534941,
      "nMSEm": 0.43527809591498223,
      "nMSEL": 0.28361515057913494,
      "ver": 0.8771875,
      "verf": 0.79,
      "verm": 0.92,
      "verL": 0.74,
      "ber": 0.14463541666666663,
      "iber": 0.14463541666666663,
      "sber": 0.0,
      "ier": 0.2844921875,
      "ser": 0.0,
      "EbN0dB": 1.0,
      "SNRdB": 2.497623203333321,
      "rate": 1.411764705882353,
      "C": 1.4736863810743386,
      "ShannonLimitdB": 0.705090203367376
}