{
      "T": 99.98,
      "fer": 1.0,
      "nMSE": 0.19913311406970025,
      "nMSEf": 0.1113578908610161,
      "nMSEm": 0.1745223804390051,
      "nMSEL": 0.11984775596559416,
      "ver": 0.5490625,
      "verf": 0.31,
      "verm": 0.52,
      "verL": 0.4,
      "ber": 0.06766927083333334,
      "iber": 0.06766927083333334,
      "sber": 0.0,
      "ier": 0.131484375,
      "ser": 0.0,
      "EbN0dB": 2.0,
      "SNRdB": 3.497623203333321,
      "rate": 1.411764705882353,
      "C": 1.6948785313972243,
      "ShannonLimitdB": 0.705090203367376
}