{
      "T": 97.93,
      "fer": 1.0,
      "nMSE": 0.05493447387591004,
      "nMSEf": 0.028943367167277682,
      "nMSEm": 0.03406562743808771,
      "nMSEL": 0.05748834663976038,
      "ver": 0.194375,
      "verf": 0.11,
      "verm": 0.13,
      "verL": 0.18,
      "ber": 0.01712239583333334,
      "iber": 0.01712239583333334,
      "sber": 0.0,
      "ier": 0.0337890625,
      "ser": 0.0,
      "EbN0dB": 3.0,
      "SNRdB": 4.497623203333321,
      "rate": 1.411764705882353,
      "C": 1.9323790567230952,
      "ShannonLimitdB": 0.705090203367376
}