{
      "T": 85.19,
      "fer": 0.69,
      "nMSE": 0.011290882420216803,
      "nMSEf": 0.009004830625352171,
      "nMSEm": 0.009407463209924407,
      "nMSEL": 0.004925905034911304,
      "ver": 0.0434375,
      "verf": 0.03,
      "verm": 0.03,
      "verL": 0.01,
      "ber": 0.003092447916666666,
      "iber": 0.003092447916666666,
      "sber": 0.0,
      "ier": 0.0063671875,
      "ser": 0.0,
      "EbN0dB": 4.0,
      "SNRdB": 5.497623203333321,
      "rate": 1.411764705882353,
      "C": 2.1846588083169443,
      "ShannonLimitdB": 0.705090203367376
}