{
      "T": 36.6198,
      "fer": 0.2194,
      "nMSE": 0.0018703183522080316,
      "nMSEf": 0.0020364900304019554,
      "nMSEm": 0.0019266247267695658,
      "nMSEL": 0.001799571104893797,
      "ver": 0.008071875,
      "verf": 0.0083,
      "verm": 0.008,
      "verL": 0.0081,
      "ber": 0.0005359375000000009,
      "iber": 0.0005359375000000009,
      "sber": 0.0,
      "ier": 0.001049609375,
      "ser": 0.0,
      "EbN0dB": 5.0,
      "SNRdB": 6.497623203333321,
      "rate": 1.411764705882353,
      "C": 2.450060979772978,
      "ShannonLimitdB": 0.705090203367376
}