{
      "T": 28.2587,
      "fer": 0.1444,
      "nMSE": 0.0011738975160270814,
      "nMSEf": 0.001218221634590441,
      "nMSEm": 0.0013789986299516152,
      "nMSEL": 0.0012020131805096613,
      "ver": 0.004984375,
      "verf": 0.0052,
      "verm": 0.0055,
      "verL": 0.0049,
      "ber": 0.0003307942708333329,
      "iber": 0.0003307942708333329,
      "sber": 0.0,
      "ier": 0.000651171875,
      "ser": 0.0,
      "EbN0dB": 5.25,
      "SNRdB": 6.747623203333321,
      "rate": 1.411764705882353,
      "C": 2.518264160534849,
      "ShannonLimitdB": 0.705090203367376
}