{
      "T": 21.1585,
      "fer": 0.0967,
      "nMSE": 0.0007825787927948063,
      "nMSEf": 0.0008193865889320786,
      "nMSEm": 0.0009692486905703482,
      "nMSEL": 0.0009039882016993715,
      "ver": 0.003303125,
      "verf": 0.0034,
      "verm": 0.0039,
      "verL": 0.0038,
      "ber": 0.00021725260416666648,
      "iber": 0.00021725260416666648,
      "sber": 0.0,
      "ier": 0.000426953125,
      "ser": 0.0,
      "EbN0dB": 5.5,
      "SNRdB": 6.997623203333321,
      "rate": 1.411764705882353,
      "C": 2.5871561813529027,
      "ShannonLimitdB": 0.705090203367376
}