{
      "T": 15.8973,
      "fer": 0.0623,
      "nMSE": 0.0004944673544777717,
      "nMSEf": 0.00048251998816512123,
      "nMSEm": 0.0006766072355701932,
      "nMSEL": 0.0004765339373885734,
      "ver": 0.00206875,
      "verf": 0.0019,
      "verm": 0.0028,
      "verL": 0.002,
      "ber": 0.00013847656249999982,
      "iber": 0.00013847656249999982,
      "sber": 0.0,
      "ier": 0.00026640625,
      "ser": 0.0,
      "EbN0dB": 5.75,
      "SNRdB": 7.247623203333321,
      "rate": 1.411764705882353,
      "C": 2.656711403096159,
      "ShannonLimitdB": 0.705090203367376
}