{
      "T": 12.5174,
      "fer": 0.0402,
      "nMSE": 0.0003129310638656507,
      "nMSEf": 0.0002413228356471999,
      "nMSEm": 0.0002020571976284738,
      "nMSEL": 0.0003444122618031908,
      "ver": 0.00130625,
      "verf": 0.0011,
      "verm": 0.0009,
      "verL": 0.0015,
      "ber": 8.300781249999994e-05,
      "iber": 8.300781249999994e-05,
      "sber": 0.0,
      "ier": 0.000169140625,
      "ser": 0.0,
      "EbN0dB": 6.0,
      "SNRdB": 7.497623203333321,
      "rate": 1.411764705882353,
      "C": 2.7269045540829655,
      "ShannonLimitdB": 0.705090203367376
}