{
      "T": 10.3025,
      "fer": 0.0282,
      "nMSE": 0.0002129356802767251,
      "nMSEf": 0.00017473440870018002,
      "nMSEm": 0.00022868082239401732,
      "nMSEL": 0.00021163478308892266,
      "ver": 0.000903125,
      "verf": 0.0007,
      "verm": 0.001,
      "verL": 0.0009,
      "ber": 5.839843750000002e-05,
      "iber": 5.839843750000002e-05,
      "sber": 0.0,
      "ier": 0.000114453125,
      "ser": 0.0,
      "EbN0dB": 6.25,
      "SNRdB": 7.747623203333321,
      "rate": 1.411764705882353,
      "C": 2.797710783115185,
      "ShannonLimitdB": 0.705090203367376
}