{
      "T": 8.4688,
      "fer": 0.0167,
      "nMSE": 0.00012672644885659823,
      "nMSEf": 0.0001265746114897926,
      "nMSEm": 5.0273727235069674e-05,
      "nMSEL": 0.000246133277611734,
      "ver": 0.00053125,
      "verf": 0.0006,
      "verm": 0.0002,
      "verL": 0.001,
      "ber": 3.346354166666666e-05,
      "iber": 3.346354166666666e-05,
      "sber": 0.0,
      "ier": 6.796875e-05,
      "ser": 0.0,
      "EbN0dB": 6.5,
      "SNRdB": 7.997623203333321,
      "rate": 1.411764705882353,
      "C": 2.869105706455634,
      "ShannonLimitdB": 0.705090203367376
}