{
      "T": 7.4391,
      "fer": 0.0114,
      "nMSE": 8.872015475375769e-05,
      "nMSEf": 0.00013109567834086367,
      "nMSEm": 0.00019744477087446185,
      "nMSEL": 5.004427561991941e-05,
      "ver": 0.0003625,
      "verf": 0.0005,
      "verm": 0.0008,
      "verL": 0.0002,
      "ber": 2.3567708333333333e-05,
      "iber": 2.3567708333333333e-05,
      "sber": 0.0,
      "ier": 4.6484375e-05,
      "ser": 0.0,
      "EbN0dB": 6.75,
      "SNRdB": 8.24762320333332,
      "rate": 1.411764705882353,
      "C": 2.941065448934189,
      "ShannonLimitdB": 0.705090203367376
}