{
      "T": 6.7348,
      "fer": 0.0066,
      "nMSE": 5.638436387164487e-05,
      "nMSEf": 5.313637341909104e-09,
      "nMSEm": 6.575360161383727e-05,
      "nMSEL": 2.5283149816870425e-05,
      "ver": 0.0002125,
      "verf": 0.0,
      "verm": 0.0003,
      "verL": 0.0001,
      "ber": 1.4778645833333334e-05,
      "iber": 1.4778645833333334e-05,
      "sber": 0.0,
      "ier": 2.8515625e-05,
      "ser": 0.0,
      "EbN0dB": 7.0,
      "SNRdB": 8.49762320333332,
      "rate": 1.411764705882353,
      "C": 3.013566679409168,
      "ShannonLimitdB": 0.705090203367376
}