{
      "T": 6.353,
      "fer": 0.0055,
      "nMSE": 4.344850513406335e-05,
      "nMSEf": 2.5000857295977807e-05,
      "nMSEm": 8.704831404148806e-10,
      "nMSEL": 5.5451017986586783e-05,
      "ver": 0.000178125,
      "verf": 0.0001,
      "verm": 0.0,
      "verL": 0.0002,
      "ber": 1.1458333333333333e-05,
      "iber": 1.1458333333333333e-05,
      "sber": 0.0,
      "ier": 2.265625e-05,
      "ser": 0.0,
      "EbN0dB": 7.25,
      "SNRdB": 8.74762320333332,
      "rate": 1.411764705882353,
      "C": 3.0865866408438802,
      "ShannonLimitdB": 0.705090203367376
}