{
      "T": 6.0266,
      "fer": 0.0028,
      "nMSE": 2.1845603096172312e-05,
      "nMSEf": 5.010314822759478e-10,
      "nMSEm": 4.9999123733997556e-05,
      "nMSEL": 5.008156756297875e-05,
      "ver": 8.75e-05,
      "verf": 0.0,
      "verm": 0.0002,
      "verL": 0.0002,
      "ber": 6.380208333333333e-06,
      "iber": 6.380208333333333e-06,
      "sber": 0.0,
      "ier": 1.09375e-05,
      "ser": 0.0,
      "EbN0dB": 7.5,
      "SNRdB": 8.99762320333332,
      "rate": 1.411764705882353,
      "C": 3.160103175284159,
      "ShannonLimitdB": 0.705090203367376
}