{
      "T": 5.8263,
      "fer": 0.0015,
      "nMSE": 1.1702476597673674e-05,
      "nMSEf": 2.4999792874386774e-05,
      "nMSEm": 3.008285613111401e-07,
      "nMSEL": 3.995597254604364e-13,
      "ver": 4.6875e-05,
      "verf": 0.0001,
      "verm": 0.0,
      "verL": 0.0,
      "ber": 2.9296875e-06,
      "iber": 2.9296875e-06,
      "sber": 0.0,
      "ier": 5.859375e-06,
      "ser": 0.0,
      "EbN0dB": 7.75,
      "SNRdB": 9.24762320333332,
      "rate": 1.411764705882353,
      "C": 3.2340947440417667,
      "ShannonLimitdB": 0.705090203367376
}