{
      "T": 5.6277,
      "fer": 0.0014,
      "nMSE": 1.1697555936384422e-05,
      "nMSEf": 2.4994284088204135e-05,
      "nMSEm": 2.2156499370505906e-17,
      "nMSEL": 5.418076868137485e-19,
      "ver": 4.375e-05,
      "verf": 0.0001,
      "verm": 0.0,
      "verL": 0.0,
      "ber": 2.7343749999999995e-06,
      "iber": 2.7343749999999995e-06,
      "sber": 0.0,
      "ier": 5.859375e-06,
      "ser": 0.0,
      "EbN0dB": 8.0,
      "SNRdB": 9.49762320333332,
      "rate": 1.411764705882353,
      "C": 3.308540443401378,
      "ShannonLimitdB": 0.705090203367376
}