{
      "T": 69.66,
      "fer": 1.0,
      "nMSE": 0.5031206297874453,
      "nMSEf": 0.34375494721491123,
      "nMSEm": 0.5544971917569638,
      "nMSEL": 0.3616110467584804,
      "ver": 0.9820000000000002,
      "verf": 0.91,
      "verm": 1.0,
      "verL": 0.97,
      "ber": 0.1942499999999999,
      "iber": 0.19949999999999996,
      "sber": 0.18637499999999999,
      "ier": 0.3501875000000001,
      "ser": 0.28900000000000015,
      "EbN0dB": 2.0,
      "SNRdB": 5.187587626244128,
      "rate": 2.0833333333333335,
      "C": 2.104960848571501,
      "ShannonLimitdB": 1.9149828156875195
}