{
      "T": 99.84,
      "fer": 0.99,
      "nMSE": 0.3766450346708298,
      "nMSEf": 0.20705923241219273,
      "nMSEm": 0.4709877989437467,
      "nMSEL": 0.1886209064176859,
      "ver": 0.8769999999999999,
      "verf": 0.75,
      "verm": 0.94,
      "verL": 0.67,
      "ber": 0.13993750000000005,
      "iber": 0.1430625,
      "sber": 0.13525,
      "ier": 0.25187499999999985,
      "ser": 0.2077499999999999,
      "EbN0dB": 3.0,
      "SNRdB": 6.187587626244128,
      "rate": 2.0833333333333335,
      "C": 2.3664751113979383,
      "ShannonLimitdB": 1.9149828156875195
}