{
      "T": 86.41,
      "fer": 0.82,
      "nMSE": 0.09944962372345614,
      "nMSEf": 0.0440519885676428,
      "nMSEm": 0.15280403762478556,
      "nMSEL": 0.043803788088600824,
      "ver": 0.31200000000000017,
      "verf": 0.25,
      "verm": 0.38,
      "verL": 0.21,
      "ber": 0.033599999999999984,
      "iber": 0.03454166666666668,
      "sber": 0.0321875,
      "ier": 0.05975,
      "ser": 0.049437500000000016,
      "EbN0dB": 4.0,
      "SNRdB": 7.187587626244128,
      "rate": 2.0833333333333335,
      "C": 2.639949102311349,
      "ShannonLimitdB": 1.9149828156875195
}