{
      "T": 43.74,
      "fer": 0.25,
      "nMSE": 0.004084982495269823,
      "nMSEf": 0.0005890544168263165,
      "nMSEm": 0.0001975223334519732,
      "nMSEL": 0.004871444578605895,
      "ver": 0.030000000000000013,
      "verf": 0.0,
      "verm": 0.0,
      "verL": 0.05,
      "ber": 0.0012000000000000005,
      "iber": 0.0013125,
      "sber": 0.0010312500000000003,
      "ier": 0.0020625000000000005,
      "ser": 0.0017500000000000005,
      "EbN0dB": 5.0,
      "SNRdB": 8.187587626244127,
      "rate": 2.0833333333333335,
      "C": 2.9237345959040155,
      "ShannonLimitdB": 1.9149828156875195
}