{
      "T": 23.3,
      "fer": 0.07,
      "nMSE": 0.0007224620409881486,
      "nMSEf": 0.0004452804403944682,
      "nMSEm": 0.0015205768547488828,
      "nMSEL": 0.0012513017565585732,
      "ver": 0.008,
      "verf": 0.01,
      "verm": 0.01,
      "verL": 0.01,
      "ber": 0.000275,
      "iber": 0.00031249999999999995,
      "sber": 0.00021875000000000003,
      "ier": 0.0005,
      "ser": 0.0003125,
      "EbN0dB": 6.0,
      "SNRdB": 9.187587626244127,
      "rate": 2.0833333333333335,
      "C": 3.216284026671513,
      "ShannonLimitdB": 1.9149828156875195
}