{
      "T": 10.51,
      "fer": 0.0,
      "nMSE": 4.31199797036267e-07,
      "nMSEf": 3.0103125117293316e-08,
      "nMSEm": 2.1358208972832859e-10,
      "nMSEL": 4.160060224397016e-06,
      "ver": 0.0,
      "verf": 0.0,
      "verm": 0.0,
      "verL": 0.0,
      "ber": 0.0,
      "iber": 0.0,
      "sber": 0.0,
      "ier": 0.0,
      "ser": 0.0,
      "EbN0dB": 7.0,
      "SNRdB": 10.187587626244127,
      "rate": 2.0833333333333335,
      "C": 3.516191778127995,
      "ShannonLimitdB": 1.9149828156875195
}