{
      "T": 62.8,
      "fer": 1.0,
      "nMSE": 0.3438718402385713,
      "nMSEf": 0.2752613403555006,
      "nMSEm": 0.3947783867502585,
      "nMSEL": 0.27083767739793985,
      "ver": 0.8525000000000006,
      "verf": 0.75,
      "verm": 0.9,
      "verL": 0.79,
      "ber": 0.12881249999999994,
      "iber": 0.12881249999999994,
      "sber": 0.0,
      "ier": 0.241,
      "ser": 0.0,
      "EbN0dB": 1.0,
      "SNRdB": 1.8354605145007485,
      "rate": 1.212121212121212,
      "C": 1.3368376168879388,
      "ShannonLimitdB": 0.35967254288902506
}