{
      "T": 5.0583,
      "fer": 0.0005,
      "nMSE": 6.245304654737951e-06,
      "nMSEf": 1.2407632213385019e-14,
      "nMSEm": 5.371381945261899e-19,
      "nMSEL": 2.4999213218688974e-05,
      "ver": 2.5e-05,
      "verf": 0.0,
      "verm": 0.0,
      "verL": 0.0001,
      "ber": 1.5625e-06,
      "iber": 1.5625e-06,
      "sber": 0.0,
      "ier": 3.125e-06,
      "ser": 0.0,
      "EbN0dB": 10.0,
      "SNRdB": 10.835460514500749,
      "rate": 1.212121212121212,
      "C": 3.7138290953682715,
      "ShannonLimitdB": 0.35967254288902506
}