{
      "T": 90.34,
      "fer": 1.0,
      "nMSE": 0.2135514471530915,
      "nMSEf": 0.16691362887929245,
      "nMSEm": 0.20270370972699311,
      "nMSEL": 0.13415535336882387,
      "ver": 0.6429999999999998,
      "verf": 0.5,
      "verm": 0.67,
      "verL": 0.48,
      "ber": 0.07671875,
      "iber": 0.07671875,
      "sber": 0.0,
      "ier": 0.14300000000000007,
      "ser": 0.0,
      "EbN0dB": 2.0,
      "SNRdB": 2.8354605145007485,
      "rate": 1.212121212121212,
      "C": 1.5465031825147202,
      "ShannonLimitdB": 0.35967254288902506
}