{
      "T": 93.14,
      "fer": 0.99,
      "nMSE": 0.09513528351485732,
      "nMSEf": 0.06900186294827591,
      "nMSEm": 0.10401068809642978,
      "nMSEL": 0.05662255872190172,
      "ver": 0.34449999999999986,
      "verf": 0.24,
      "verm": 0.4,
      "verL": 0.23,
      "ber": 0.032140625000000006,
      "iber": 0.032140625000000006,
      "sber": 0.0,
      "ier": 0.060375,
      "ser": 0.0,
      "EbN0dB": 3.0,
      "SNRdB": 3.8354605145007485,
      "rate": 1.212121212121212,
      "C": 1.7733633306723653,
      "ShannonLimitdB": 0.35967254288902506
}