{
      "T": 80.06,
      "fer": 0.91,
      "nMSE": 0.03251413532812151,
      "nMSEf": 0.023255334286787152,
      "nMSEm": 0.02805591798197554,
      "nMSEL": 0.034461645894838036,
      "ver": 0.13,
      "verf": 0.08,
      "verm": 0.1,
      "verL": 0.12,
      "ber": 0.009609375000000002,
      "iber": 0.009609375000000002,
      "sber": 0.0,
      "ier": 0.0189375,
      "ser": 0.0,
      "EbN0dB": 4.0,
      "SNRdB": 4.835460514500749,
      "rate": 1.212121212121212,
      "C": 2.0160365618135807,
      "ShannonLimitdB": 0.35967254288902506
}