{
      "T": 59.14,
      "fer": 0.51,
      "nMSE": 0.00933678619254238,
      "nMSEf": 0.0053417479199147225,
      "nMSEm": 0.014460875663990347,
      "nMSEL": 0.007915067443969838,
      "ver": 0.03699999999999998,
      "verf": 0.02,
      "verm": 0.08,
      "verL": 0.03,
      "ber": 0.0027500000000000003,
      "iber": 0.0027500000000000003,
      "sber": 0.0,
      "ier": 0.005187499999999997,
      "ser": 0.0,
      "EbN0dB": 5.0,
      "SNRdB": 5.835460514500749,
      "rate": 1.212121212121212,
      "C": 2.2729380486344524,
      "ShannonLimitdB": 0.35967254288902506
}