{
      "T": 27.49,
      "fer": 0.16,
      "nMSE": 0.002121171682806416,
      "nMSEf": 0.0025378843906132776,
      "nMSEm": 9.944176355155194e-07,
      "nMSEL": 3.625019875934704e-05,
      "ver": 0.009500000000000003,
      "verf": 0.01,
      "verm": 0.0,
      "verL": 0.0,
      "ber": 0.000578125,
      "iber": 0.000578125,
      "sber": 0.0,
      "ier": 0.0011875000000000004,
      "ser": 0.0,
      "EbN0dB": 6.0,
      "SNRdB": 6.835460514500749,
      "rate": 1.212121212121212,
      "C": 2.5423921488506176,
      "ShannonLimitdB": 0.35967254288902506
}