{
      "T": 12.546,
      "fer": 0.0418,
      "nMSE": 0.0005187485233278659,
      "nMSEf": 0.0005591026945240045,
      "nMSEm": 0.0004839925060342325,
      "nMSEL": 0.00070069150471195,
      "ver": 0.002195000000000017,
      "verf": 0.0022,
      "verm": 0.002,
      "verL": 0.0029,
      "ber": 0.00015265624999999988,
      "iber": 0.00015265624999999988,
      "sber": 0.0,
      "ier": 0.0002850000000000021,
      "ser": 0.0,
      "EbN0dB": 7.0,
      "SNRdB": 7.835460514500749,
      "rate": 1.212121212121212,
      "C": 2.8227294895533417,
      "ShannonLimitdB": 0.35967254288902506
}