{
      "T": 10.0144,
      "fer": 0.0276,
      "nMSE": 0.00034305719763270075,
      "nMSEf": 0.000267273658093674,
      "nMSEm": 0.0002860132079690961,
      "nMSEL": 0.00021325922365018188,
      "ver": 0.0014300000000000066,
      "verf": 0.0012,
      "verm": 0.0011,
      "verL": 0.0008,
      "ber": 9.812500000000014e-05,
      "iber": 9.812500000000014e-05,
      "sber": 0.0,
      "ier": 0.0001818750000000008,
      "ser": 0.0,
      "EbN0dB": 7.25,
      "SNRdB": 8.085460514500749,
      "rate": 1.212121212121212,
      "C": 2.8943255550530105,
      "ShannonLimitdB": 0.35967254288902506
}