{
      "T": 8.479,
      "fer": 0.0187,
      "nMSE": 0.00023067372130960325,
      "nMSEf": 0.00010125009519597516,
      "nMSEm": 0.00017542359404690928,
      "nMSEL": 0.00021533912235487725,
      "ver": 0.0009499999999999998,
      "verf": 0.0004,
      "verm": 0.0007,
      "verL": 0.001,
      "ber": 6.328125000000012e-05,
      "iber": 6.328125000000012e-05,
      "sber": 0.0,
      "ier": 0.00012125000000000002,
      "ser": 0.0,
      "EbN0dB": 7.5,
      "SNRdB": 8.335460514500749,
      "rate": 1.212121212121212,
      "C": 2.966478178663946,
      "ShannonLimitdB": 0.35967254288902506
}