{
      "T": 7.306,
      "fer": 0.0129,
      "nMSE": 0.00015762754589578287,
      "nMSEf": 0.00013235917226091264,
      "nMSEm": 0.00017241008227359103,
      "nMSEL": 0.00011727261309142749,
      "ver": 0.0006549999999999985,
      "verf": 0.0005,
      "verm": 0.0006,
      "verL": 0.0005,
      "ber": 4.546875000000002e-05,
      "iber": 4.546875000000002e-05,
      "sber": 0.0,
      "ier": 8.31249999999998e-05,
      "ser": 0.0,
      "EbN0dB": 7.75,
      "SNRdB": 8.585460514500749,
      "rate": 1.212121212121212,
      "C": 3.0391642277965483,
      "ShannonLimitdB": 0.35967254288902506
}