{
      "T": 6.6059,
      "fer": 0.0095,
      "nMSE": 0.0001211929444319844,
      "nMSEf": 0.0001259225852693642,
      "nMSEm": 0.000149596114513376,
      "nMSEL": 7.794812139267245e-05,
      "ver": 0.0004899999999999991,
      "verf": 0.0005,
      "verm": 0.0006,
      "verL": 0.0003,
      "ber": 3.734375000000001e-05,
      "iber": 3.734375000000001e-05,
      "sber": 0.0,
      "ier": 6.312499999999988e-05,
      "ser": 0.0,
      "EbN0dB": 8.0,
      "SNRdB": 8.835460514500749,
      "rate": 1.212121212121212,
      "C": 3.112361153307775,
      "ShannonLimitdB": 0.35967254288902506
}