{
      "T": 5.9964,
      "fer": 0.0061,
      "nMSE": 7.739886609733311e-05,
      "nMSEf": 2.6053883490444573e-05,
      "nMSEm": 0.00014028276664301538,
      "nMSEL": 4.943009273865156e-05,
      "ver": 0.00030999999999999973,
      "verf": 0.0001,
      "verm": 0.0006,
      "verL": 0.0002,
      "ber": 2.109374999999999e-05,
      "iber": 2.109374999999999e-05,
      "sber": 0.0,
      "ier": 3.9999999999999956e-05,
      "ser": 0.0,
      "EbN0dB": 8.25,
      "SNRdB": 9.085460514500749,
      "rate": 1.212121212121212,
      "C": 3.1860470127587366,
      "ShannonLimitdB": 0.35967254288902506
}