{
      "T": 5.7794,
      "fer": 0.005,
      "nMSE": 6.525540823200946e-05,
      "nMSEf": 1.1107615276018195e-10,
      "nMSEm": 0.0001277771027491008,
      "nMSEL": 4.976125164814994e-05,
      "ver": 0.0002499999999999999,
      "verf": 0.0,
      "verm": 0.0004,
      "verL": 0.0002,
      "ber": 1.7812500000000006e-05,
      "iber": 1.7812500000000006e-05,
      "sber": 0.0,
      "ier": 3.3124999999999985e-05,
      "ser": 0.0,
      "EbN0dB": 8.5,
      "SNRdB": 9.335460514500749,
      "rate": 1.212121212121212,
      "C": 3.2602004889886236,
      "ShannonLimitdB": 0.35967254288902506
}