{
      "T": 5.532,
      "fer": 0.0026,
      "nMSE": 3.321172216169932e-05,
      "nMSEf": 6.371592221575685e-05,
      "nMSEm": 1.8537239531964988e-05,
      "nMSEL": 1.864189256314918e-09,
      "ver": 0.00013500000000000008,
      "verf": 0.0003,
      "verm": 0.0001,
      "verL": 0.0,
      "ber": 7.4999999999999985e-06,
      "iber": 7.4999999999999985e-06,
      "sber": 0.0,
      "ier": 1.687500000000001e-05,
      "ser": 0.0,
      "EbN0dB": 8.75,
      "SNRdB": 9.585460514500749,
      "rate": 1.212121212121212,
      "C": 3.3348009043258378,
      "ShannonLimitdB": 0.35967254288902506
}