{
      "T": 5.2875,
      "fer": 0.0022,
      "nMSE": 2.7438746609775988e-05,
      "nMSEf": 9.996201846741152e-05,
      "nMSEm": 2.498995094097797e-05,
      "nMSEL": 1.4114435940695397e-10,
      "ver": 0.00011000000000000003,
      "verf": 0.0004,
      "verm": 0.0001,
      "verL": 0.0,
      "ber": 7.500000000000001e-06,
      "iber": 7.500000000000001e-06,
      "sber": 0.0,
      "ier": 1.3750000000000004e-05,
      "ser": 0.0,
      "EbN0dB": 9.0,
      "SNRdB": 9.835460514500749,
      "rate": 1.212121212121212,
      "C": 3.4098282307626313,
      "ShannonLimitdB": 0.35967254288902506
}