{
      "T": 5.2271,
      "fer": 0.0018,
      "nMSE": 2.2567380487058333e-05,
      "nMSEf": 2.4999731779312323e-05,
      "nMSEm": 2.4993394403375938e-05,
      "nMSEL": 7.491417249438359e-05,
      "ver": 9.000000000000002e-05,
      "verf": 0.0001,
      "verm": 0.0001,
      "verL": 0.0003,
      "ber": 5.9375e-06,
      "iber": 5.9375e-06,
      "sber": 0.0,
      "ier": 1.1250000000000002e-05,
      "ser": 0.0,
      "EbN0dB": 9.25,
      "SNRdB": 10.085460514500749,
      "rate": 1.212121212121212,
      "C": 3.4852630964203457,
      "ShannonLimitdB": 0.35967254288902506
}