{
      "T": 5.145,
      "fer": 0.0014,
      "nMSE": 1.7469733421841056e-05,
      "nMSEf": 2.4999499321078207e-05,
      "nMSEm": 2.4981153011361906e-05,
      "nMSEL": 2.2320161419386358e-15,
      "ver": 7.000000000000001e-05,
      "verf": 0.0001,
      "verm": 0.0001,
      "verL": 0.0,
      "ber": 5.156250000000002e-06,
      "iber": 5.156250000000002e-06,
      "sber": 0.0,
      "ier": 8.750000000000001e-06,
      "ser": 0.0,
      "EbN0dB": 9.5,
      "SNRdB": 10.335460514500749,
      "rate": 1.212121212121212,
      "C": 3.5610867886290185,
      "ShannonLimitdB": 0.35967254288902506
}