{
      "T": 5.1122,
      "fer": 0.0011,
      "nMSE": 1.3747232766481068e-05,
      "nMSEf": 2.2938668263266736e-07,
      "nMSEm": 8.769345271238421e-15,
      "nMSEL": 2.4964857101440796e-05,
      "ver": 5.4999999999999995e-05,
      "verf": 0.0,
      "verm": 0.0,
      "verL": 0.0001,
      "ber": 3.437500000000001e-06,
      "iber": 3.437500000000001e-06,
      "sber": 0.0,
      "ier": 6.874999999999999e-06,
      "ser": 0.0,
      "EbN0dB": 9.75,
      "SNRdB": 10.585460514500749,
      "rate": 1.212121212121212,
      "C": 3.637281253938448,
      "ShannonLimitdB": 0.35967254288902506
}