{
      "T": 70.99,
      "fer": 1.0,
      "nMSE": 0.44931310206651687,
      "nMSEf": 0.2826551223144634,
      "nMSEm": 0.5224722081050277,
      "nMSEL": 0.2654833769259858,
      "ver": 0.9309375,
      "verf": 0.84,
      "verm": 0.97,
      "verL": 0.73,
      "ber": 0.16586588541666672,
      "iber": 0.16586588541666672,
      "sber": 0.0,
      "ier": 0.3280859375,
      "ser": 0.0,
      "EbN0dB": 1.0,
      "SNRdB": 2.5296746020854344,
      "rate": 1.422222222222222,
      "C": 1.480509013479828,
      "ShannonLimitdB": 0.7233664553245216
}