{
      "T": 98.03,
      "fer": 1.0,
      "nMSE": 0.23755687031894923,
      "nMSEf": 0.12736514619532954,
      "nMSEm": 0.2858734579291911,
      "nMSEL": 0.11530403965759888,
      "ver": 0.6621875,
      "verf": 0.47,
      "verm": 0.76,
      "verL": 0.38,
      "ber": 0.08225911458333336,
      "iber": 0.08225911458333336,
      "sber": 0.0,
      "ier": 0.1638671875,
      "ser": 0.0,
      "EbN0dB": 2.0,
      "SNRdB": 3.5296746020854344,
      "rate": 1.422222222222222,
      "C": 1.7022454269706684,
      "ShannonLimitdB": 0.7233664553245216
}