{
      "T": 78.9,
      "fer": 0.99,
      "nMSE": 0.03513702174415812,
      "nMSEf": 0.032557209219246964,
      "nMSEm": 0.03830683012714413,
      "nMSEL": 0.027229484211542445,
      "ver": 0.154375,
      "verf": 0.15,
      "verm": 0.18,
      "verL": 0.11,
      "ber": 0.011751302083333337,
      "iber": 0.011751302083333337,
      "sber": 0.0,
      "ier": 0.0224609375,
      "ser": 0.0,
      "EbN0dB": 3.0,
      "SNRdB": 4.529674602085434,
      "rate": 1.422222222222222,
      "C": 1.9402443450924167,
      "ShannonLimitdB": 0.7233664553245216
}