{
      "T": 39.87,
      "fer": 0.58,
      "nMSE": 0.006400077458538362,
      "nMSEf": 0.002612302437688376,
      "nMSEm": 0.0052387006913355615,
      "nMSEL": 0.007309650370748735,
      "ver": 0.0303125,
      "verf": 0.01,
      "verm": 0.02,
      "verL": 0.03,
      "ber": 0.001861979166666667,
      "iber": 0.001861979166666667,
      "sber": 0.0,
      "ier": 0.003828125,
      "ser": 0.0,
      "EbN0dB": 4.0,
      "SNRdB": 5.529674602085434,
      "rate": 1.422222222222222,
      "C": 2.1929707709756037,
      "ShannonLimitdB": 0.7233664553245216
}