{
      "T": 19.8466,
      "fer": 0.1164,
      "nMSE": 0.0008547000763729483,
      "nMSEf": 0.0009428313347891521,
      "nMSEm": 0.0007127451888405481,
      "nMSEL": 0.0008523663341957526,
      "ver": 0.00395625,
      "verf": 0.0045,
      "verm": 0.0033,
      "verL": 0.0037,
      "ber": 0.0002546874999999999,
      "iber": 0.0002546874999999999,
      "sber": 0.0,
      "ier": 0.0004984375,
      "ser": 0.0,
      "EbN0dB": 5.0,
      "SNRdB": 6.529674602085434,
      "rate": 1.422222222222222,
      "C": 2.4587656116289716,
      "ShannonLimitdB": 0.7233664553245216
}