{
      "T": 16.5942,
      "fer": 0.0727,
      "nMSE": 0.0005203436975644384,
      "nMSEf": 0.0006713414624141508,
      "nMSEm": 0.00040329565003079804,
      "nMSEL": 0.0005034109638290238,
      "ver": 0.0023875,
      "verf": 0.0028,
      "verm": 0.0021,
      "verL": 0.0024,
      "ber": 0.00014856770833333342,
      "iber": 0.00014856770833333342,
      "sber": 0.0,
      "ier": 0.000298828125,
      "ser": 0.0,
      "EbN0dB": 5.25,
      "SNRdB": 6.779674602085434,
      "rate": 1.422222222222222,
      "C": 2.5270585497340345,
      "ShannonLimitdB": 0.7233664553245216
}