{
      "T": 13.7646,
      "fer": 0.0436,
      "nMSE": 0.0003082183742838732,
      "nMSEf": 0.00029046125466235175,
      "nMSEm": 0.0002704146590483949,
      "nMSEL": 0.00021423504590087274,
      "ver": 0.00140625,
      "verf": 0.0011,
      "verm": 0.0014,
      "verL": 0.0009,
      "ber": 8.658854166666664e-05,
      "iber": 8.658854166666664e-05,
      "sber": 0.0,
      "ier": 0.00017578125,
      "ser": 0.0,
      "EbN0dB": 5.5,
      "SNRdB": 7.029674602085434,
      "rate": 1.422222222222222,
      "C": 2.59603702228419,
      "ShannonLimitdB": 0.7233664553245216
}