{
      "T": 11.7041,
      "fer": 0.0242,
      "nMSE": 0.00017225611739154754,
      "nMSEf": 0.00014080082634698802,
      "nMSEm": 0.00023446559184364167,
      "nMSEL": 0.00017626821024278695,
      "ver": 0.000771875,
      "verf": 0.0006,
      "verm": 0.001,
      "verL": 0.0007,
      "ber": 5.104166666666665e-05,
      "iber": 5.104166666666665e-05,
      "sber": 0.0,
      "ier": 9.6875e-05,
      "ser": 0.0,
      "EbN0dB": 5.75,
      "SNRdB": 7.279674602085434,
      "rate": 1.422222222222222,
      "C": 2.6656754340788273,
      "ShannonLimitdB": 0.7233664553245216
}