{
      "T": 9.6132,
      "fer": 0.0118,
      "nMSE": 8.884923083278857e-05,
      "nMSEf": 7.162007524596036e-05,
      "nMSEm": 6.443750920409026e-05,
      "nMSEL": 9.72964170240976e-05,
      "ver": 0.000371875,
      "verf": 0.0003,
      "verm": 0.0002,
      "verL": 0.0004,
      "ber": 2.428385416666668e-05,
      "iber": 2.428385416666668e-05,
      "sber": 0.0,
      "ier": 4.6875e-05,
      "ser": 0.0,
      "EbN0dB": 6.0,
      "SNRdB": 7.529674602085434,
      "rate": 1.422222222222222,
      "C": 2.735948564509701,
      "ShannonLimitdB": 0.7233664553245216
}