{
      "T": 8.465,
      "fer": 0.0068,
      "nMSE": 5.193137065958161e-05,
      "nMSEf": 5.981823734695087e-06,
      "nMSEm": 4.0685479572989564e-05,
      "nMSEL": 8.365038097653947e-05,
      "ver": 0.0002125,
      "verf": 0.0,
      "verm": 0.0002,
      "verL": 0.0003,
      "ber": 1.2565104166666669e-05,
      "iber": 1.2565104166666669e-05,
      "sber": 0.0,
      "ier": 2.65625e-05,
      "ser": 0.0,
      "EbN0dB": 6.25,
      "SNRdB": 7.779674602085434,
      "rate": 1.422222222222222,
      "C": 2.806831619809879,
      "ShannonLimitdB": 0.7233664553245216
}