{
      "T": 7.5069,
      "fer": 0.0041,
      "nMSE": 3.0376519208264536e-05,
      "nMSEf": 4.4287761070105176e-05,
      "nMSEm": 8.807955018607065e-05,
      "nMSEL": 2.5759931342759856e-05,
      "ver": 0.000128125,
      "verf": 0.0002,
      "verm": 0.0004,
      "verL": 0.0001,
      "ber": 8.528645833333333e-06,
      "iber": 8.528645833333333e-06,
      "sber": 0.0,
      "ier": 1.6015625e-05,
      "ser": 0.0,
      "EbN0dB": 6.5,
      "SNRdB": 8.029674602085434,
      "rate": 1.422222222222222,
      "C": 2.878300279267143,
      "ShannonLimitdB": 0.7233664553245216
}