{
      "T": 6.9738,
      "fer": 0.0017,
      "nMSE": 1.1731970613373806e-05,
      "nMSEf": 1.0402137696323607e-05,
      "nMSEm": 7.093058977886759e-07,
      "nMSEL": 4.038271688350806e-06,
      "ver": 5.3125e-05,
      "verf": 0.0001,
      "verm": 0.0,
      "verL": 0.0,
      "ber": 3.645833333333333e-06,
      "iber": 3.645833333333333e-06,
      "sber": 0.0,
      "ier": 6.640625e-06,
      "ser": 0.0,
      "EbN0dB": 6.75,
      "SNRdB": 8.279674602085434,
      "rate": 1.422222222222222,
      "C": 2.9503307355929693,
      "ShannonLimitdB": 0.7233664553245216
}