{
      "T": 6.5125,
      "fer": 0.0014,
      "nMSE": 9.97886986827845e-06,
      "nMSEf": 2.4564660089398256e-10,
      "nMSEm": 9.291799840837178e-09,
      "nMSEL": 2.4885438154702353e-05,
      "ver": 4.375e-05,
      "verf": 0.0,
      "verm": 0.0,
      "verL": 0.0001,
      "ber": 2.799479166666667e-06,
      "iber": 2.799479166666667e-06,
      "sber": 0.0,
      "ier": 5.46875e-06,
      "ser": 0.0,
      "EbN0dB": 7.0,
      "SNRdB": 8.529674602085434,
      "rate": 1.422222222222222,
      "C": 3.0228997296784024,
      "ShannonLimitdB": 0.7233664553245216
}