{
      "T": 6.236,
      "fer": 0.0006,
      "nMSE": 4.628097532943668e-06,
      "nMSEf": 1.6605774765743115e-09,
      "nMSEm": 4.768638073573562e-09,
      "nMSEL": 6.31458106168697e-09,
      "ver": 1.875e-05,
      "verf": 0.0,
      "verm": 0.0,
      "verL": 0.0,
      "ber": 1.3020833333333333e-06,
      "iber": 1.3020833333333333e-06,
      "sber": 0.0,
      "ier": 2.34375e-06,
      "ser": 0.0,
      "EbN0dB": 7.25,
      "SNRdB": 8.779674602085434,
      "rate": 1.422222222222222,
      "C": 3.095984580000446,
      "ShannonLimitdB": 0.7233664553245216
}