{
      "T": 6.0648,
      "fer": 0.0,
      "nMSE": 6.038595399618764e-08,
      "nMSEf": 1.5495933809097171e-10,
      "nMSEm": 9.823309678717071e-13,
      "nMSEL": 5.304654107916724e-13,
      "ver": 0.0,
      "verf": 0.0,
      "verm": 0.0,
      "verL": 0.0,
      "ber": 0.0,
      "iber": 0.0,
      "sber": 0.0,
      "ier": 0.0,
      "ser": 0.0,
      "EbN0dB": 7.5,
      "SNRdB": 9.029674602085434,
      "rate": 1.422222222222222,
      "C": 3.169563206967595,
      "ShannonLimitdB": 0.7233664553245216
}