{
      "T": 5.9718,
      "fer": 0.0001,
      "nMSE": 8.755527067539149e-07,
      "nMSEf": 2.088491266189499e-15,
      "nMSEm": 2.1931231747352682e-14,
      "nMSEL": 9.385321734376421e-11,
      "ver": 3.125e-06,
      "verf": 0.0,
      "verm": 0.0,
      "verL": 0.0,
      "ber": 2.604166666666666e-07,
      "iber": 2.604166666666666e-07,
      "sber": 0.0,
      "ier": 3.90625e-07,
      "ser": 0.0,
      "EbN0dB": 7.75,
      "SNRdB": 9.279674602085434,
      "rate": 1.422222222222222,
      "C": 3.24361415251138,
      "ShannonLimitdB": 0.7233664553245216
}