{
      "T": 5.8303,
      "fer": 0.0001,
      "nMSE": 7.724517845088236e-07,
      "nMSEf": 5.414266345512109e-16,
      "nMSEm": 3.503578137669138e-13,
      "nMSEL": 1.171209459103226e-14,
      "ver": 3.125e-06,
      "verf": 0.0,
      "verm": 0.0,
      "verL": 0.0,
      "ber": 6.510416666666666e-08,
      "iber": 6.510416666666666e-08,
      "sber": 0.0,
      "ier": 3.90625e-07,
      "ser": 0.0,
      "EbN0dB": 8.0,
      "SNRdB": 9.529674602085434,
      "rate": 1.422222222222222,
      "C": 3.3181165952428526,
      "ShannonLimitdB": 0.7233664553245216
}