{
      "T": 69.21,
      "fer": 1.0,
      "nMSE": 0.5094177186489108,
      "nMSEf": 0.3301306453812867,
      "nMSEm": 0.5860796371102333,
      "nMSEL": 0.3089914678875357,
      "ver": 0.9810000000000001,
      "verf": 0.92,
      "verm": 1.0,
      "verL": 0.91,
      "ber": 0.19426249999999992,
      "iber": 0.19426249999999992,
      "sber": 0.0,
      "ier": 0.3761874999999999,
      "ser": 0.0,
      "EbN0dB": 2.0,
      "SNRdB": 5.187587626244128,
      "rate": 2.0833333333333335,
      "C": 2.104960848571501,
      "ShannonLimitdB": 1.9149828156875195
}