{
      "T": 99.2,
      "fer": 1.0,
      "nMSE": 0.3986196720302106,
      "nMSEf": 0.2064645522161017,
      "nMSEm": 0.48171732239265064,
      "nMSEL": 0.24704706939962762,
      "ver": 0.8880000000000001,
      "verf": 0.73,
      "verm": 0.94,
      "verL": 0.8,
      "ber": 0.14576250000000002,
      "iber": 0.14576250000000002,
      "sber": 0.0,
      "ier": 0.28162499999999996,
      "ser": 0.0,
      "EbN0dB": 3.0,
      "SNRdB": 6.187587626244128,
      "rate": 2.0833333333333335,
      "C": 2.3664751113979383,
      "ShannonLimitdB": 1.9149828156875195
}