{
      "T": 83.36,
      "fer": 0.81,
      "nMSE": 0.09085835836722618,
      "nMSEf": 0.043891173178415066,
      "nMSEm": 0.13324142375072467,
      "nMSEL": 0.044695500458157636,
      "ver": 0.2870000000000001,
      "verf": 0.23,
      "verm": 0.37,
      "verL": 0.17,
      "ber": 0.03202499999999999,
      "iber": 0.03202499999999999,
      "sber": 0.0,
      "ier": 0.06131250000000001,
      "ser": 0.0,
      "EbN0dB": 4.0,
      "SNRdB": 7.187587626244128,
      "rate": 2.0833333333333335,
      "C": 2.639949102311349,
      "ShannonLimitdB": 1.9149828156875195
}