{
      "T": 46.96,
      "fer": 0.24,
      "nMSE": 0.0035141966428068687,
      "nMSEf": 0.0037548177569335117,
      "nMSEm": 0.002682796146434839,
      "nMSEL": 0.0026253834625522164,
      "ver": 0.02700000000000001,
      "verf": 0.03,
      "verm": 0.02,
      "verL": 0.02,
      "ber": 0.0009250000000000001,
      "iber": 0.0009250000000000001,
      "sber": 0.0,
      "ier": 0.0018750000000000006,
      "ser": 0.0,
      "EbN0dB": 5.0,
      "SNRdB": 8.187587626244127,
      "rate": 2.0833333333333335,
      "C": 2.9237345959040155,
      "ShannonLimitdB": 1.9149828156875195
}