{
      "T": 24.59,
      "fer": 0.09,
      "nMSE": 0.0009960828733605457,
      "nMSEf": 6.49690316463508e-05,
      "nMSEm": 1.1230793892622346e-05,
      "nMSEL": 0.0012534689927742467,
      "ver": 0.009,
      "verf": 0.0,
      "verm": 0.0,
      "verL": 0.01,
      "ber": 0.00027499999999999996,
      "iber": 0.00027499999999999996,
      "sber": 0.0,
      "ier": 0.0005625,
      "ser": 0.0,
      "EbN0dB": 6.0,
      "SNRdB": 9.187587626244127,
      "rate": 2.0833333333333335,
      "C": 3.216284026671513,
      "ShannonLimitdB": 1.9149828156875195
}