{
      "T": 11.44,
      "fer": 0.03,
      "nMSE": 0.00039495257728909674,
      "nMSEf": 0.0012500000158284475,
      "nMSEm": 2.733614780749038e-07,
      "nMSEL": 6.894582002256729e-06,
      "ver": 0.0030000000000000005,
      "verf": 0.01,
      "verm": 0.0,
      "verL": 0.0,
      "ber": 0.0001,
      "iber": 0.0001,
      "sber": 0.0,
      "ier": 0.00018750000000000003,
      "ser": 0.0,
      "EbN0dB": 7.0,
      "SNRdB": 10.187587626244127,
      "rate": 2.0833333333333335,
      "C": 3.516191778127995,
      "ShannonLimitdB": 1.9149828156875195
}