{
      "T": 9.01,
      "fer": 0.0,
      "nMSE": 1.4515853592113115e-13,
      "nMSEf": 2.272513609009149e-17,
      "nMSEm": 1.5766023079183636e-17,
      "nMSEL": 3.5433097050167836e-18,
      "ver": 0.0,
      "verf": 0.0,
      "verm": 0.0,
      "verL": 0.0,
      "ber": 0.0,
      "iber": 0.0,
      "sber": 0.0,
      "ier": 0.0,
      "ser": 0.0,
      "EbN0dB": 8.0,
      "SNRdB": 11.187587626244127,
      "rate": 2.0833333333333335,
      "C": 3.822214629002304,
      "ShannonLimitdB": 1.9149828156875195
}