{
      "T": 61.542,
      "fer": 0.001,
      "nMSE": 0.00019779577709380167,
      "nMSEf": 3.4544067986478325e-13,
      "nMSEm": 1.4156407090318008e-17,
      "nMSEL": 1.2967335662644066e-18,
      "ver": 0.00034375,
      "verf": 0.0,
      "verm": 0.0,
      "verL": 0.0,
      "ber": 7.319568452380952e-05,
      "iber": 7.319568452380952e-05,
      "sber": 0.0,
      "ier": 0.00013764880952380954,
      "ser": 0.0,
      "EbN0dB": 10.0,
      "SNRdB": 15.99964671522299,
      "rate": 3.98074787115883,
      "C": 5.350761671382524,
      "ShannonLimitdB": 5.69941991005719
}