{
      "T": 54.74,
      "fer": 1.0,
      "nMSE": 0.6820939942768643,
      "nMSEf": 0.35448630298886985,
      "nMSEm": 0.7393291591462635,
      "nMSEL": 0.35345464530445253,
      "ver": 1.0,
      "verf": 1.0,
      "verm": 1.0,
      "verL": 1.0,
      "ber": 0.2870610119047619,
      "iber": 0.2870610119047619,
      "sber": 0.0,
      "ier": 0.5380859375000001,
      "ser": 0.0,
      "EbN0dB": 5.0,
      "SNRdB": 10.99964671522299,
      "rate": 3.98074787115883,
      "C": 3.764285644842829,
      "ShannonLimitdB": 5.69941991005719
}