{
      "T": 59.155,
      "fer": 1.0,
      "nMSE": 0.6771083354949952,
      "nMSEf": 0.33903088203498294,
      "nMSEm": 0.7320639489945912,
      "nMSEL": 0.33078620416777477,
      "ver": 1.0,
      "verf": 1.0,
      "verm": 1.0,
      "verL": 1.0,
      "ber": 0.28428896949404747,
      "iber": 0.28428896949404747,
      "sber": 0.0,
      "ier": 0.5336886160714286,
      "ser": 0.0,
      "EbN0dB": 5.25,
      "SNRdB": 11.24964671522299,
      "rate": 3.98074787115883,
      "C": 3.8413823973287755,
      "ShannonLimitdB": 5.69941991005719
}