{
      "T": 73.27,
      "fer": 1.0,
      "nMSE": 0.6721207918439593,
      "nMSEf": 0.3082645569812685,
      "nMSEm": 0.7362802746182395,
      "nMSEL": 0.32013631394931247,
      "ver": 1.0,
      "verf": 1.0,
      "verm": 1.0,
      "verL": 1.0,
      "ber": 0.2823377046130951,
      "iber": 0.2823377046130951,
      "sber": 0.0,
      "ier": 0.5290606398809521,
      "ser": 0.0,
      "EbN0dB": 5.5,
      "SNRdB": 11.49964671522299,
      "rate": 3.98074787115883,
      "C": 3.918789449381907,
      "ShannonLimitdB": 5.69941991005719
}