{
      "T": 84.985,
      "fer": 1.0,
      "nMSE": 0.667554813339597,
      "nMSEf": 0.2931911617801303,
      "nMSEm": 0.7319777341116039,
      "nMSEL": 0.3037175766626995,
      "ver": 1.0,
      "verf": 1.0,
      "verm": 1.0,
      "verL": 1.0,
      "ber": 0.2797828311011903,
      "iber": 0.2797828311011903,
      "sber": 0.0,
      "ier": 0.5246019345238095,
      "ser": 0.0,
      "EbN0dB": 5.75,
      "SNRdB": 11.74964671522299,
      "rate": 3.98074787115883,
      "C": 3.9964917445284702,
      "ShannonLimitdB": 5.69941991005719
}