{
      "T": 95.355,
      "fer": 1.0,
      "nMSE": 0.6626655617214385,
      "nMSEf": 0.2685287273213975,
      "nMSEm": 0.7284870960598898,
      "nMSEL": 0.26613087918077205,
      "ver": 1.0,
      "verf": 1.0,
      "verm": 1.0,
      "verL": 1.0,
      "ber": 0.27791573660714275,
      "iber": 0.27791573660714275,
      "sber": 0.0,
      "ier": 0.5214713541666665,
      "ser": 0.0,
      "EbN0dB": 6.0,
      "SNRdB": 11.99964671522299,
      "rate": 3.98074787115883,
      "C": 4.074474841856607,
      "ShannonLimitdB": 5.69941991005719
}