{
      "T": 111.035,
      "fer": 1.0,
      "nMSE": 0.6571860206694828,
      "nMSEf": 0.25409229006086087,
      "nMSEm": 0.7361205514272059,
      "nMSEL": 0.24338528894464534,
      "ver": 0.99984375,
      "verf": 1.0,
      "verm": 1.0,
      "verL": 0.995,
      "ber": 0.2754027157738097,
      "iber": 0.2754027157738097,
      "sber": 0.0,
      "ier": 0.5162276785714285,
      "ser": 0.0,
      "EbN0dB": 6.25,
      "SNRdB": 12.24964671522299,
      "rate": 3.98074787115883,
      "C": 4.1527249027893385,
      "ShannonLimitdB": 5.69941991005719
}