{
      "T": 126.35,
      "fer": 1.0,
      "nMSE": 0.6513663185210454,
      "nMSEf": 0.22803485799403422,
      "nMSEm": 0.7262778227669857,
      "nMSEL": 0.23359394987424206,
      "ver": 0.99953125,
      "verf": 0.985,
      "verm": 1.0,
      "verL": 1.0,
      "ber": 0.27226888020833323,
      "iber": 0.27226888020833323,
      "sber": 0.0,
      "ier": 0.5107831101190476,
      "ser": 0.0,
      "EbN0dB": 6.5,
      "SNRdB": 12.49964671522299,
      "rate": 3.98074787115883,
      "C": 4.231228676780763,
      "ShannonLimitdB": 5.69941991005719
}