{
      "T": 150.62,
      "fer": 1.0,
      "nMSE": 0.6450801701772785,
      "nMSEf": 0.2095969329896218,
      "nMSEm": 0.7288180714561824,
      "nMSEL": 0.20289325031496236,
      "ver": 0.99921875,
      "verf": 0.985,
      "verm": 1.0,
      "verL": 0.995,
      "ber": 0.26919084821428574,
      "iber": 0.26919084821428574,
      "sber": 0.0,
      "ier": 0.5048400297619048,
      "ser": 0.0,
      "EbN0dB": 6.75,
      "SNRdB": 12.74964671522299,
      "rate": 3.98074787115883,
      "C": 4.309973486126291,
      "ShannonLimitdB": 5.69941991005719
}