{
      "T": 180.225,
      "fer": 1.0,
      "nMSE": 0.6352714297884987,
      "nMSEf": 0.16901307380512243,
      "nMSEm": 0.7243674305507116,
      "nMSEL": 0.17878240459409436,
      "ver": 0.9971875,
      "verf": 0.965,
      "verm": 1.0,
      "verL": 0.96,
      "ber": 0.26458565848214277,
      "iber": 0.26458565848214277,
      "sber": 0.0,
      "ier": 0.49663318452380933,
      "ser": 0.0,
      "EbN0dB": 7.0,
      "SNRdB": 12.99964671522299,
      "rate": 3.98074787115883,
      "C": 4.388947210061522,
      "ShannonLimitdB": 5.69941991005719
}