{
      "T": 196.46,
      "fer": 1.0,
      "nMSE": 0.6270482871645975,
      "nMSEf": 0.14335706939414325,
      "nMSEm": 0.7288785294124058,
      "nMSEL": 0.14878245396331255,
      "ver": 0.9928125,
      "verf": 0.92,
      "verm": 1.0,
      "verL": 0.905,
      "ber": 0.2610644531250001,
      "iber": 0.2610644531250001,
      "sber": 0.0,
      "ier": 0.4896056547619048,
      "ser": 0.0,
      "EbN0dB": 7.25,
      "SNRdB": 13.24964671522299,
      "rate": 3.98074787115883,
      "C": 4.468138268308674,
      "ShannonLimitdB": 5.69941991005719
}