{
      "T": 199.315,
      "fer": 1.0,
      "nMSE": 0.6099687174388339,
      "nMSEf": 0.1309871763712402,
      "nMSEm": 0.7211466807410826,
      "nMSEL": 0.10610945127085909,
      "ver": 0.97921875,
      "verf": 0.835,
      "verm": 1.0,
      "verL": 0.77,
      "ber": 0.2536779203869048,
      "iber": 0.2536779203869048,
      "sber": 0.0,
      "ier": 0.47601376488095254,
      "ser": 0.0,
      "EbN0dB": 7.5,
      "SNRdB": 13.49964671522299,
      "rate": 3.98074787115883,
      "C": 4.547535604214276,
      "ShannonLimitdB": 5.69941991005719
}