{
      "T": 200.0,
      "fer": 1.0,
      "nMSE": 0.5871444454647243,
      "nMSEf": 0.07552361951085441,
      "nMSEm": 0.7207437444868539,
      "nMSEL": 0.08942353044523238,
      "ver": 0.95734375,
      "verf": 0.595,
      "verm": 1.0,
      "verL": 0.675,
      "ber": 0.24384068080357163,
      "iber": 0.24384068080357163,
      "sber": 0.0,
      "ier": 0.4572209821428572,
      "ser": 0.0,
      "EbN0dB": 7.75,
      "SNRdB": 13.74964671522299,
      "rate": 3.98074787115883,
      "C": 4.627128667607515,
      "ShannonLimitdB": 5.69941991005719
}