{
      "T": 200.0,
      "fer": 1.0,
      "nMSE": 0.5451751191275465,
      "nMSEf": 0.045240307653646145,
      "nMSEm": 0.7143009842009769,
      "nMSEL": 0.04881370364016181,
      "ver": 0.91296875,
      "verf": 0.435,
      "verm": 1.0,
      "verL": 0.46,
      "ber": 0.2261211867559524,
      "iber": 0.2261211867559524,
      "sber": 0.0,
      "ier": 0.42384114583333315,
      "ser": 0.0,
      "EbN0dB": 8.0,
      "SNRdB": 13.99964671522299,
      "rate": 3.98074787115883,
      "C": 4.7069073974948665,
      "ShannonLimitdB": 5.69941991005719
}