{
      "T": 200.0,
      "fer": 1.0,
      "nMSE": 0.48911556567464554,
      "nMSEf": 0.041619483979072606,
      "nMSEm": 0.7025382965210575,
      "nMSEL": 0.032560833713109305,
      "ver": 0.83578125,
      "verf": 0.345,
      "verm": 0.995,
      "verL": 0.32,
      "ber": 0.20204380580357154,
      "iber": 0.20204380580357154,
      "sber": 0.0,
      "ier": 0.3786309523809522,
      "ser": 0.0,
      "EbN0dB": 8.25,
      "SNRdB": 14.24964671522299,
      "rate": 3.98074787115883,
      "C": 4.786862204693856,
      "ShannonLimitdB": 5.69941991005719
}