{
      "T": 193.72,
      "fer": 0.885,
      "nMSE": 0.38580774759156994,
      "nMSEf": 0.019664362859750685,
      "nMSEm": 0.5834974373611898,
      "nMSEL": 0.018398134648501055,
      "ver": 0.67375,
      "verf": 0.225,
      "verm": 0.86,
      "verL": 0.195,
      "ber": 0.1585184151785714,
      "iber": 0.1585184151785714,
      "sber": 0.0,
      "ier": 0.2973530505952381,
      "ser": 0.0,
      "EbN0dB": 8.5,
      "SNRdB": 14.49964671522299,
      "rate": 3.98074787115883,
      "C": 4.866983954496746,
      "ShannonLimitdB": 5.69941991005719
}