{
      "T": 175.225,
      "fer": 0.63,
      "nMSE": 0.22614230149253792,
      "nMSEf": 0.01027410087522951,
      "nMSEm": 0.37172845759086465,
      "nMSEL": 0.00950043825095803,
      "ver": 0.41046875,
      "verf": 0.1,
      "verm": 0.57,
      "verL": 0.095,
      "ber": 0.09241024925595237,
      "iber": 0.09241024925595237,
      "sber": 0.0,
      "ier": 0.1730468750000001,
      "ser": 0.0,
      "EbN0dB": 8.75,
      "SNRdB": 14.74964671522299,
      "rate": 3.98074787115883,
      "C": 4.947263949443784,
      "ShannonLimitdB": 5.69941991005719
}