{
      "T": 137.32,
      "fer": 0.25,
      "nMSE": 0.08653299852623457,
      "nMSEf": 0.0031886274217306355,
      "nMSEm": 0.14558621142059575,
      "nMSEL": 0.0006550940476444508,
      "ver": 0.1565625,
      "verf": 0.035,
      "verm": 0.22,
      "verL": 0.01,
      "ber": 0.03549386160714286,
      "iber": 0.03549386160714286,
      "sber": 0.0,
      "ier": 0.0664936755952381,
      "ser": 0.0,
      "EbN0dB": 9.0,
      "SNRdB": 14.99964671522299,
      "rate": 3.98074787115883,
      "C": 5.027693912275287,
      "ShannonLimitdB": 5.69941991005719
}