{
      "T": 103.532,
      "fer": 0.067,
      "nMSE": 0.02154227214886394,
      "nMSEf": 0.0004257564001480681,
      "nMSEm": 0.03558624815248215,
      "nMSEL": 0.00032267053969696057,
      "ver": 0.03940625,
      "verf": 0.007,
      "verm": 0.06,
      "verL": 0.006,
      "ber": 0.008784133184523814,
      "iber": 0.008784133184523814,
      "sber": 0.0,
      "ier": 0.016424107142857143,
      "ser": 0.0,
      "EbN0dB": 9.25,
      "SNRdB": 15.24964671522299,
      "rate": 3.98074787115883,
      "C": 5.108265969122349,
      "ShannonLimitdB": 5.69941991005719
}