{
      "T": 81.697,
      "fer": 0.015,
      "nMSE": 0.004557627179885439,
      "nMSEf": 3.9274425045644186e-05,
      "nMSEm": 0.007923754510445127,
      "nMSEL": 0.00015335687569515693,
      "ver": 0.00825,
      "verf": 0.001,
      "verm": 0.013,
      "verL": 0.003,
      "ber": 0.0018553757440476191,
      "iber": 0.0018553757440476191,
      "sber": 0.0,
      "ier": 0.003460193452380953,
      "ser": 0.0,
      "EbN0dB": 9.5,
      "SNRdB": 15.49964671522299,
      "rate": 3.98074787115883,
      "C": 5.188972632987206,
      "ShannonLimitdB": 5.69941991005719
}