{
      "T": 69.25,
      "fer": 0.002,
      "nMSE": 0.0008431054069919816,
      "nMSEf": 0.00015963109334341796,
      "nMSEm": 0.000706687927246094,
      "nMSEL": 0.00012761733645484565,
      "ver": 0.00134375,
      "verf": 0.001,
      "verm": 0.001,
      "verL": 0.001,
      "ber": 0.00032682291666666667,
      "iber": 0.00032682291666666667,
      "sber": 0.0,
      "ier": 0.0006212797619047619,
      "ser": 0.0,
      "EbN0dB": 9.75,
      "SNRdB": 15.74964671522299,
      "rate": 3.98074787115883,
      "C": 5.269806787556389,
      "ShannonLimitdB": 5.69941991005719
}