{
      "T": 72.25,
      "fer": 1.0,
      "nMSE": 0.4288194248080254,
      "nMSEf": 0.2927775735105388,
      "nMSEm": 0.4692563300579786,
      "nMSEL": 0.2888624066975899,
      "ver": 0.923125,
      "verf": 0.79,
      "verm": 0.98,
      "verL": 0.81,
      "ber": 0.15751953125,
      "iber": 0.15751953125,
      "sber": 0.0,
      "ier": 0.31171875,
      "ser": 0.0,
      "EbN0dB": 1.0,
      "SNRdB": 2.557914937295421,
      "rate": 1.4315004659832247,
      "C": 1.4865353769443581,
      "ShannonLimitdB": 0.7395969076818532
}