{
      "T": 99.58,
      "fer": 1.0,
      "nMSE": 0.20728822134435176,
      "nMSEf": 0.09352427099632507,
      "nMSEm": 0.24581618593701932,
      "nMSEL": 0.1250587290536214,
      "ver": 0.598125,
      "verf": 0.35,
      "verm": 0.66,
      "verL": 0.42,
      "ber": 0.07115234375,
      "iber": 0.07115234375,
      "sber": 0.0,
      "ier": 0.1409375,
      "ser": 0.0,
      "EbN0dB": 2.0,
      "SNRdB": 3.557914937295421,
      "rate": 1.4315004659832247,
      "C": 1.7087502269382326,
      "ShannonLimitdB": 0.7395969076818532
}