{
      "T": 84.89,
      "fer": 1.0,
      "nMSE": 0.04168868897017092,
      "nMSEf": 0.03618973287360552,
      "nMSEm": 0.036686186544566894,
      "nMSEL": 0.022743502697335764,
      "ver": 0.175,
      "verf": 0.15,
      "verm": 0.15,
      "verL": 0.11,
      "ber": 0.013411458333333327,
      "iber": 0.013411458333333327,
      "sber": 0.0,
      "ier": 0.02609375,
      "ser": 0.0,
      "EbN0dB": 3.0,
      "SNRdB": 4.557914937295421,
      "rate": 1.4315004659832247,
      "C": 1.9471869617093733,
      "ShannonLimitdB": 0.7395969076818532
}