{
      "T": 54.55,
      "fer": 0.63,
      "nMSE": 0.00624790123374396,
      "nMSEf": 0.009847212770120711,
      "nMSEm": 0.00916387484519129,
      "nMSEL": 0.0001970020448922317,
      "ver": 0.02875,
      "verf": 0.05,
      "verm": 0.05,
      "verL": 0.0,
      "ber": 0.0018489583333333337,
      "iber": 0.0018489583333333337,
      "sber": 0.0,
      "ier": 0.0036328125,
      "ser": 0.0,
      "EbN0dB": 4.0,
      "SNRdB": 5.557914937295421,
      "rate": 1.4315004659832247,
      "C": 2.2003055304452106,
      "ShannonLimitdB": 0.7395969076818532
}