{
      "T": 25.3925,
      "fer": 0.1257,
      "nMSE": 0.0009781516964602146,
      "nMSEf": 0.0011179204565488524,
      "nMSEm": 0.0010017798016276585,
      "nMSEL": 0.001044094561403741,
      "ver": 0.00438125,
      "verf": 0.0052,
      "verm": 0.0046,
      "verL": 0.005,
      "ber": 0.00028242187500000045,
      "iber": 0.00028242187500000045,
      "sber": 0.0,
      "ier": 0.0005546875,
      "ser": 0.0,
      "EbN0dB": 5.0,
      "SNRdB": 6.557914937295421,
      "rate": 1.4315004659832247,
      "C": 2.4664449137307773,
      "ShannonLimitdB": 0.7395969076818532
}