{
      "T": 20.2389,
      "fer": 0.083,
      "nMSE": 0.000611580355122639,
      "nMSEf": 0.0005203593104145569,
      "nMSEm": 0.0006648400210084223,
      "nMSEL": 0.0006237878640233518,
      "ver": 0.00275,
      "verf": 0.0022,
      "verm": 0.0033,
      "verL": 0.0025,
      "ber": 0.00017473958333333314,
      "iber": 0.00017473958333333314,
      "sber": 0.0,
      "ier": 0.000346875,
      "ser": 0.0,
      "EbN0dB": 5.25,
      "SNRdB": 6.807914937295421,
      "rate": 1.4315004659832247,
      "C": 2.534816583566803,
      "ShannonLimitdB": 0.7395969076818532
}