{
      "T": 15.8617,
      "fer": 0.0465,
      "nMSE": 0.00033872005673884006,
      "nMSEf": 0.0002825510015890108,
      "nMSEm": 0.00026937337006744115,
      "nMSEL": 0.0004776449279514179,
      "ver": 0.0015125,
      "verf": 0.0013,
      "verm": 0.0013,
      "verL": 0.0021,
      "ber": 9.720052083333333e-05,
      "iber": 9.720052083333333e-05,
      "sber": 0.0,
      "ier": 0.0001890625,
      "ser": 0.0,
      "EbN0dB": 5.5,
      "SNRdB": 7.057914937295421,
      "rate": 1.4315004659832247,
      "C": 2.603870879599015,
      "ShannonLimitdB": 0.7395969076818532
}