{
      "T": 12.8671,
      "fer": 0.0331,
      "nMSE": 0.0002403171787025582,
      "nMSEf": 0.0003048143891169744,
      "nMSEm": 0.00035284431833542947,
      "nMSEL": 0.00035163816263959145,
      "ver": 0.00105625,
      "verf": 0.0012,
      "verm": 0.0017,
      "verL": 0.0018,
      "ber": 6.946614583333333e-05,
      "iber": 6.946614583333333e-05,
      "sber": 0.0,
      "ier": 0.0001328125,
      "ser": 0.0,
      "EbN0dB": 5.75,
      "SNRdB": 7.307914937295421,
      "rate": 1.4315004659832247,
      "C": 2.6735822461298326,
      "ShannonLimitdB": 0.7395969076818532
}