{
      "T": 10.5665,
      "fer": 0.0168,
      "nMSE": 0.00011886400229726996,
      "nMSEf": 0.00011147917781088415,
      "nMSEm": 5.7376968319695966e-05,
      "nMSEL": 0.00013274790132272824,
      "ver": 0.000534375,
      "verf": 0.0005,
      "verm": 0.0002,
      "verL": 0.0006,
      "ber": 3.3528645833333334e-05,
      "iber": 3.3528645833333334e-05,
      "sber": 0.0,
      "ier": 6.6796875e-05,
      "ser": 0.0,
      "EbN0dB": 6.0,
      "SNRdB": 7.557914937295421,
      "rate": 1.4315004659832247,
      "C": 2.7439255082635032,
      "ShannonLimitdB": 0.7395969076818532
}