{
      "T": 8.779,
      "fer": 0.0097,
      "nMSE": 6.783994621183891e-05,
      "nMSEf": 5.093976397615467e-05,
      "nMSEm": 6.928527587700052e-05,
      "nMSEL": 7.238980357078579e-05,
      "ver": 0.000309375,
      "verf": 0.0004,
      "verm": 0.0004,
      "verL": 0.0003,
      "ber": 2.0963541666666675e-05,
      "iber": 2.0963541666666675e-05,
      "sber": 0.0,
      "ier": 3.8671875e-05,
      "ser": 0.0,
      "EbN0dB": 6.25,
      "SNRdB": 7.807914937295421,
      "rate": 1.4315004659832247,
      "C": 2.8148759234651424,
      "ShannonLimitdB": 0.7395969076818532
}