{
      "T": 7.6314,
      "fer": 0.0053,
      "nMSE": 3.791868041017047e-05,
      "nMSEf": 0.0001125701981229683,
      "nMSEm": 2.6684059695442973e-05,
      "nMSEL": 1.998912563859006e-06,
      "ver": 0.000165625,
      "verf": 0.0005,
      "verm": 0.0001,
      "verL": 0.0,
      "ber": 1.1132812500000002e-05,
      "iber": 1.1132812500000002e-05,
      "sber": 0.0,
      "ier": 2.0703125e-05,
      "ser": 0.0,
      "EbN0dB": 6.5,
      "SNRdB": 8.057914937295422,
      "rate": 1.4315004659832247,
      "C": 2.8864092271035413,
      "ShannonLimitdB": 0.7395969076818532
}