{
      "T": 6.916,
      "fer": 0.0032,
      "nMSE": 2.51180340509493e-05,
      "nMSEf": 7.062909667321219e-08,
      "nMSEm": 8.971823137371896e-05,
      "nMSEL": 8.129383995004446e-07,
      "ver": 0.000103125,
      "verf": 0.0,
      "verm": 0.0004,
      "verL": 0.0,
      "ber": 7.096354166666667e-06,
      "iber": 7.096354166666667e-06,
      "sber": 0.0,
      "ier": 1.2890625e-05,
      "ser": 0.0,
      "EbN0dB": 6.75,
      "SNRdB": 8.307914937295422,
      "rate": 1.4315004659832247,
      "C": 2.958501672173835,
      "ShannonLimitdB": 0.7395969076818532
}