{
      "T": 6.5217,
      "fer": 0.0015,
      "nMSE": 1.124963110606103e-05,
      "nMSEf": 2.741249458429611e-07,
      "nMSEm": 2.500055985483013e-05,
      "nMSEL": 2.483684925677343e-05,
      "ver": 4.6875e-05,
      "verf": 0.0,
      "verm": 0.0001,
      "verL": 0.0001,
      "ber": 3.2552083333333335e-06,
      "iber": 3.2552083333333335e-06,
      "sber": 0.0,
      "ier": 5.859375e-06,
      "ser": 0.0,
      "EbN0dB": 7.0,
      "SNRdB": 8.557914937295422,
      "rate": 1.4315004659832247,
      "C": 3.0311300634353495,
      "ShannonLimitdB": 0.7395969076818532
}