{
      "T": 6.1604,
      "fer": 0.0005,
      "nMSE": 3.525550679304846e-06,
      "nMSEf": 4.9782127662995524e-08,
      "nMSEm": 2.8795752698748512e-09,
      "nMSEL": 2.5252942677646306e-11,
      "ver": 1.5625e-05,
      "verf": 0.0,
      "verm": 0.0,
      "verL": 0.0,
      "ber": 9.114583333333332e-07,
      "iber": 9.114583333333332e-07,
      "sber": 0.0,
      "ier": 1.953125e-06,
      "ser": 0.0,
      "EbN0dB": 7.25,
      "SNRdB": 8.807914937295422,
      "rate": 1.4315004659832247,
      "C": 3.1042717862314597,
      "ShannonLimitdB": 0.7395969076818532
}