{
      "T": 6.0007,
      "fer": 0.0001,
      "nMSE": 7.96859948368015e-07,
      "nMSEf": 5.469845953883679e-12,
      "nMSEm": 1.589314229176531e-10,
      "nMSEL": 1.7100961267810984e-11,
      "ver": 3.125e-06,
      "verf": 0.0,
      "verm": 0.0,
      "verL": 0.0,
      "ber": 2.604166666666666e-07,
      "iber": 2.604166666666666e-07,
      "sber": 0.0,
      "ier": 3.90625e-07,
      "ser": 0.0,
      "EbN0dB": 7.5,
      "SNRdB": 9.057914937295422,
      "rate": 1.4315004659832247,
      "C": 3.177904830282453,
      "ShannonLimitdB": 0.7395969076818532
}