{
      "T": 5.8659,
      "fer": 0.0004,
      "nMSE": 2.296894888436948e-06,
      "nMSEf": 2.9391645970391705e-15,
      "nMSEm": 8.714553644560125e-11,
      "nMSEL": 1.280201548753712e-16,
      "ver": 1.25e-05,
      "verf": 0.0,
      "verm": 0.0,
      "verL": 0.0,
      "ber": 1.0416666666666665e-06,
      "iber": 1.0416666666666665e-06,
      "sber": 0.0,
      "ier": 1.5625e-06,
      "ser": 0.0,
      "EbN0dB": 7.75,
      "SNRdB": 9.307914937295422,
      "rate": 1.4315004659832247,
      "C": 3.252007808759934,
      "ShannonLimitdB": 0.7395969076818532
}