{
      "T": 5.7011,
      "fer": 0.0004,
      "nMSE": 3.110577644594221e-06,
      "nMSEf": 1.1675833395897913e-14,
      "nMSEm": 2.4944229438925233e-05,
      "nMSEL": 1.7015499392462158e-11,
      "ver": 1.25e-05,
      "verf": 0.0,
      "verm": 0.0001,
      "verL": 0.0,
      "ber": 5.859375e-07,
      "iber": 5.859375e-07,
      "sber": 0.0,
      "ier": 1.5625e-06,
      "ser": 0.0,
      "EbN0dB": 8.0,
      "SNRdB": 9.557914937295422,
      "rate": 1.4315004659832247,
      "C": 3.3265599729627167,
      "ShannonLimitdB": 0.7395969076818532
}