{
      "T": 67.69,
      "fer": 1.0,
      "nMSE": 0.4437154179811478,
      "nMSEf": 0.2847286080289632,
      "nMSEm": 0.5056408033892512,
      "nMSEL": 0.2597329195466591,
      "ver": 0.9340625,
      "verf": 0.78,
      "verm": 0.98,
      "verL": 0.74,
      "ber": 0.16538411458333335,
      "iber": 0.16693359375,
      "sber": 0.16228515625,
      "ier": 0.3143359375,
      "ser": 0.24609375,
      "EbN0dB": 1.0,
      "SNRdB": 2.5296746020854344,
      "rate": 1.422222222222222,
      "C": 1.480509013479828,
      "ShannonLimitdB": 0.7233664553245216
}