{
      "T": 98.87,
      "fer": 1.0,
      "nMSE": 0.24119308330118655,
      "nMSEf": 0.12413960339892056,
      "nMSEm": 0.2982793808273891,
      "nMSEL": 0.10801221448147146,
      "ver": 0.6728125,
      "verf": 0.41,
      "verm": 0.78,
      "verL": 0.34,
      "ber": 0.0845247395833333,
      "iber": 0.085947265625,
      "sber": 0.0816796875,
      "ier": 0.162109375,
      "ser": 0.1246875,
      "EbN0dB": 2.0,
      "SNRdB": 3.5296746020854344,
      "rate": 1.422222222222222,
      "C": 1.7022454269706684,
      "ShannonLimitdB": 0.7233664553245216
}