{
      "T": 78.56,
      "fer": 0.99,
      "nMSE": 0.04302236315794289,
      "nMSEf": 0.017154343994055358,
      "nMSEm": 0.054180779684332825,
      "nMSEL": 0.02084269327472239,
      "ver": 0.1815625,
      "verf": 0.09,
      "verm": 0.22,
      "verL": 0.11,
      "ber": 0.014752604166666662,
      "iber": 0.0148828125,
      "sber": 0.0144921875,
      "ier": 0.02703125,
      "ser": 0.0215625,
      "EbN0dB": 3.0,
      "SNRdB": 4.529674602085434,
      "rate": 1.422222222222222,
      "C": 1.9402443450924167,
      "ShannonLimitdB": 0.7233664553245216
}