{
      "T": 34.92,
      "fer": 0.5,
      "nMSE": 0.005659098004597354,
      "nMSEf": 9.785113692159365e-05,
      "nMSEm": 0.012743165676317288,
      "nMSEL": 0.0053428378206609554,
      "ver": 0.02625,
      "verf": 0.0,
      "verm": 0.06,
      "verL": 0.02,
      "ber": 0.0017252604166666666,
      "iber": 0.001806640625,
      "sber": 0.0015625,
      "ier": 0.003359375,
      "ser": 0.0024609375,
      "EbN0dB": 4.0,
      "SNRdB": 5.529674602085434,
      "rate": 1.422222222222222,
      "C": 2.1929707709756037,
      "ShannonLimitdB": 0.7233664553245216
}