{
      "T": 20.3297,
      "fer": 0.1209,
      "nMSE": 0.0009053505010615671,
      "nMSEf": 0.0007705817615219877,
      "nMSEm": 0.0008755573894289721,
      "nMSEL": 0.0006754857826444001,
      "ver": 0.0041875,
      "verf": 0.0033,
      "verm": 0.0038,
      "verL": 0.003,
      "ber": 0.00027604166666666695,
      "iber": 0.00027705078125,
      "sber": 0.0002740234375,
      "ier": 0.00051015625,
      "ser": 0.0004109375,
      "EbN0dB": 5.0,
      "SNRdB": 6.529674602085434,
      "rate": 1.422222222222222,
      "C": 2.4587656116289716,
      "ShannonLimitdB": 0.7233664553245216
}