{
      "T": 16.2989,
      "fer": 0.0704,
      "nMSE": 0.000516088036876827,
      "nMSEf": 0.00043748407931396775,
      "nMSEm": 0.0007045644552234976,
      "nMSEL": 0.0005379425682296309,
      "ver": 0.00231875,
      "verf": 0.0019,
      "verm": 0.0033,
      "verL": 0.0024,
      "ber": 0.00014707031249999988,
      "iber": 0.00014853515625,
      "sber": 0.000144140625,
      "ier": 0.00028203125,
      "ser": 0.000216015625,
      "EbN0dB": 5.25,
      "SNRdB": 6.779674602085434,
      "rate": 1.422222222222222,
      "C": 2.5270585497340345,
      "ShannonLimitdB": 0.7233664553245216
}