{
      "T": 13.4472,
      "fer": 0.0373,
      "nMSE": 0.0002720032194707118,
      "nMSEf": 0.0002636552736708523,
      "nMSEm": 0.0004120407178501187,
      "nMSEL": 0.00021927681293544405,
      "ver": 0.00120625,
      "verf": 0.0012,
      "verm": 0.0021,
      "verL": 0.0009,
      "ber": 8.02734375e-05,
      "iber": 8.017578125e-05,
      "sber": 8.046875e-05,
      "ier": 0.000144921875,
      "ser": 0.000121875,
      "EbN0dB": 5.5,
      "SNRdB": 7.029674602085434,
      "rate": 1.422222222222222,
      "C": 2.59603702228419,
      "ShannonLimitdB": 0.7233664553245216
}