{
      "T": 11.2634,
      "fer": 0.0222,
      "nMSE": 0.00016411994020564772,
      "nMSEf": 0.0001732038943037648,
      "nMSEm": 0.00013151323174600375,
      "nMSEL": 0.00019133263736559049,
      "ver": 0.000703125,
      "verf": 0.0008,
      "verm": 0.0004,
      "verL": 0.0009,
      "ber": 4.7135416666666686e-05,
      "iber": 4.794921875e-05,
      "sber": 4.55078125e-05,
      "ier": 8.6328125e-05,
      "ser": 6.875e-05,
      "EbN0dB": 5.75,
      "SNRdB": 7.279674602085434,
      "rate": 1.422222222222222,
      "C": 2.6656754340788273,
      "ShannonLimitdB": 0.7233664553245216
}