{
      "T": 9.5764,
      "fer": 0.0109,
      "nMSE": 8.190617649742255e-05,
      "nMSEf": 9.097722321384345e-05,
      "nMSEm": 5.8319502748868654e-05,
      "nMSEL": 7.404968026013638e-05,
      "ver": 0.000340625,
      "verf": 0.0003,
      "verm": 0.0003,
      "verL": 0.0003,
      "ber": 2.246093750000001e-05,
      "iber": 2.265625e-05,
      "sber": 2.20703125e-05,
      "ier": 4.1796875e-05,
      "ser": 3.3203125e-05,
      "EbN0dB": 6.0,
      "SNRdB": 7.529674602085434,
      "rate": 1.422222222222222,
      "C": 2.735948564509701,
      "ShannonLimitdB": 0.7233664553245216
}