{
      "T": 8.579,
      "fer": 0.0075,
      "nMSE": 5.124606036387943e-05,
      "nMSEf": 0.00010858694215117708,
      "nMSEm": 2.479669952378413e-05,
      "nMSEL": 1.6108544735673618e-05,
      "ver": 0.000234375,
      "verf": 0.0005,
      "verm": 0.0001,
      "verL": 0.0001,
      "ber": 1.582031250000001e-05,
      "iber": 1.54296875e-05,
      "sber": 1.66015625e-05,
      "ier": 2.890625e-05,
      "ser": 2.421875e-05,
      "EbN0dB": 6.25,
      "SNRdB": 7.779674602085434,
      "rate": 1.422222222222222,
      "C": 2.806831619809879,
      "ShannonLimitdB": 0.7233664553245216
}