{
      "T": 7.6814,
      "fer": 0.0037,
      "nMSE": 2.6184219657619166e-05,
      "nMSEf": 3.720226271662167e-05,
      "nMSEm": 2.9338444918513866e-06,
      "nMSEL": 1.251180292275534e-08,
      "ver": 0.000115625,
      "verf": 0.0002,
      "verm": 0.0,
      "verL": 0.0,
      "ber": 7.03125e-06,
      "iber": 7.71484375e-06,
      "sber": 5.6640625e-06,
      "ier": 1.40625e-05,
      "ser": 8.59375e-06,
      "EbN0dB": 6.5,
      "SNRdB": 8.029674602085434,
      "rate": 1.422222222222222,
      "C": 2.878300279267143,
      "ShannonLimitdB": 0.7233664553245216
}