{
      "T": 6.9273,
      "fer": 0.0017,
      "nMSE": 1.253068991199839e-05,
      "nMSEf": 1.3277311644873647e-07,
      "nMSEm": 1.4172506233273455e-05,
      "nMSEL": 2.6702260623142672e-05,
      "ver": 5.3125e-05,
      "verf": 0.0,
      "verm": 0.0001,
      "verL": 0.0001,
      "ber": 3.5807291666666666e-06,
      "iber": 3.61328125e-06,
      "sber": 3.515625e-06,
      "ier": 6.25e-06,
      "ser": 4.6875e-06,
      "EbN0dB": 6.75,
      "SNRdB": 8.279674602085434,
      "rate": 1.422222222222222,
      "C": 2.9503307355929693,
      "ShannonLimitdB": 0.7233664553245216
}