{
      "T": 6.4878,
      "fer": 0.0005,
      "nMSE": 4.229023803288786e-06,
      "nMSEf": 7.487196535291806e-11,
      "nMSEm": 1.1102929517022132e-07,
      "nMSEL": 4.528976204933968e-07,
      "ver": 1.5625e-05,
      "verf": 0.0,
      "verm": 0.0,
      "verL": 0.0,
      "ber": 7.812499999999999e-07,
      "iber": 5.859375e-07,
      "sber": 1.171875e-06,
      "ier": 1.953125e-06,
      "ser": 1.953125e-06,
      "EbN0dB": 7.0,
      "SNRdB": 8.529674602085434,
      "rate": 1.422222222222222,
      "C": 3.0228997296784024,
      "ShannonLimitdB": 0.7233664553245216
}