{
      "T": 6.2358,
      "fer": 0.0008,
      "nMSE": 5.899814811134155e-06,
      "nMSEf": 2.5674248742334397e-11,
      "nMSEm": 2.2048189972845407e-12,
      "nMSEL": 2.0534984238294793e-08,
      "ver": 2.5e-05,
      "verf": 0.0,
      "verm": 0.0,
      "verL": 0.0,
      "ber": 1.3020833333333333e-06,
      "iber": 1.171875e-06,
      "sber": 1.5625e-06,
      "ier": 3.125e-06,
      "ser": 2.34375e-06,
      "EbN0dB": 7.25,
      "SNRdB": 8.779674602085434,
      "rate": 1.422222222222222,
      "C": 3.095984580000446,
      "ShannonLimitdB": 0.7233664553245216
}