{
      "T": 6.0661,
      "fer": 0.0002,
      "nMSE": 1.047389316059851e-06,
      "nMSEf": 1.796395672961569e-09,
      "nMSEm": 1.8831606210252466e-10,
      "nMSEL": 8.344226929857198e-09,
      "ver": 6.25e-06,
      "verf": 0.0,
      "verm": 0.0,
      "verL": 0.0,
      "ber": 2.604166666666666e-07,
      "iber": 2.9296875e-07,
      "sber": 1.953125e-07,
      "ier": 3.90625e-07,
      "ser": 3.90625e-07,
      "EbN0dB": 7.5,
      "SNRdB": 9.029674602085434,
      "rate": 1.422222222222222,
      "C": 3.169563206967595,
      "ShannonLimitdB": 0.7233664553245216
}