{
      "T": 5.9438,
      "fer": 0.0002,
      "nMSE": 1.5762579412309438e-06,
      "nMSEf": 1.84258588308847e-17,
      "nMSEm": 1.2519337527634312e-13,
      "nMSEL": 2.719040143865477e-10,
      "ver": 6.25e-06,
      "verf": 0.0,
      "verm": 0.0,
      "verL": 0.0,
      "ber": 5.208333333333334e-07,
      "iber": 4.8828125e-07,
      "sber": 5.859375e-07,
      "ier": 7.8125e-07,
      "ser": 7.8125e-07,
      "EbN0dB": 7.75,
      "SNRdB": 9.279674602085434,
      "rate": 1.422222222222222,
      "C": 3.24361415251138,
      "ShannonLimitdB": 0.7233664553245216
}