{
      "T": 5.812,
      "fer": 0.0,
      "nMSE": 2.1603430375452653e-09,
      "nMSEf": 1.465835364858306e-16,
      "nMSEm": 1.33770514099144e-15,
      "nMSEL": 3.8634237957270366e-10,
      "ver": 0.0,
      "verf": 0.0,
      "verm": 0.0,
      "verL": 0.0,
      "ber": 0.0,
      "iber": 0.0,
      "sber": 0.0,
      "ier": 0.0,
      "ser": 0.0,
      "EbN0dB": 8.0,
      "SNRdB": 9.529674602085434,
      "rate": 1.422222222222222,
      "C": 3.3181165952428526,
      "ShannonLimitdB": 0.7233664553245216
}