{
      "T": 54.82,
      "fer": 0.0,
      "nMSE": 2.9281962526406654e-20,
      "nMSEf": 2.0810162262875936e-29,
      "nMSEm": 1.2544081471703857e-28,
      "nMSEL": 1.7073919997509782e-28,
      "ver": 0.0,
      "verf": 0.0,
      "verm": 0.0,
      "verL": 0.0,
      "ber": 0.0,
      "iber": 0.0,
      "sber": 0.0,
      "ier": 0.0,
      "ser": 0.0,
      "EbN0dB": 10.0,
      "SNRdB": 15.99964671522299,
      "rate": 3.98074787115883,
      "C": 5.350761671382524,
      "ShannonLimitdB": 5.69941991005719
}