{
      "T": 104.49,
      "fer": 1.0,
      "nMSE": 0.6650047738211495,
      "nMSEf": 0.2740486051780836,
      "nMSEm": 0.7313748168945305,
      "nMSEL": 0.2609192031338103,
      "ver": 1.0,
      "verf": 1.0,
      "verm": 1.0,
      "verL": 1.0,
      "ber": 0.27869140624999994,
      "iber": 0.2954947916666667,
      "sber": 0.26188802083333335,
      "ier": 0.4425967261904761,
      "ser": 0.4088392857142856,
      "EbN0dB": 6.0,
      "SNRdB": 11.99964671522299,
      "rate": 3.98074787115883,
      "C": 4.074474841856607,
      "ShannonLimitdB": 5.69941991005719
}