{
      "T": 174.91,
      "fer": 1.0,
      "nMSE": 0.6474114418029786,
      "nMSEf": 0.1704564162530005,
      "nMSEm": 0.7441076605660575,
      "nMSEL": 0.17834103642096683,
      "ver": 0.995625,
      "verf": 0.94,
      "verm": 1.0,
      "verL": 0.93,
      "ber": 0.27171968005952374,
      "iber": 0.2858649553571429,
      "sber": 0.25757440476190474,
      "ier": 0.42929687499999986,
      "ser": 0.40090401785714297,
      "EbN0dB": 7.0,
      "SNRdB": 12.99964671522299,
      "rate": 3.98074787115883,
      "C": 4.388947210061522,
      "ShannonLimitdB": 5.69941991005719
}