{
      "T": 200.0,
      "fer": 1.0,
      "nMSE": 0.5203756484531222,
      "nMSEf": 0.06024697520656311,
      "nMSEm": 0.7160115051269531,
      "nMSEL": 0.047731856114324185,
      "ver": 0.8740625,
      "verf": 0.42,
      "verm": 1.0,
      "verL": 0.44,
      "ber": 0.21350911458333333,
      "iber": 0.22691778273809518,
      "sber": 0.20010044642857153,
      "ier": 0.34092261904761906,
      "ser": 0.31400669642857143,
      "EbN0dB": 8.0,
      "SNRdB": 13.99964671522299,
      "rate": 3.98074787115883,
      "C": 4.7069073974948665,
      "ShannonLimitdB": 5.69941991005719
}