{
      "T": 96.94,
      "fer": 0.03,
      "nMSE": 0.007438085813629429,
      "nMSEf": 3.7127871610980187e-14,
      "nMSEm": 0.01905445189705919,
      "nMSEL": 1.226455559016161e-10,
      "ver": 0.0153125,
      "verf": 0.0,
      "verm": 0.03,
      "verL": 0.0,
      "ber": 0.002915736607142857,
      "iber": 0.0031640625,
      "sber": 0.0026674107142857146,
      "ier": 0.004680059523809525,
      "ser": 0.004229910714285715,
      "EbN0dB": 9.0,
      "SNRdB": 14.99964671522299,
      "rate": 3.98074787115883,
      "C": 5.027693912275287,
      "ShannonLimitdB": 5.69941991005719
}