{
      "T": 64.85,
      "fer": 0.48,
      "nMSE": 0.22534196335077294,
      "nMSEf": 0.10508751851291659,
      "nMSEm": 0.3321714434029889,
      "nMSEL": 0.09299732118845944,
      "ver": 0.276,
      "verf": 0.16,
      "verm": 0.42,
      "verL": 0.11,
      "ber": 0.07641250000000001,
      "iber": 0.07791666666666665,
      "sber": 0.07415624999999998,
      "ier": 0.138,
      "ser": 0.11306249999999998,
      "EbN0dB": 10.0,
      "SNRdB": 15.228787452803376,
      "rate": 3.3333333333333335,
      "C": 5.1015380264620624,
      "ShannonLimitdB": 4.351768928552211
}