{
      "T": 64.28,
      "fer": 0.51,
      "nMSE": 0.28978113973140707,
      "nMSEf": 0.12267778682029157,
      "nMSEm": 0.3965545821193574,
      "nMSEL": 0.1629754582898949,
      "ver": 0.31899999999999995,
      "verf": 0.14,
      "verm": 0.43,
      "verL": 0.21,
      "ber": 0.09473750000000004,
      "iber": 0.09647916666666666,
      "sber": 0.09212499999999998,
      "ier": 0.17087500000000003,
      "ser": 0.14125,
      "EbN0dB": 11.0,
      "SNRdB": 16.228787452803374,
      "rate": 3.3333333333333335,
      "C": 5.42506246854199,
      "ShannonLimitdB": 4.351768928552211
}