{
      "T": 61.37,
      "fer": 0.5,
      "nMSE": NaN,
      "nMSEf": NaN,
      "nMSEm": NaN,
      "nMSEL": NaN,
      "ver": 0.389,
      "verf": 0.24,
      "verm": 0.45,
      "verL": 0.28,
      "ber": 0.1324375,
      "iber": 0.13491666666666668,
      "sber": 0.12871875000000002,
      "ier": 0.2366875,
      "ser": 0.19493750000000007,
      "EbN0dB": 12.0,
      "SNRdB": 17.228787452803374,
      "rate": 3.3333333333333335,
      "C": 5.750332438615321,
      "ShannonLimitdB": 4.351768928552211
}