{
      "T": 63.04,
      "fer": 0.53,
      "nMSE": NaN,
      "nMSEf": NaN,
      "nMSEm": NaN,
      "nMSEL": NaN,
      "ver": 0.495,
      "verf": 0.41,
      "verm": 0.53,
      "verL": 0.44,
      "ber": 0.183675,
      "iber": 0.18770833333333337,
      "sber": 0.17762500000000006,
      "ier": 0.3246875,
      "ser": 0.271625,
      "EbN0dB": 13.0,
      "SNRdB": 18.228787452803374,
      "rate": 3.3333333333333335,
      "C": 6.077002469147427,
      "ShannonLimitdB": 4.351768928552211
}