{
      "T": 55.9,
      "fer": 0.45,
      "nMSE": NaN,
      "nMSEf": NaN,
      "nMSEm": NaN,
      "nMSEL": NaN,
      "ver": 0.444,
      "verf": 0.45,
      "verm": 0.44,
      "verL": 0.43,
      "ber": 0.19265000000000004,
      "iber": 0.1945208333333333,
      "sber": 0.18984374999999998,
      "ier": 0.34018750000000003,
      "ser": 0.28675000000000006,
      "EbN0dB": 14.0,
      "SNRdB": 19.228787452803374,
      "rate": 3.3333333333333335,
      "C": 6.404793262921983,
      "ShannonLimitdB": 4.351768928552211
}