{
      "T": 60.71,
      "fer": 0.52,
      "nMSE": NaN,
      "nMSEf": NaN,
      "nMSEm": NaN,
      "nMSEL": NaN,
      "ver": 0.511,
      "verf": 0.51,
      "verm": 0.51,
      "verL": 0.51,
      "ber": 0.25029999999999997,
      "iber": 0.250125,
      "sber": 0.25056249999999997,
      "ier": 0.4388750000000001,
      "ser": 0.37662499999999993,
      "EbN0dB": 15.0,
      "SNRdB": 20.228787452803374,
      "rate": 3.3333333333333335,
      "C": 6.733479829813874,
      "ShannonLimitdB": 4.351768928552211
}