{
      "T": 59.47,
      "fer": 0.5,
      "nMSE": NaN,
      "nMSEf": NaN,
      "nMSEm": NaN,
      "nMSEL": NaN,
      "ver": 0.5,
      "verf": 0.5,
      "verm": 0.5,
      "verL": 0.5,
      "ber": 0.24833750000000002,
      "iber": 0.2479791666666666,
      "sber": 0.24887499999999999,
      "ier": 0.4374374999999999,
      "ser": 0.37468749999999995,
      "EbN0dB": 16.0,
      "SNRdB": 21.228787452803374,
      "rate": 3.3333333333333335,
      "C": 7.06288144635409,
      "ShannonLimitdB": 4.351768928552211
}