{
      "T": 62.99,
      "fer": 0.56,
      "nMSE": NaN,
      "nMSEf": NaN,
      "nMSEm": NaN,
      "nMSEL": NaN,
      "ver": 0.551,
      "verf": 0.55,
      "verm": 0.56,
      "verL": 0.55,
      "ber": 0.2741625,
      "iber": 0.27602083333333327,
      "sber": 0.27137500000000003,
      "ier": 0.4833125,
      "ser": 0.4081249999999999,
      "EbN0dB": 17.0,
      "SNRdB": 22.228787452803374,
      "rate": 3.3333333333333335,
      "C": 7.3928532776669185,
      "ShannonLimitdB": 4.351768928552211
}