{
      "T": 58.61,
      "fer": 0.5,
      "nMSE": NaN,
      "nMSEf": NaN,
      "nMSEm": NaN,
      "nMSEL": NaN,
      "ver": 0.5,
      "verf": 0.5,
      "verm": 0.5,
      "verL": 0.5,
      "ber": 0.2502500000000001,
      "iber": 0.2505000000000001,
      "sber": 0.249875,
      "ier": 0.43506249999999985,
      "ser": 0.376125,
      "EbN0dB": 18.0,
      "SNRdB": 23.228787452803374,
      "rate": 3.3333333333333335,
      "C": 7.723279461630942,
      "ShannonLimitdB": 4.351768928552211
}