{
      "T": 100.0,
      "fer": 1.0,
      "nMSE": NaN,
      "nMSEf": NaN,
      "nMSEm": NaN,
      "nMSEL": NaN,
      "ver": 1.0,
      "verf": 1.0,
      "verm": 1.0,
      "verL": 1.0,
      "ber": 0.49871249999999995,
      "iber": 0.5001041666666667,
      "sber": 0.4966249999999997,
      "ier": 0.8716875000000005,
      "ser": 0.7494375,
      "EbN0dB": 19.0,
      "SNRdB": 24.228787452803374,
      "rate": 3.3333333333333335,
      "C": 8.054067447302389,
      "ShannonLimitdB": 4.351768928552211
}