{
      "T": 100.0,
      "fer": 1.0,
      "nMSE": NaN,
      "nMSEf": NaN,
      "nMSEm": NaN,
      "nMSEL": NaN,
      "ver": 1.0,
      "verf": 1.0,
      "verm": 1.0,
      "verL": 1.0,
      "ber": 0.501,
      "iber": 0.5016874999999998,
      "sber": 0.49996874999999996,
      "ier": 0.8746875000000002,
      "ser": 0.7513750000000006,
      "EbN0dB": 20.0,
      "SNRdB": 25.228787452803374,
      "rate": 3.3333333333333335,
      "C": 8.385143389891024,
      "ShannonLimitdB": 4.351768928552211
}