{
      "T": 100.0,
      "fer": 1.0,
      "nMSE": NaN,
      "nMSEf": NaN,
      "nMSEm": NaN,
      "nMSEL": NaN,
      "ver": 1.0,
      "verf": 1.0,
      "verm": 1.0,
      "verL": 1.0,
      "ber": 0.49943750000000015,
      "iber": 0.5003125,
      "sber": 0.498125,
      "ier": 0.8741875000000005,
      "ser": 0.7508750000000002,
      "EbN0dB": 23.0,
      "SNRdB": 28.228787452803374,
      "rate": 3.3333333333333335,
      "C": 9.379567764300706,
      "ShannonLimitdB": 4.351768928552211
}