{
      "T": 100.0,
      "fer": 1.0,
      "nMSE": NaN,
      "nMSEf": NaN,
      "nMSEm": NaN,
      "nMSEL": NaN,
      "ver": 1.0,
      "verf": 1.0,
      "verm": 1.0,
      "verL": 1.0,
      "ber": 0.4983625,
      "iber": 0.4974166666666665,
      "sber": 0.49978125000000007,
      "ier": 0.8713124999999998,
      "ser": 0.7490000000000001,
      "EbN0dB": 25.0,
      "SNRdB": 30.228787452803374,
      "rate": 3.3333333333333335,
      "C": 10.043153843271622,
      "ShannonLimitdB": 4.351768928552211
}