{
      "T": 90.45,
      "fer": 1.0,
      "nMSE": 0.6719548335075377,
      "nMSEf": 0.42037215265285305,
      "nMSEm": 0.7770661514997482,
      "nMSEL": 0.4414743044280911,
      "ver": 0.975,
      "verf": 0.88,
      "verm": 1.0,
      "verL": 0.91,
      "ber": 0.2730999999999999,
      "iber": 0.2798125,
      "sber": 0.26303125,
      "ier": 0.4903125,
      "ser": 0.3998125000000001,
      "EbN0dB": 5.0,
      "SNRdB": 10.228787452803376,
      "rate": 3.3333333333333335,
      "C": 3.528687021610552,
      "ShannonLimitdB": 4.351768928552211
}