{
      "T": 97.48,
      "fer": 0.99,
      "nMSE": 0.5827412357381544,
      "nMSEf": 0.28800975912043203,
      "nMSEm": 0.7318936025476274,
      "nMSEL": 0.2876383083932712,
      "ver": 0.884,
      "verf": 0.66,
      "verm": 0.98,
      "verL": 0.6,
      "ber": 0.23505000000000018,
      "iber": 0.23970833333333338,
      "sber": 0.22806249999999997,
      "ier": 0.41931249999999975,
      "ser": 0.3475625,
      "EbN0dB": 6.0,
      "SNRdB": 11.228787452803376,
      "rate": 3.3333333333333335,
      "C": 3.834937594231136,
      "ShannonLimitdB": 4.351768928552211
}