{
      "T": 97.85,
      "fer": 0.93,
      "nMSE": 0.4947712491464874,
      "nMSEf": 0.23687136352050533,
      "nMSEm": 0.6708813810348527,
      "nMSEL": 0.20152759360895042,
      "ver": 0.7379999999999997,
      "verf": 0.5,
      "verm": 0.9,
      "verL": 0.4,
      "ber": 0.1963249999999999,
      "iber": 0.20233333333333328,
      "sber": 0.1873124999999999,
      "ier": 0.3516250000000001,
      "ser": 0.2888125,
      "EbN0dB": 7.0,
      "SNRdB": 12.228787452803376,
      "rate": 3.3333333333333335,
      "C": 4.146186068027346,
      "ShannonLimitdB": 4.351768928552211
}