{
      "T": 83.28,
      "fer": 0.68,
      "nMSE": 0.30602767090346034,
      "nMSEf": 0.15266256885734675,
      "nMSEm": 0.44209336890156103,
      "nMSEL": 0.11126917598666951,
      "ver": 0.4479999999999997,
      "verf": 0.25,
      "verm": 0.64,
      "verL": 0.21,
      "ber": 0.11573750000000002,
      "iber": 0.11804166666666667,
      "sber": 0.11228124999999999,
      "ier": 0.20856249999999996,
      "ser": 0.17156250000000003,
      "EbN0dB": 8.0,
      "SNRdB": 13.228787452803376,
      "rate": 3.3333333333333335,
      "C": 4.461522763187244,
      "ShannonLimitdB": 4.351768928552211
}