{
      "T": 72.6,
      "fer": 0.51,
      "nMSE": 0.2282715773582459,
      "nMSEf": 0.11496092538092689,
      "nMSEm": 0.3122244519641055,
      "nMSEL": 0.07354723378997774,
      "ver": 0.30499999999999994,
      "verf": 0.18,
      "verm": 0.42,
      "verL": 0.13,
      "ber": 0.081525,
      "iber": 0.08391666666666665,
      "sber": 0.07793749999999999,
      "ier": 0.1479375,
      "ser": 0.11943749999999997,
      "EbN0dB": 9.0,
      "SNRdB": 14.228787452803376,
      "rate": 3.3333333333333335,
      "C": 4.7801845047759,
      "ShannonLimitdB": 4.351768928552211
}