{
      "T": 62.37,
      "fer": 0.43,
      "nMSE": 0.22160989891737695,
      "nMSEf": 0.06455673433220745,
      "nMSEm": 0.3295705004132495,
      "nMSEL": 0.1549946851283315,
      "ver": 0.254,
      "verf": 0.08,
      "verm": 0.35,
      "verL": 0.18,
      "ber": 0.07353749999999999,
      "iber": 0.07353749999999999,
      "sber": 0.0,
      "ier": 0.14481250000000004,
      "ser": 0.0,
      "EbN0dB": 10.0,
      "SNRdB": 15.228787452803376,
      "rate": 3.3333333333333335,
      "C": 5.1015380264620624,
      "ShannonLimitdB": 4.351768928552211
}