{
      "T": 60.81,
      "fer": 0.45,
      "nMSE": 0.27801944160461417,
      "nMSEf": 0.08889195264979483,
      "nMSEm": 0.42734390795230864,
      "nMSEL": 0.14242793947458268,
      "ver": 0.298,
      "verf": 0.12,
      "verm": 0.45,
      "verL": 0.18,
      "ber": 0.091775,
      "iber": 0.091775,
      "sber": 0.0,
      "ier": 0.178125,
      "ser": 0.0,
      "EbN0dB": 11.0,
      "SNRdB": 16.228787452803374,
      "rate": 3.3333333333333335,
      "C": 5.42506246854199,
      "ShannonLimitdB": 4.351768928552211
}