{
      "T": 73.31,
      "fer": 0.65,
      "nMSE": 0.5755393648147583,
      "nMSEf": 0.3313069410831669,
      "nMSEm": 0.6620624673366546,
      "nMSEL": 0.35541317861531774,
      "ver": 0.534,
      "verf": 0.4,
      "verm": 0.64,
      "verL": 0.39,
      "ber": 0.1746875,
      "iber": 0.1746875,
      "sber": 0.0,
      "ier": 0.3406874999999999,
      "ser": 0.0,
      "EbN0dB": 12.0,
      "SNRdB": 17.228787452803374,
      "rate": 3.3333333333333335,
      "C": 5.750332438615321,
      "ShannonLimitdB": 4.351768928552211
}