{
      "T": 62.39,
      "fer": 0.52,
      "nMSE": NaN,
      "nMSEf": NaN,
      "nMSEm": NaN,
      "nMSEL": NaN,
      "ver": 0.4809999999999999,
      "verf": 0.43,
      "verm": 0.51,
      "verL": 0.4,
      "ber": 0.1711,
      "iber": 0.1711,
      "sber": 0.0,
      "ier": 0.332125,
      "ser": 0.0,
      "EbN0dB": 13.0,
      "SNRdB": 18.228787452803374,
      "rate": 3.3333333333333335,
      "C": 6.077002469147427,
      "ShannonLimitdB": 4.351768928552211
}