{
      "T": 63.64,
      "fer": 0.54,
      "nMSE": NaN,
      "nMSEf": NaN,
      "nMSEm": NaN,
      "nMSEL": NaN,
      "ver": 0.5259999999999999,
      "verf": 0.51,
      "verm": 0.54,
      "verL": 0.49,
      "ber": 0.21018749999999997,
      "iber": 0.21018749999999997,
      "sber": 0.0,
      "ier": 0.40587500000000015,
      "ser": 0.0,
      "EbN0dB": 14.0,
      "SNRdB": 19.228787452803374,
      "rate": 3.3333333333333335,
      "C": 6.404793262921983,
      "ShannonLimitdB": 4.351768928552211
}