{
      "T": 60.98,
      "fer": 0.52,
      "nMSE": NaN,
      "nMSEf": NaN,
      "nMSEm": NaN,
      "nMSEL": NaN,
      "ver": 0.52,
      "verf": 0.52,
      "verm": 0.52,
      "verL": 0.52,
      "ber": 0.24582500000000004,
      "iber": 0.24582500000000004,
      "sber": 0.0,
      "ier": 0.47568749999999993,
      "ser": 0.0,
      "EbN0dB": 15.0,
      "SNRdB": 20.228787452803374,
      "rate": 3.3333333333333335,
      "C": 6.733479829813874,
      "ShannonLimitdB": 4.351768928552211
}