{
      "T": 64.05,
      "fer": 0.56,
      "nMSE": NaN,
      "nMSEf": NaN,
      "nMSEm": NaN,
      "nMSEL": NaN,
      "ver": 0.56,
      "verf": 0.56,
      "verm": 0.56,
      "verL": 0.56,
      "ber": 0.27998750000000006,
      "iber": 0.27998750000000006,
      "sber": 0.0,
      "ier": 0.544125,
      "ser": 0.0,
      "EbN0dB": 16.0,
      "SNRdB": 21.228787452803374,
      "rate": 3.3333333333333335,
      "C": 7.06288144635409,
      "ShannonLimitdB": 4.351768928552211
}