{
      "T": 59.92,
      "fer": 0.51,
      "nMSE": NaN,
      "nMSEf": NaN,
      "nMSEm": NaN,
      "nMSEL": NaN,
      "ver": 0.51,
      "verf": 0.51,
      "verm": 0.51,
      "verL": 0.51,
      "ber": 0.2543125,
      "iber": 0.2543125,
      "sber": 0.0,
      "ier": 0.49475,
      "ser": 0.0,
      "EbN0dB": 17.0,
      "SNRdB": 22.228787452803374,
      "rate": 3.3333333333333335,
      "C": 7.3928532776669185,
      "ShannonLimitdB": 4.351768928552211
}