{
      "T": 86.13,
      "fer": 1.0,
      "nMSE": 0.650093424320221,
      "nMSEf": 0.3936464507856931,
      "nMSEm": 0.764469308257103,
      "nMSEL": 0.38386616587453204,
      "ver": 0.973,
      "verf": 0.89,
      "verm": 1.0,
      "verL": 0.85,
      "ber": 0.26288749999999994,
      "iber": 0.26288749999999994,
      "sber": 0.0,
      "ier": 0.5094999999999998,
      "ser": 0.0,
      "EbN0dB": 5.0,
      "SNRdB": 10.228787452803376,
      "rate": 3.3333333333333335,
      "C": 3.528687021610552,
      "ShannonLimitdB": 4.351768928552211
}