{
      "T": 99.53,
      "fer": 0.99,
      "nMSE": 0.5937146290551361,
      "nMSEf": 0.3137665295949764,
      "nMSEm": 0.7381825107339892,
      "nMSEL": 0.29092817259570375,
      "ver": 0.9060000000000001,
      "verf": 0.72,
      "verm": 0.99,
      "verL": 0.69,
      "ber": 0.239025,
      "iber": 0.239025,
      "sber": 0.0,
      "ier": 0.45843750000000044,
      "ser": 0.0,
      "EbN0dB": 6.0,
      "SNRdB": 11.228787452803376,
      "rate": 3.3333333333333335,
      "C": 3.834937594231136,
      "ShannonLimitdB": 4.351768928552211
}