{
      "T": 98.91,
      "fer": 0.97,
      "nMSE": 0.5453723053932313,
      "nMSEf": 0.26557271516344616,
      "nMSEm": 0.7129267057497054,
      "nMSEL": 0.25441747115059327,
      "ver": 0.8200000000000002,
      "verf": 0.55,
      "verm": 0.96,
      "verL": 0.53,
      "ber": 0.212725,
      "iber": 0.212725,
      "sber": 0.0,
      "ier": 0.41325,
      "ser": 0.0,
      "EbN0dB": 7.0,
      "SNRdB": 12.228787452803376,
      "rate": 3.3333333333333335,
      "C": 4.146186068027346,
      "ShannonLimitdB": 4.351768928552211
}