{
      "T": 90.48,
      "fer": 0.78,
      "nMSE": 0.37834899485111734,
      "nMSEf": 0.17752642398875446,
      "nMSEm": 0.54572594308528,
      "nMSEL": 0.1791867259929129,
      "ver": 0.5599999999999998,
      "verf": 0.36,
      "verm": 0.73,
      "verL": 0.32,
      "ber": 0.14398749999999993,
      "iber": 0.14398749999999993,
      "sber": 0.0,
      "ier": 0.28106250000000005,
      "ser": 0.0,
      "EbN0dB": 8.0,
      "SNRdB": 13.228787452803376,
      "rate": 3.3333333333333335,
      "C": 4.461522763187244,
      "ShannonLimitdB": 4.351768928552211
}