{
      "T": 74.49,
      "fer": 0.52,
      "nMSE": 0.2231916951537132,
      "nMSEf": 0.10204973778669038,
      "nMSEm": 0.29884291059840845,
      "nMSEL": 0.04906735339742887,
      "ver": 0.3179999999999999,
      "verf": 0.16,
      "verm": 0.42,
      "verL": 0.13,
      "ber": 0.08244999999999997,
      "iber": 0.08244999999999997,
      "sber": 0.0,
      "ier": 0.15743749999999998,
      "ser": 0.0,
      "EbN0dB": 9.0,
      "SNRdB": 14.228787452803376,
      "rate": 3.3333333333333335,
      "C": 4.7801845047759,
      "ShannonLimitdB": 4.351768928552211
}