{
      "T": 96.15,
      "fer": 1.0,
      "nMSE": 0.7066317967006135,
      "nMSEf": 0.3688429114932105,
      "nMSEm": 0.7595625364212765,
      "nMSEL": 0.3534456944465637,
      "ver": 1.0,
      "verf": 1.0,
      "verm": 1.0,
      "verL": 1.0,
      "ber": 0.3735779389880954,
      "iber": 0.3735779389880954,
      "sber": 0.0,
      "ier": 0.7006770833333336,
      "ser": 0.0,
      "EbN0dB": 10.0,
      "SNRdB": 15.99964671522299,
      "rate": 3.98074787115883,
      "C": 5.350761671382524,
      "ShannonLimitdB": 5.69941991005719
}