{
      "T": 186.16,
      "fer": 0.57,
      "nMSE": 0.17799599346660436,
      "nMSEf": 0.003950852187271989,
      "nMSEm": 0.29928766729728307,
      "nMSEL": 0.014752353265242588,
      "ver": 0.281875,
      "verf": 0.01,
      "verm": 0.47,
      "verL": 0.04,
      "ber": 0.06686011904761903,
      "iber": 0.06686011904761903,
      "sber": 0.0,
      "ier": 0.12540550595238098,
      "ser": 0.0,
      "EbN0dB": 16.0,
      "SNRdB": 21.99964671522299,
      "rate": 3.98074787115883,
      "C": 7.317199379143928,
      "ShannonLimitdB": 5.69941991005719
}