{
      "T": 153.9,
      "fer": 0.24,
      "nMSE": 0.06409437628019425,
      "nMSEf": 0.00786118283616185,
      "nMSEm": 0.07775272437507628,
      "nMSEL": 0.019253302144640785,
      "ver": 0.1040625,
      "verf": 0.02,
      "verm": 0.14,
      "verL": 0.05,
      "ber": 0.02384765625,
      "iber": 0.02384765625,
      "sber": 0.0,
      "ier": 0.044561011904761895,
      "ser": 0.0,
      "EbN0dB": 17.0,
      "SNRdB": 22.99964671522299,
      "rate": 3.98074787115883,
      "C": 7.647530389104888,
      "ShannonLimitdB": 5.69941991005719
}