{
      "T": 132.94,
      "fer": 0.09,
      "nMSE": 0.014429737326822113,
      "nMSEf": 0.005126234009152385,
      "nMSEm": 0.02020407858349028,
      "nMSEL": 0.0018537338574727378,
      "ver": 0.0275,
      "verf": 0.02,
      "verm": 0.04,
      "verL": 0.01,
      "ber": 0.004986979166666667,
      "iber": 0.004986979166666667,
      "sber": 0.0,
      "ier": 0.00931547619047619,
      "ser": 0.0,
      "EbN0dB": 18.0,
      "SNRdB": 23.99964671522299,
      "rate": 3.98074787115883,
      "C": 7.978242604518093,
      "ShannonLimitdB": 5.69941991005719
}