{
      "T": 111.03,
      "fer": 0.0,
      "nMSE": 0.0,
      "nMSEf": 0.0,
      "nMSEm": 0.0,
      "nMSEL": 0.0,
      "ver": 0.0,
      "verf": 0.0,
      "verm": 0.0,
      "verL": 0.0,
      "ber": 0.0,
      "iber": 0.0,
      "sber": 0.0,
      "ier": 0.0,
      "ser": 0.0,
      "EbN0dB": 20.0,
      "SNRdB": 25.99964671522299,
      "rate": 3.98074787115883,
      "C": 8.640515324419704,
      "ShannonLimitdB": 5.69941991005719
}