{
      "T": 28.28,
      "fer": 1.0,
      "nMSE": 0.7455344590686619,
      "nMSEf": 0.5468857111249652,
      "nMSEm": 0.7757655584244499,
      "nMSEL": 0.5412668959299722,
      "ver": 1.0,
      "verf": 1.0,
      "verm": 1.0,
      "verL": 1.0,
      "ber": 0.3021837797619048,
      "iber": 0.3021837797619048,
      "sber": 0.0,
      "ier": 0.567220982142857,
      "ser": 0.0,
      "EbN0dB": 5.0,
      "SNRdB": 10.99964671522299,
      "rate": 3.98074787115883,
      "C": 3.764285644842829,
      "ShannonLimitdB": 5.69941991005719
}