{
      "T": 32.76,
      "fer": 1.0,
      "nMSE": 0.7358987181527271,
      "nMSEf": 0.5083071776798793,
      "nMSEm": 0.7736141136714392,
      "nMSEL": 0.4972253427051362,
      "ver": 1.0,
      "verf": 1.0,
      "verm": 1.0,
      "verL": 1.0,
      "ber": 0.2972544642857144,
      "iber": 0.2972544642857144,
      "sber": 0.0,
      "ier": 0.5567522321428572,
      "ser": 0.0,
      "EbN0dB": 6.0,
      "SNRdB": 11.99964671522299,
      "rate": 3.98074787115883,
      "C": 4.074474841856607,
      "ShannonLimitdB": 5.69941991005719
}