{
      "T": 39.11,
      "fer": 1.0,
      "nMSE": 0.7289119161878311,
      "nMSEf": 0.4706050527663457,
      "nMSEm": 0.7713283507029212,
      "nMSEL": 0.4740240199225291,
      "ver": 1.0,
      "verf": 1.0,
      "verm": 1.0,
      "verL": 1.0,
      "ber": 0.29355003720238093,
      "iber": 0.29355003720238093,
      "sber": 0.0,
      "ier": 0.5499107142857143,
      "ser": 0.0,
      "EbN0dB": 7.0,
      "SNRdB": 12.99964671522299,
      "rate": 3.98074787115883,
      "C": 4.388947210061522,
      "ShannonLimitdB": 5.69941991005719
}