{
      "T": 48.26,
      "fer": 1.0,
      "nMSE": 0.7210317784263977,
      "nMSEf": 0.43963920320783345,
      "nMSEm": 0.764293210619972,
      "nMSEL": 0.4335447118395851,
      "ver": 1.0,
      "verf": 1.0,
      "verm": 1.0,
      "verL": 1.0,
      "ber": 0.28828311011904767,
      "iber": 0.28828311011904767,
      "sber": 0.0,
      "ier": 0.5404538690476194,
      "ser": 0.0,
      "EbN0dB": 8.0,
      "SNRdB": 13.99964671522299,
      "rate": 3.98074787115883,
      "C": 4.7069073974948665,
      "ShannonLimitdB": 5.69941991005719
}