{
      "T": 64.93,
      "fer": 1.0,
      "nMSE": 0.7116006229037333,
      "nMSEf": 0.3860879112425304,
      "nMSEm": 0.7624264730725967,
      "nMSEL": 0.39474798838297537,
      "ver": 1.0,
      "verf": 1.0,
      "verm": 1.0,
      "verL": 1.0,
      "ber": 0.3775381324404762,
      "iber": 0.3775381324404762,
      "sber": 0.0,
      "ier": 0.707280505952381,
      "ser": 0.0,
      "EbN0dB": 9.0,
      "SNRdB": 14.99964671522299,
      "rate": 3.98074787115883,
      "C": 5.027693912275287,
      "ShannonLimitdB": 5.69941991005719
}