{
      "T": 24.71,
      "fer": 0.0,
      "nMSE": 2.893102038363412e-06,
      "nMSEf": 7.670065912954348e-09,
      "nMSEm": 2.0687902993590633e-11,
      "nMSEL": 3.061735386936386e-11,
      "ver": 0.0,
      "verf": 0.0,
      "verm": 0.0,
      "verL": 0.0,
      "ber": 0.0,
      "iber": 0.0,
      "sber": 0.0,
      "ier": 0.0,
      "ser": 0.0,
      "EbN0dB": 10.0,
      "SNRdB": 15.032926933143388,
      "rate": 3.186344238975818,
      "C": 5.038411702945195,
      "ShannonLimitdB": 4.053538754859755
}