{
      "T": 107.51,
      "fer": 1.0,
      "nMSE": 0.6859948348999023,
      "nMSEf": 0.27643196205298115,
      "nMSEm": 0.7707481880187989,
      "nMSEL": 0.25281984265645346,
      "ver": 0.999375,
      "verf": 1.0,
      "verm": 1.0,
      "verL": 0.99,
      "ber": 0.2802366071428571,
      "iber": 0.2671406249999999,
      "sber": 0.2976979166666666,
      "ier": 0.5000416666666666,
      "ser": 0.5788958333333334,
      "EbN0dB": 4.0,
      "SNRdB": 9.032926933143388,
      "rate": 3.186344238975818,
      "C": 3.170523573252284,
      "ShannonLimitdB": 4.053538754859755
}