{
      "T": 174.56,
      "fer": 1.0,
      "nMSE": 0.26451010420980553,
      "nMSEf": 0.01251214224582763,
      "nMSEm": 0.4386357436812768,
      "nMSEL": 0.01419866619068889,
      "ver": 0.57125,
      "verf": 0.25,
      "verm": 0.7,
      "verL": 0.28,
      "ber": 0.10445089285714287,
      "iber": 0.09701822916666668,
      "sber": 0.11436111111111108,
      "ier": 0.1815,
      "ser": 0.2277291666666667,
      "EbN0dB": 6.0,
      "SNRdB": 11.032926933143388,
      "rate": 3.186344238975818,
      "C": 3.7745303707928852,
      "ShannonLimitdB": 4.053538754859755
}