{
      "T": 68.6115,
      "fer": 0.7558,
      "nMSE": 0.0018891604154196268,
      "nMSEf": 0.0007415942285543385,
      "nMSEm": 0.0027629987920675544,
      "nMSEL": 0.0007112323574173489,
      "ver": 0.046553125,
      "verf": 0.0442,
      "verm": 0.0482,
      "verL": 0.0431,
      "ber": 0.0006697172619047385,
      "iber": 0.0004235677083333334,
      "sber": 0.0009979166666667207,
      "ier": 0.0007910416666666665,
      "ser": 0.0024997916666667955,
      "EbN0dB": 7.0,
      "SNRdB": 12.032926933143388,
      "rate": 3.186344238975818,
      "C": 4.084876449110969,
      "ShannonLimitdB": 4.053538754859755
}