{
      "T": 60.548,
      "fer": 0.6322,
      "nMSE": 0.0007578925345522742,
      "nMSEf": 0.0005160746999298881,
      "nMSEm": 0.0009067388884745471,
      "nMSEL": 0.0005188430792082135,
      "ver": 0.032225,
      "verf": 0.0321,
      "verm": 0.0317,
      "verL": 0.0304,
      "ber": 0.0002466666666666955,
      "iber": 8.664062500000001e-05,
      "sber": 0.00046003472222221867,
      "ier": 0.0001621875,
      "ser": 0.0012819791666667595,
      "EbN0dB": 7.25,
      "SNRdB": 12.282926933143388,
      "rate": 3.186344238975818,
      "C": 4.163161036459544,
      "ShannonLimitdB": 4.053538754859755
}