{
      "T": 54.9351,
      "fer": 0.5058,
      "nMSE": 0.00038257570042425117,
      "nMSEf": 0.0003824992864778669,
      "nMSEm": 0.0003635094314380441,
      "nMSEL": 0.0003684041441015957,
      "ver": 0.022590625,
      "verf": 0.0239,
      "verm": 0.0219,
      "verL": 0.0227,
      "ber": 0.00011763392857144119,
      "iber": 7.994791666666667e-06,
      "sber": 0.0002638194444444479,
      "ier": 1.4999999999999999e-05,
      "ser": 0.000782291666666636,
      "EbN0dB": 7.5,
      "SNRdB": 12.532926933143388,
      "rate": 3.186344238975818,
      "C": 4.241697616486897,
      "ShannonLimitdB": 4.053538754859755
}