{
      "T": 49.1186,
      "fer": 0.3983,
      "nMSE": 0.0002599387648991974,
      "nMSEf": 0.0002481519297879808,
      "nMSEm": 0.00026101433414620854,
      "nMSEL": 0.00025986648348398194,
      "ver": 0.01608125,
      "verf": 0.0144,
      "verm": 0.016,
      "verL": 0.0161,
      "ber": 7.772321428572023e-05,
      "iber": 2.6041666666666667e-08,
      "sber": 0.00018131944444445963,
      "ier": 1.0416666666666667e-07,
      "ser": 0.0005438541666666474,
      "EbN0dB": 7.75,
      "SNRdB": 12.782926933143388,
      "rate": 3.186344238975818,
      "C": 4.3204735865598805,
      "ShannonLimitdB": 4.053538754859755
}