{
      "T": 44.1368,
      "fer": 0.291,
      "nMSE": 0.000173558484551829,
      "nMSEf": 0.00017602070333830802,
      "nMSEm": 0.0001840919453416382,
      "nMSEL": 0.0001617850607439684,
      "ver": 0.010753125,
      "verf": 0.0107,
      "verm": 0.0104,
      "verL": 0.0098,
      "ber": 5.1622023809524056e-05,
      "iber": 0.0,
      "sber": 0.00012045138888889722,
      "ier": 0.0,
      "ser": 0.0003613541666666566,
      "EbN0dB": 8.0,
      "SNRdB": 13.032926933143388,
      "rate": 3.186344238975818,
      "C": 4.399476898823822,
      "ShannonLimitdB": 4.053538754859755
}