{
      "T": 39.8819,
      "fer": 0.2015,
      "nMSE": 0.00011458524398298113,
      "nMSEf": 0.00011115846674340937,
      "nMSEm": 0.00011154030963098065,
      "nMSEL": 0.00011865708108412338,
      "ver": 0.007096875,
      "verf": 0.007,
      "verm": 0.0067,
      "verL": 0.0075,
      "ber": 3.391369047619036e-05,
      "iber": 0.0,
      "sber": 7.913194444444779e-05,
      "ier": 0.0,
      "ser": 0.00023739583333332956,
      "EbN0dB": 8.25,
      "SNRdB": 13.282926933143388,
      "rate": 3.186344238975818,
      "C": 4.478696043686558,
      "ShannonLimitdB": 4.053538754859755
}