{
      "T": 35.9051,
      "fer": 0.1384,
      "nMSE": 7.622014619017434e-05,
      "nMSEf": 7.287249665941832e-05,
      "nMSEm": 6.447404704414791e-05,
      "nMSEL": 7.472315932527156e-05,
      "ver": 0.00470625,
      "verf": 0.0044,
      "verm": 0.0039,
      "verL": 0.0046,
      "ber": 2.252976190476183e-05,
      "iber": 0.0,
      "sber": 5.256944444444461e-05,
      "ier": 0.0,
      "ser": 0.00015770833333333308,
      "EbN0dB": 8.5,
      "SNRdB": 13.532926933143388,
      "rate": 3.186344238975818,
      "C": 4.558120032911788,
      "ShannonLimitdB": 4.053538754859755
}