{
      "T": 33.1887,
      "fer": 0.0902,
      "nMSE": 4.8959875145678646e-05,
      "nMSEf": 4.6563095559561384e-05,
      "nMSEm": 6.71840136755544e-05,
      "nMSEL": 5.212078744627e-05,
      "ver": 0.002940625,
      "verf": 0.0025,
      "verm": 0.0044,
      "verL": 0.003,
      "ber": 1.4062499999999956e-05,
      "iber": 2.6041666666666667e-08,
      "sber": 3.277777777777767e-05,
      "ier": 1.0416666666666667e-07,
      "ser": 9.833333333333539e-05,
      "EbN0dB": 8.75,
      "SNRdB": 13.782926933143388,
      "rate": 3.186344238975818,
      "C": 4.637738382449242,
      "ShannonLimitdB": 4.053538754859755
}