{
      "T": 29.66,
      "fer": 0.03,
      "nMSE": 0.009675449848175048,
      "nMSEf": 5.797323582855247e-39,
      "nMSEm": 0.019883953332901,
      "nMSEL": 1.7366909688121267e-10,
      "ver": 0.01225,
      "verf": 0.0,
      "verm": 0.02,
      "verL": 0.0,
      "ber": 0.003153125,
      "iber": 0.0032500000000000003,
      "sber": 0.0030078125,
      "ier": 0.005718749999999999,
      "ser": 0.004625000000000001,
      "EbN0dB": 10.0,
      "SNRdB": 15.228787452803376,
      "rate": 3.3333333333333335,
      "C": 5.1015380264620624,
      "ShannonLimitdB": 4.351768928552211
}