{
      "T": 92.77,
      "fer": 1.0,
      "nMSE": 0.6627057232856751,
      "nMSEf": 0.22394686266808178,
      "nMSEm": 0.7539575535058975,
      "nMSEL": 0.2022614031690955,
      "ver": 0.986,
      "verf": 0.82,
      "verm": 1.0,
      "verL": 0.84,
      "ber": 0.27094062500000005,
      "iber": 0.27903645833333346,
      "sber": 0.25879687500000015,
      "ier": 0.48682812499999994,
      "ser": 0.39848437499999995,
      "EbN0dB": 5.0,
      "SNRdB": 10.228787452803376,
      "rate": 3.3333333333333335,
      "C": 3.528687021610552,
      "ShannonLimitdB": 4.351768928552211
}