{
      "T": 100.0,
      "fer": 1.0,
      "nMSE": 0.6070301337242127,
      "nMSEf": 0.11846836877794611,
      "nMSEm": 0.7505576139688492,
      "nMSEL": 0.11628521734809755,
      "ver": 0.9325,
      "verf": 0.49,
      "verm": 1.0,
      "verL": 0.53,
      "ber": 0.24496875000000007,
      "iber": 0.25115625,
      "sber": 0.23568749999999997,
      "ier": 0.44012500000000015,
      "ser": 0.3609062500000001,
      "EbN0dB": 6.0,
      "SNRdB": 11.228787452803376,
      "rate": 3.3333333333333335,
      "C": 3.834937594231136,
      "ShannonLimitdB": 4.351768928552211
}