{
      "T": 96.84,
      "fer": 0.9,
      "nMSE": 0.3770586568936887,
      "nMSEf": 0.03431544017732271,
      "nMSEm": 0.5830990799539851,
      "nMSEL": 0.04802299752521229,
      "ver": 0.6210000000000001,
      "verf": 0.13,
      "verm": 0.83,
      "verL": 0.19,
      "ber": 0.14786875,
      "iber": 0.15175000000000008,
      "sber": 0.142046875,
      "ier": 0.26724999999999993,
      "ser": 0.21848437499999995,
      "EbN0dB": 7.0,
      "SNRdB": 12.228787452803376,
      "rate": 3.3333333333333335,
      "C": 4.146186068027346,
      "ShannonLimitdB": 4.351768928552211
}