{
      "T": 59.25,
      "fer": 0.18,
      "nMSE": 0.05822162664286204,
      "nMSEf": 0.0007897035437682748,
      "nMSEm": 0.09611488384863544,
      "nMSEL": 0.000706659395303855,
      "ver": 0.09524999999999999,
      "verf": 0.01,
      "verm": 0.14,
      "verL": 0.0,
      "ber": 0.0218,
      "iber": 0.022505208333333332,
      "sber": 0.0207421875,
      "ier": 0.0395625,
      "ser": 0.03165625,
      "EbN0dB": 8.0,
      "SNRdB": 13.228787452803376,
      "rate": 3.3333333333333335,
      "C": 4.461522763187244,
      "ShannonLimitdB": 4.351768928552211
}