{
      "T": 36.55,
      "fer": 0.03,
      "nMSE": 0.009664660215377808,
      "nMSEf": 7.55544323033391e-10,
      "nMSEm": 0.01096298336982727,
      "nMSEL": 0.0011070628464221954,
      "ver": 0.01525,
      "verf": 0.0,
      "verm": 0.02,
      "verL": 0.01,
      "ber": 0.0035406249999999995,
      "iber": 0.003619791666666667,
      "sber": 0.0034218749999999996,
      "ier": 0.006375,
      "ser": 0.0054062500000000005,
      "EbN0dB": 9.0,
      "SNRdB": 14.228787452803376,
      "rate": 3.3333333333333335,
      "C": 4.7801845047759,
      "ShannonLimitdB": 4.351768928552211
}