{
      "T": 68.5,
      "fer": 1.0,
      "nMSE": 0.4454662346839905,
      "nMSEf": 0.27621734147774984,
      "nMSEm": 0.49495154328644275,
      "nMSEL": 0.28732156030193434,
      "ver": 0.9296875,
      "verf": 0.81,
      "verm": 0.97,
      "verL": 0.8,
      "ber": 0.16736328124999997,
      "iber": 0.16822656249999998,
      "sber": 0.163046875,
      "ier": 0.3259375,
      "ser": 0.163046875,
      "EbN0dB": 1.0,
      "SNRdB": 2.5296746020854344,
      "rate": 1.422222222222222,
      "C": 1.480509013479828,
      "ShannonLimitdB": 0.7233664553245216
}