{
      "T": 99.61,
      "fer": 1.0,
      "nMSE": 0.24919610653072596,
      "nMSEf": 0.1289207753148338,
      "nMSEm": 0.2952335615217453,
      "nMSEL": 0.14589264800906449,
      "ver": 0.68,
      "verf": 0.48,
      "verm": 0.75,
      "verL": 0.43,
      "ber": 0.08845052083333331,
      "iber": 0.08897656249999997,
      "sber": 0.0858203125,
      "ier": 0.171015625,
      "ser": 0.0858203125,
      "EbN0dB": 2.0,
      "SNRdB": 3.5296746020854344,
      "rate": 1.422222222222222,
      "C": 1.7022454269706684,
      "ShannonLimitdB": 0.7233664553245216
}