{
      "T": 80.79,
      "fer": 0.95,
      "nMSE": 0.036650413166498766,
      "nMSEf": 0.0429174584425337,
      "nMSEm": 0.046091756809709505,
      "nMSEL": 0.03474139389411193,
      "ver": 0.1528125,
      "verf": 0.18,
      "verm": 0.18,
      "verL": 0.17,
      "ber": 0.012135416666666666,
      "iber": 0.0120703125,
      "sber": 0.0124609375,
      "ier": 0.0228515625,
      "ser": 0.0124609375,
      "EbN0dB": 3.0,
      "SNRdB": 4.529674602085434,
      "rate": 1.422222222222222,
      "C": 1.9402443450924167,
      "ShannonLimitdB": 0.7233664553245216
}