{
      "T": 38.18,
      "fer": 0.42,
      "nMSE": 0.004538211835098309,
      "nMSEf": 0.005404735447487933,
      "nMSEm": 0.0017035456393906213,
      "nMSEL": 0.00024452039023309933,
      "ver": 0.0190625,
      "verf": 0.03,
      "verm": 0.01,
      "verL": 0.0,
      "ber": 0.00134765625,
      "iber": 0.0013671874999999997,
      "sber": 0.00125,
      "ier": 0.002578125,
      "ser": 0.00125,
      "EbN0dB": 4.0,
      "SNRdB": 5.529674602085434,
      "rate": 1.422222222222222,
      "C": 2.1929707709756037,
      "ShannonLimitdB": 0.7233664553245216
}