{
      "T": 20.4303,
      "fer": 0.1132,
      "nMSE": 0.0008507389474619329,
      "nMSEf": 0.0009549355093690628,
      "nMSEm": 0.0010463979310273912,
      "nMSEL": 0.0005643563234551335,
      "ver": 0.00385,
      "verf": 0.0045,
      "verm": 0.0042,
      "verL": 0.0025,
      "ber": 0.0002466145833333333,
      "iber": 0.00024765625000000005,
      "sber": 0.00024140625,
      "ier": 0.000484375,
      "ser": 0.00024140625,
      "EbN0dB": 5.0,
      "SNRdB": 6.529674602085434,
      "rate": 1.422222222222222,
      "C": 2.4587656116289716,
      "ShannonLimitdB": 0.7233664553245216
}