{
      "T": 17.3385,
      "fer": 0.0724,
      "nMSE": 0.0005384864210690678,
      "nMSEf": 0.0007722630585384017,
      "nMSEm": 0.00048105586344661334,
      "nMSEL": 0.0006374659496089817,
      "ver": 0.00240625,
      "verf": 0.0033,
      "verm": 0.0022,
      "verL": 0.0025,
      "ber": 0.00015325520833333342,
      "iber": 0.0001546875,
      "sber": 0.00014609375,
      "ier": 0.00030234375,
      "ser": 0.00014609375,
      "EbN0dB": 5.25,
      "SNRdB": 6.779674602085434,
      "rate": 1.422222222222222,
      "C": 2.5270585497340345,
      "ShannonLimitdB": 0.7233664553245216
}