{
      "T": 13.7657,
      "fer": 0.041,
      "nMSE": 0.00029243922611534636,
      "nMSEf": 0.00030688963069119845,
      "nMSEm": 0.0002751817766595165,
      "nMSEL": 0.0003654803124576822,
      "ver": 0.00131875,
      "verf": 0.0013,
      "verm": 0.0012,
      "verL": 0.0017,
      "ber": 8.359375000000004e-05,
      "iber": 8.499999999999997e-05,
      "sber": 7.65625e-05,
      "ier": 0.000165234375,
      "ser": 7.65625e-05,
      "EbN0dB": 5.5,
      "SNRdB": 7.029674602085434,
      "rate": 1.422222222222222,
      "C": 2.59603702228419,
      "ShannonLimitdB": 0.7233664553245216
}