{
      "T": 11.8359,
      "fer": 0.023,
      "nMSE": 0.00017013821649855548,
      "nMSEf": 0.0002068892326357532,
      "nMSEm": 0.00018282291656858434,
      "nMSEL": 0.00017432256668565384,
      "ver": 0.000753125,
      "verf": 0.001,
      "verm": 0.0008,
      "verL": 0.0006,
      "ber": 4.8307291666666686e-05,
      "iber": 4.7734375000000013e-05,
      "sber": 5.1171875e-05,
      "ier": 9.4140625e-05,
      "ser": 5.1171875e-05,
      "EbN0dB": 5.75,
      "SNRdB": 7.279674602085434,
      "rate": 1.422222222222222,
      "C": 2.6656754340788273,
      "ShannonLimitdB": 0.7233664553245216
}