{
      "T": 9.841,
      "fer": 0.0127,
      "nMSE": 8.798377132317998e-05,
      "nMSEf": 0.00019406648529802004,
      "nMSEm": 3.8065763543914424e-05,
      "nMSEL": 0.0001326881644132319,
      "ver": 0.000403125,
      "verf": 0.0009,
      "verm": 0.0002,
      "verL": 0.0005,
      "ber": 2.734374999999999e-05,
      "iber": 2.734375e-05,
      "sber": 2.734375e-05,
      "ier": 5.0390625e-05,
      "ser": 2.734375e-05,
      "EbN0dB": 6.0,
      "SNRdB": 7.529674602085434,
      "rate": 1.422222222222222,
      "C": 2.735948564509701,
      "ShannonLimitdB": 0.7233664553245216
}