{
      "T": 8.5068,
      "fer": 0.0066,
      "nMSE": 4.560327949799805e-05,
      "nMSEf": 1.3589828405883064e-05,
      "nMSEm": 9.918277424897113e-05,
      "nMSEL": 2.8448672797975937e-05,
      "ver": 0.00020625,
      "verf": 0.0,
      "verm": 0.0005,
      "verL": 0.0001,
      "ber": 1.2630208333333337e-05,
      "iber": 1.28125e-05,
      "sber": 1.171875e-05,
      "ier": 2.578125e-05,
      "ser": 1.171875e-05,
      "EbN0dB": 6.25,
      "SNRdB": 7.779674602085434,
      "rate": 1.422222222222222,
      "C": 2.806831619809879,
      "ShannonLimitdB": 0.7233664553245216
}