{
      "T": 7.6459,
      "fer": 0.0038,
      "nMSE": 2.8391590089866232e-05,
      "nMSEf": 7.083875040327254e-05,
      "nMSEm": 3.389764488261828e-05,
      "nMSEL": 1.2290566506519405e-05,
      "ver": 0.00011875,
      "verf": 0.0003,
      "verm": 0.0001,
      "verL": 0.0001,
      "ber": 7.552083333333332e-06,
      "iber": 7.4999999999999985e-06,
      "sber": 7.8125e-06,
      "ier": 1.484375e-05,
      "ser": 7.8125e-06,
      "EbN0dB": 6.5,
      "SNRdB": 8.029674602085434,
      "rate": 1.422222222222222,
      "C": 2.878300279267143,
      "ShannonLimitdB": 0.7233664553245216
}