{
      "T": 6.9224,
      "fer": 0.0014,
      "nMSE": 1.0140082329149064e-05,
      "nMSEf": 1.3989870440838759e-05,
      "nMSEm": 1.7275974547721425e-10,
      "nMSEL": 1.2628782696125274e-05,
      "ver": 4.375e-05,
      "verf": 0.0001,
      "verm": 0.0,
      "verL": 0.0001,
      "ber": 2.9947916666666663e-06,
      "iber": 3.0468749999999995e-06,
      "sber": 2.734375e-06,
      "ier": 5.46875e-06,
      "ser": 2.734375e-06,
      "EbN0dB": 6.75,
      "SNRdB": 8.279674602085434,
      "rate": 1.422222222222222,
      "C": 2.9503307355929693,
      "ShannonLimitdB": 0.7233664553245216
}