{
      "T": 6.4574,
      "fer": 0.0007,
      "nMSE": 5.252858051534162e-06,
      "nMSEf": 2.852464760989433e-10,
      "nMSEm": 2.3055274456957648e-05,
      "nMSEL": 6.367215440802341e-12,
      "ver": 2.1875e-05,
      "verf": 0.0,
      "verm": 0.0001,
      "verL": 0.0,
      "ber": 1.4322916666666667e-06,
      "iber": 1.5625000000000003e-06,
      "sber": 7.8125e-07,
      "ier": 2.734375e-06,
      "ser": 7.8125e-07,
      "EbN0dB": 7.0,
      "SNRdB": 8.529674602085434,
      "rate": 1.422222222222222,
      "C": 3.0228997296784024,
      "ShannonLimitdB": 0.7233664553245216
}