{
      "T": 6.244,
      "fer": 0.0002,
      "nMSE": 1.7490206853796555e-06,
      "nMSEf": 7.763188343176866e-13,
      "nMSEm": 9.76740200640482e-10,
      "nMSEL": 5.423264902103921e-09,
      "ver": 6.25e-06,
      "verf": 0.0,
      "verm": 0.0,
      "verL": 0.0,
      "ber": 5.208333333333334e-07,
      "iber": 5.46875e-07,
      "sber": 3.90625e-07,
      "ier": 7.8125e-07,
      "ser": 3.90625e-07,
      "EbN0dB": 7.25,
      "SNRdB": 8.779674602085434,
      "rate": 1.422222222222222,
      "C": 3.095984580000446,
      "ShannonLimitdB": 0.7233664553245216
}