{
      "T": 6.0573,
      "fer": 0.0002,
      "nMSE": 1.4624608709417686e-06,
      "nMSEf": 1.956255518299049e-11,
      "nMSEm": 2.495674938678029e-05,
      "nMSEL": 6.363599607722546e-12,
      "ver": 6.25e-06,
      "verf": 0.0,
      "verm": 0.0001,
      "verL": 0.0,
      "ber": 2.604166666666666e-07,
      "iber": 2.3437500000000003e-07,
      "sber": 3.90625e-07,
      "ier": 7.8125e-07,
      "ser": 3.90625e-07,
      "EbN0dB": 7.5,
      "SNRdB": 9.029674602085434,
      "rate": 1.422222222222222,
      "C": 3.169563206967595,
      "ShannonLimitdB": 0.7233664553245216
}