{
      "T": 5.9499,
      "fer": 0.0001,
      "nMSE": 7.781298233443898e-07,
      "nMSEf": 1.4694357434470915e-15,
      "nMSEm": 3.701896819132763e-08,
      "nMSEL": 4.2306526923558995e-12,
      "ver": 3.125e-06,
      "verf": 0.0,
      "verm": 0.0,
      "verL": 0.0,
      "ber": 1.953125e-07,
      "iber": 1.5625e-07,
      "sber": 3.90625e-07,
      "ier": 3.90625e-07,
      "ser": 3.90625e-07,
      "EbN0dB": 7.75,
      "SNRdB": 9.279674602085434,
      "rate": 1.422222222222222,
      "C": 3.24361415251138,
      "ShannonLimitdB": 0.7233664553245216
}