{
      "T": 5.834,
      "fer": 0.0,
      "nMSE": 8.27108756580041e-09,
      "nMSEf": 3.7816479102683135e-19,
      "nMSEm": 1.6477819687664209e-15,
      "nMSEL": 2.493992078425083e-15,
      "ver": 0.0,
      "verf": 0.0,
      "verm": 0.0,
      "verL": 0.0,
      "ber": 0.0,
      "iber": 0.0,
      "sber": 0.0,
      "ier": 0.0,
      "ser": 0.0,
      "EbN0dB": 8.0,
      "SNRdB": 9.529674602085434,
      "rate": 1.422222222222222,
      "C": 3.3181165952428526,
      "ShannonLimitdB": 0.7233664553245216
}