{
      "T": 10.0,
      "fer": 1.0,
      "nMSE": 0.37609521532058715,
      "nMSEf": 0.353225157991983,
      "nMSEm": 0.34991577566601334,
      "nMSEL": 0.3342912752367556,
      "ver": 0.7044999999999998,
      "verf": 0.66,
      "verm": 0.69,
      "verL": 0.72,
      "ber": 0.13567499999999996,
      "iber": 0.13567499999999996,
      "sber": 0.0,
      "ier": 0.269125,
      "ser": 0.0,
      "EbN0dB": 0.0,
      "SNRdB": -2.455126678141498,
      "rate": 0.5681818181818182,
      "C": 0.6490928381408719,
      "ShannonLimitdB": -0.7085155551467333
}