{
      "T": 10.0,
      "fer": 1.0,
      "nMSE": 0.26886008763313285,
      "nMSEf": 0.2351237791901076,
      "nMSEm": 0.3281171598820947,
      "nMSEL": 0.2762781094809179,
      "ver": 0.5450000000000002,
      "verf": 0.48,
      "verm": 0.58,
      "verL": 0.58,
      "ber": 0.094975,
      "iber": 0.094975,
      "sber": 0.0,
      "ier": 0.18474999999999997,
      "ser": 0.0,
      "EbN0dB": 1.0,
      "SNRdB": -1.455126678141498,
      "rate": 0.5681818181818182,
      "C": 0.7784596839465734,
      "ShannonLimitdB": -0.7085155551467333
}