{
      "T": 3.2021,
      "fer": 0.0,
      "nMSE": 4.272135996822875e-11,
      "nMSEf": 5.2831666656777605e-18,
      "nMSEm": 1.9874271345006894e-19,
      "nMSEL": 3.3261631521341556e-22,
      "ver": 0.0,
      "verf": 0.0,
      "verm": 0.0,
      "verL": 0.0,
      "ber": 0.0,
      "iber": 0.0,
      "sber": 0.0,
      "ier": 0.0,
      "ser": 0.0,
      "EbN0dB": 10.0,
      "SNRdB": 7.544873321858502,
      "rate": 0.5681818181818182,
      "C": 2.740240726199067,
      "ShannonLimitdB": -0.7085155551467333
}