{
      "T": 10.0,
      "fer": 1.0,
      "nMSE": 0.1706693531870842,
      "nMSEf": 0.15702369466145683,
      "nMSEm": 0.13707913094060586,
      "nMSEL": 0.14493463165748152,
      "ver": 0.35350000000000004,
      "verf": 0.33,
      "verm": 0.27,
      "verL": 0.34,
      "ber": 0.05879999999999999,
      "iber": 0.05879999999999999,
      "sber": 0.0,
      "ier": 0.11337499999999995,
      "ser": 0.0,
      "EbN0dB": 2.0,
      "SNRdB": -0.455126678141498,
      "rate": 0.5681818181818182,
      "C": 0.9263847152876225,
      "ShannonLimitdB": -0.7085155551467333
}