{
      "T": 10.0,
      "fer": 0.95,
      "nMSE": 0.07666115312837068,
      "nMSEf": 0.09389191653550526,
      "nMSEm": 0.06252983666657146,
      "nMSEL": 0.07019979717693811,
      "ver": 0.17950000000000008,
      "verf": 0.23,
      "verm": 0.12,
      "verL": 0.13,
      "ber": 0.026125,
      "iber": 0.026125,
      "sber": 0.0,
      "ier": 0.050875000000000024,
      "ser": 0.0,
      "EbN0dB": 3.0,
      "SNRdB": 0.544873321858502,
      "rate": 0.5681818181818182,
      "C": 1.0933382584473905,
      "ShannonLimitdB": -0.7085155551467333
}