{
      "T": 10.0,
      "fer": 0.75,
      "nMSE": 0.03567753782792715,
      "nMSEf": 0.02420501774728997,
      "nMSEm": 0.03504508722429922,
      "nMSEL": 0.03257963517027468,
      "ver": 0.08249999999999996,
      "verf": 0.06,
      "verm": 0.06,
      "verL": 0.06,
      "ber": 0.011574999999999993,
      "iber": 0.011574999999999993,
      "sber": 0.0,
      "ier": 0.021875,
      "ser": 0.0,
      "EbN0dB": 4.0,
      "SNRdB": 1.544873321858502,
      "rate": 0.5681818181818182,
      "C": 1.27929786449346,
      "ShannonLimitdB": -0.7085155551467333
}