{
      "T": 10.0,
      "fer": 0.3367,
      "nMSE": 0.008922436377134501,
      "nMSEf": 0.009378630129366645,
      "nMSEm": 0.008472474849301932,
      "nMSEL": 0.008672797988757044,
      "ver": 0.021115000000000647,
      "verf": 0.0227,
      "verm": 0.0189,
      "verL": 0.0207,
      "ber": 0.0027982500000000333,
      "iber": 0.0027982500000000333,
      "sber": 0.0,
      "ier": 0.005436250000000169,
      "ser": 0.0,
      "EbN0dB": 5.0,
      "SNRdB": 2.544873321858502,
      "rate": 0.5681818181818182,
      "C": 1.4837506120398911,
      "ShannonLimitdB": -0.7085155551467333
}