{
      "T": 10.0,
      "fer": 0.2487,
      "nMSE": 0.006150060769291628,
      "nMSEf": 0.006352460984414482,
      "nMSEm": 0.0059426578245544434,
      "nMSEL": 0.00676543057829159,
      "ver": 0.014574999999999842,
      "verf": 0.0147,
      "verm": 0.0136,
      "verL": 0.0162,
      "ber": 0.0019202500000000229,
      "iber": 0.0019202500000000229,
      "sber": 0.0,
      "ier": 0.0037237499999999753,
      "ser": 0.0,
      "EbN0dB": 5.25,
      "SNRdB": 2.794873321858502,
      "rate": 0.5681818181818182,
      "C": 1.5376502841362893,
      "ShannonLimitdB": -0.7085155551467333
}