{
      "T": 10.0,
      "fer": 0.1801,
      "nMSE": 0.004246526832720566,
      "nMSEf": 0.005176173235611528,
      "nMSEm": 0.0044820917194719565,
      "nMSEL": 0.003781390962462917,
      "ver": 0.01015499999999969,
      "verf": 0.0127,
      "verm": 0.0102,
      "verL": 0.0096,
      "ber": 0.001340500000000014,
      "iber": 0.001340500000000014,
      "sber": 0.0,
      "ier": 0.0025912499999999226,
      "ser": 0.0,
      "EbN0dB": 5.5,
      "SNRdB": 3.044873321858502,
      "rate": 0.5681818181818182,
      "C": 1.592629332835093,
      "ShannonLimitdB": -0.7085155551467333
}