{
      "T": 10.0,
      "fer": 0.126,
      "nMSE": 0.002856335983286192,
      "nMSEf": 0.0023638744404314974,
      "nMSEm": 0.0033285437038080815,
      "nMSEL": 0.0031130468036765346,
      "ver": 0.006859999999999858,
      "verf": 0.0062,
      "verm": 0.0085,
      "verL": 0.0069,
      "ber": 0.0009042500000000036,
      "iber": 0.0009042500000000036,
      "sber": 0.0,
      "ier": 0.0017437499999999647,
      "ser": 0.0,
      "EbN0dB": 5.75,
      "SNRdB": 3.294873321858502,
      "rate": 0.5681818181818182,
      "C": 1.6486678189713517,
      "ShannonLimitdB": -0.7085155551467333
}