{
      "T": 10.0,
      "fer": 0.0903,
      "nMSE": 0.0019491558011391933,
      "nMSEf": 0.002116572820448674,
      "nMSEm": 0.002042742986419934,
      "nMSEL": 0.00234701621380197,
      "ver": 0.004764999999999953,
      "verf": 0.0052,
      "verm": 0.0048,
      "verL": 0.0061,
      "ber": 0.000625749999999999,
      "iber": 0.000625749999999999,
      "sber": 0.0,
      "ier": 0.001196249999999988,
      "ser": 0.0,
      "EbN0dB": 6.0,
      "SNRdB": 3.544873321858502,
      "rate": 0.5681818181818182,
      "C": 1.705744646006961,
      "ShannonLimitdB": -0.7085155551467333
}