{
      "T": 10.0,
      "fer": 0.0603,
      "nMSE": 0.0012984904390675358,
      "nMSEf": 0.001321116786026261,
      "nMSEm": 0.0009139342153610734,
      "nMSEL": 0.0011795815402794228,
      "ver": 0.00313000000000003,
      "verf": 0.0034,
      "verm": 0.0022,
      "verL": 0.0031,
      "ber": 0.0004114999999999964,
      "iber": 0.0004114999999999964,
      "sber": 0.0,
      "ier": 0.0007912500000000076,
      "ser": 0.0,
      "EbN0dB": 6.25,
      "SNRdB": 3.794873321858502,
      "rate": 0.5681818181818182,
      "C": 1.763837674046504,
      "ShannonLimitdB": -0.7085155551467333
}