{
      "T": 9.9991,
      "fer": 0.035,
      "nMSE": 0.0007683992611230828,
      "nMSEf": 0.000902944228231705,
      "nMSEm": 0.0010488217337124126,
      "nMSEL": 0.0007156575913823415,
      "ver": 0.0018150000000000113,
      "verf": 0.0023,
      "verm": 0.0024,
      "verL": 0.0018,
      "ber": 0.00023824999999999888,
      "iber": 0.00023824999999999888,
      "sber": 0.0,
      "ier": 0.00046125000000000284,
      "ser": 0.0,
      "EbN0dB": 6.5,
      "SNRdB": 4.044873321858502,
      "rate": 0.5681818181818182,
      "C": 1.8229238355231454,
      "ShannonLimitdB": -0.7085155551467333
}