{
      "T": 9.9866,
      "fer": 0.021,
      "nMSE": 0.00047364395308069617,
      "nMSEf": 0.0004976902448580074,
      "nMSEm": 0.0007465526645296961,
      "nMSEL": 0.0004382470858875895,
      "ver": 0.0011050000000000016,
      "verf": 0.0011,
      "verm": 0.0016,
      "verL": 0.0011,
      "ber": 0.00014299999999999976,
      "iber": 0.00014299999999999976,
      "sber": 0.0,
      "ier": 0.0002762500000000004,
      "ser": 0.0,
      "EbN0dB": 6.75,
      "SNRdB": 4.294873321858502,
      "rate": 0.5681818181818182,
      "C": 1.8829792514077879,
      "ShannonLimitdB": -0.7085155551467333
}