{
      "T": 9.8911,
      "fer": 0.012,
      "nMSE": 0.00025904491020571727,
      "nMSEf": 0.0002463060072115851,
      "nMSEm": 0.00033617865056789336,
      "nMSEL": 0.0004756450860546897,
      "ver": 0.0006099999999999987,
      "verf": 0.0006,
      "verm": 0.0009,
      "verL": 0.0011,
      "ber": 8.024999999999992e-05,
      "iber": 8.024999999999992e-05,
      "sber": 0.0,
      "ier": 0.00015249999999999967,
      "ser": 0.0,
      "EbN0dB": 7.0,
      "SNRdB": 4.544873321858502,
      "rate": 0.5681818181818182,
      "C": 1.9439793468573499,
      "ShannonLimitdB": -0.7085155551467333
}