{
      "T": 9.5513,
      "fer": 0.0084,
      "nMSE": 0.0001660628864125361,
      "nMSEf": 0.0003479082053270388,
      "nMSEm": 0.00020035395894490616,
      "nMSEL": 8.283435765731118e-05,
      "ver": 0.0004249999999999994,
      "verf": 0.0008,
      "verm": 0.0005,
      "verL": 0.0002,
      "ber": 5.725e-05,
      "iber": 5.725e-05,
      "sber": 0.0,
      "ier": 0.00010624999999999985,
      "ser": 0.0,
      "EbN0dB": 7.25,
      "SNRdB": 4.794873321858502,
      "rate": 0.5681818181818182,
      "C": 2.0058989652944472,
      "ShannonLimitdB": -0.7085155551467333
}