{
      "T": 8.8457,
      "fer": 0.0048,
      "nMSE": 0.0001085530152535644,
      "nMSEf": 5.9692058321616325e-05,
      "nMSEm": 0.0001404311226955947,
      "nMSEL": 0.0002485053234437916,
      "ver": 0.00023999999999999995,
      "verf": 0.0002,
      "verm": 0.0003,
      "verL": 0.0005,
      "ber": 3.250000000000002e-05,
      "iber": 3.250000000000002e-05,
      "sber": 0.0,
      "ier": 6.124999999999998e-05,
      "ser": 0.0,
      "EbN0dB": 7.5,
      "SNRdB": 5.044873321858502,
      "rate": 0.5681818181818182,
      "C": 2.068712479998262,
      "ShannonLimitdB": -0.7085155551467333
}