{
      "T": 7.7072,
      "fer": 0.0024,
      "nMSE": 5.223917659549897e-05,
      "nMSEf": 7.796929327148864e-05,
      "nMSEm": 5.025103137719342e-05,
      "nMSEL": 8.737360019876817e-05,
      "ver": 0.00012500000000000006,
      "verf": 0.0002,
      "verm": 0.0001,
      "verL": 0.0002,
      "ber": 1.6000000000000003e-05,
      "iber": 1.6000000000000003e-05,
      "sber": 0.0,
      "ier": 3.1250000000000014e-05,
      "ser": 0.0,
      "EbN0dB": 7.75,
      "SNRdB": 5.294873321858502,
      "rate": 0.5681818181818182,
      "C": 2.1323939023821596,
      "ShannonLimitdB": -0.7085155551467333
}