{
      "T": 6.607,
      "fer": 0.0016,
      "nMSE": 3.776290112644695e-05,
      "nMSEf": 2.781712716084333e-05,
      "nMSEm": 1.6982148402903706e-07,
      "nMSEL": 0.0001785715799266281,
      "ver": 8.000000000000002e-05,
      "verf": 0.0,
      "verm": 0.0,
      "verL": 0.0004,
      "ber": 1.225e-05,
      "iber": 1.225e-05,
      "sber": 0.0,
      "ier": 2.0000000000000005e-05,
      "ser": 0.0,
      "EbN0dB": 8.0,
      "SNRdB": 5.544873321858502,
      "rate": 0.5681818181818182,
      "C": 2.196916986234873,
      "ShannonLimitdB": -0.7085155551467333
}