{
      "T": 5.5849,
      "fer": 0.001,
      "nMSE": 1.9954393649176667e-05,
      "nMSEf": 3.7053122608333855e-08,
      "nMSEm": 1.2197177311723753e-09,
      "nMSEL": 4.189130050567485e-05,
      "ver": 4.9999999999999996e-05,
      "verf": 0.0,
      "verm": 0.0,
      "verL": 0.0001,
      "ber": 6.5000000000000004e-06,
      "iber": 6.5000000000000004e-06,
      "sber": 0.0,
      "ier": 1.2499999999999999e-05,
      "ser": 0.0,
      "EbN0dB": 8.25,
      "SNRdB": 5.794873321858502,
      "rate": 0.5681818181818182,
      "C": 2.2622553273063306,
      "ShannonLimitdB": -0.7085155551467333
}