{
      "T": 4.916,
      "fer": 0.0006,
      "nMSE": 1.2053045608429305e-05,
      "nMSEf": 1.431048993201406e-08,
      "nMSEm": 1.3776520500219706e-07,
      "nMSEL": 8.191498543110519e-08,
      "ver": 2.9999999999999997e-05,
      "verf": 0.0,
      "verm": 0.0,
      "verL": 0.0,
      "ber": 2.4999999999999998e-06,
      "iber": 2.4999999999999998e-06,
      "sber": 0.0,
      "ier": 7.499999999999999e-06,
      "ser": 0.0,
      "EbN0dB": 8.5,
      "SNRdB": 6.044873321858502,
      "rate": 0.5681818181818182,
      "C": 2.3283824577238756,
      "ShannonLimitdB": -0.7085155551467333
}