{
      "T": 4.3514,
      "fer": 0.0003,
      "nMSE": 7.023675927890308e-06,
      "nMSEf": 1.7414926887319898e-12,
      "nMSEm": 4.2556292768301155e-09,
      "nMSEL": 5.3956208850763835e-05,
      "ver": 1.5000000000000002e-05,
      "verf": 0.0,
      "verm": 0.0,
      "verL": 0.0001,
      "ber": 1.25e-06,
      "iber": 1.25e-06,
      "sber": 0.0,
      "ier": 3.7500000000000005e-06,
      "ser": 0.0,
      "EbN0dB": 8.75,
      "SNRdB": 6.294873321858502,
      "rate": 0.5681818181818182,
      "C": 2.3952719348277647,
      "ShannonLimitdB": -0.7085155551467333
}