{
      "T": 3.9097,
      "fer": 0.0,
      "nMSE": 4.278306813299804e-09,
      "nMSEf": 2.6951129601638164e-11,
      "nMSEm": 3.722402765889e-12,
      "nMSEL": 1.2737155075923832e-09,
      "ver": 0.0,
      "verf": 0.0,
      "verm": 0.0,
      "verL": 0.0,
      "ber": 0.0,
      "iber": 0.0,
      "sber": 0.0,
      "ier": 0.0,
      "ser": 0.0,
      "EbN0dB": 9.0,
      "SNRdB": 6.544873321858502,
      "rate": 0.5681818181818182,
      "C": 2.4628974241143777,
      "ShannonLimitdB": -0.7085155551467333
}