{
      "T": 3.6886,
      "fer": 0.0,
      "nMSE": 7.625169894089894e-10,
      "nMSEf": 2.945045854291154e-09,
      "nMSEm": 6.730968325617464e-10,
      "nMSEL": 8.788005818129188e-13,
      "ver": 0.0,
      "verf": 0.0,
      "verm": 0.0,
      "verL": 0.0,
      "ber": 0.0,
      "iber": 0.0,
      "sber": 0.0,
      "ier": 0.0,
      "ser": 0.0,
      "EbN0dB": 9.25,
      "SNRdB": 6.794873321858502,
      "rate": 0.5681818181818182,
      "C": 2.5312327760701105,
      "ShannonLimitdB": -0.7085155551467333
}