{
      "T": 3.4504,
      "fer": 0.0,
      "nMSE": 9.474229940968099e-11,
      "nMSEf": 6.801811983087354e-15,
      "nMSEm": 1.2172345558243064e-15,
      "nMSEL": 3.7472980438156846e-18,
      "ver": 0.0,
      "verf": 0.0,
      "verm": 0.0,
      "verL": 0.0,
      "ber": 0.0,
      "iber": 0.0,
      "sber": 0.0,
      "ier": 0.0,
      "ser": 0.0,
      "EbN0dB": 9.5,
      "SNRdB": 7.044873321858502,
      "rate": 0.5681818181818182,
      "C": 2.600252096767106,
      "ShannonLimitdB": -0.7085155551467333
}