{
      "T": 3.3087,
      "fer": 0.0,
      "nMSE": 4.474720163762304e-11,
      "nMSEf": 6.95243531749102e-17,
      "nMSEm": 3.425540964055122e-16,
      "nMSEL": 8.344385127792761e-19,
      "ver": 0.0,
      "verf": 0.0,
      "verm": 0.0,
      "verL": 0.0,
      "ber": 0.0,
      "iber": 0.0,
      "sber": 0.0,
      "ier": 0.0,
      "ser": 0.0,
      "EbN0dB": 9.75,
      "SNRdB": 7.294873321858502,
      "rate": 0.5681818181818182,
      "C": 2.6699298121729003,
      "ShannonLimitdB": -0.7085155551467333
}