{
      "T": 99.74,
      "fer": 0.99,
      "nMSE": 0.5793533754348755,
      "nMSEf": 0.1356632232975673,
      "nMSEm": 0.7874115216454828,
      "nMSEL": 0.1139386191047328,
      "ver": 0.7772000000000001,
      "verf": 0.29,
      "verm": 0.96,
      "verL": 0.25,
      "ber": 0.23867999999999992,
      "iber": 0.24485833333333326,
      "sber": 0.22941249999999996,
      "ier": 0.43095000000000006,
      "ser": 0.351425,
      "EbN0dB": 10.0,
      "SNRdB": 16.19788758288394,
      "rate": 4.166666666666667,
      "C": 5.415037499278844,
      "ShannonLimitdB": 6.096215400993904
}