{
      "T": 97.54,
      "fer": 0.91,
      "nMSE": 0.4718588938713072,
      "nMSEf": 0.05250265546868423,
      "nMSEm": 0.6612141378582964,
      "nMSEL": 0.11915544794592924,
      "ver": 0.6391999999999999,
      "verf": 0.13,
      "verm": 0.84,
      "verL": 0.27,
      "ber": 0.19238499999999992,
      "iber": 0.19736666666666675,
      "sber": 0.18491250000000004,
      "ier": 0.34622499999999995,
      "ser": 0.2825,
      "EbN0dB": 11.0,
      "SNRdB": 17.19788758288394,
      "rate": 4.166666666666667,
      "C": 5.740259079728835,
      "ShannonLimitdB": 6.096215400993904
}