{
      "T": 94.5,
      "fer": 0.82,
      "nMSE": 0.34429346504211417,
      "nMSEf": 0.07362770199822398,
      "nMSEm": 0.5552803794159175,
      "nMSEL": 0.06419200323950691,
      "ver": 0.4412,
      "verf": 0.11,
      "verm": 0.68,
      "verL": 0.11,
      "ber": 0.13219999999999998,
      "iber": 0.136,
      "sber": 0.1265,
      "ier": 0.2358,
      "ser": 0.19342499999999999,
      "EbN0dB": 12.0,
      "SNRdB": 18.19788758288394,
      "rate": 4.166666666666667,
      "C": 6.066890338826853,
      "ShannonLimitdB": 6.096215400993904
}