{
      "T": 89.39,
      "fer": 0.72,
      "nMSE": 0.33834363847579774,
      "nMSEf": 0.10082367597922737,
      "nMSEm": 0.4674702644909419,
      "nMSEL": 0.05191199678916588,
      "ver": 0.40759999999999996,
      "verf": 0.15,
      "verm": 0.57,
      "verL": 0.08,
      "ber": 0.12583500000000006,
      "iber": 0.12889166666666665,
      "sber": 0.12125,
      "ier": 0.22755000000000006,
      "ser": 0.18544999999999995,
      "EbN0dB": 13.0,
      "SNRdB": 19.19788758288394,
      "rate": 4.166666666666667,
      "C": 6.394650122011396,
      "ShannonLimitdB": 6.096215400993904
}