{
      "T": 87.72,
      "fer": 0.69,
      "nMSE": 0.37298963756561293,
      "nMSEf": 0.08332296927925203,
      "nMSEm": 0.4970138609753092,
      "nMSEL": 0.0904217715300793,
      "ver": 0.41679999999999984,
      "verf": 0.11,
      "verm": 0.54,
      "verL": 0.13,
      "ber": 0.13503000000000004,
      "iber": 0.1387916666666667,
      "sber": 0.1293875,
      "ier": 0.24180000000000004,
      "ser": 0.19705000000000003,
      "EbN0dB": 14.0,
      "SNRdB": 20.19788758288394,
      "rate": 4.166666666666667,
      "C": 6.7233119204408345,
      "ShannonLimitdB": 6.096215400993904
}