{
      "T": 89.29,
      "fer": 0.77,
      "nMSE": NaN,
      "nMSEf": NaN,
      "nMSEm": NaN,
      "nMSEL": NaN,
      "ver": 0.5704000000000001,
      "verf": 0.32,
      "verm": 0.7,
      "verL": 0.29,
      "ber": 0.19799500000000003,
      "iber": 0.2019833333333333,
      "sber": 0.19201249999999992,
      "ier": 0.3544999999999998,
      "ser": 0.295,
      "EbN0dB": 15.0,
      "SNRdB": 21.19788758288394,
      "rate": 4.166666666666667,
      "C": 7.052693776320081,
      "ShannonLimitdB": 6.096215400993904
}