{
      "T": 89.7,
      "fer": 0.82,
      "nMSE": NaN,
      "nMSEf": NaN,
      "nMSEm": NaN,
      "nMSEL": NaN,
      "ver": 0.6708000000000003,
      "verf": 0.49,
      "verm": 0.79,
      "verL": 0.48,
      "ber": 0.26675999999999994,
      "iber": 0.2707166666666667,
      "sber": 0.260825,
      "ier": 0.4755999999999998,
      "ser": 0.3966749999999999,
      "EbN0dB": 16.0,
      "SNRdB": 22.19788758288394,
      "rate": 4.166666666666667,
      "C": 7.382649856361095,
      "ShannonLimitdB": 6.096215400993904
}