{
      "T": 92.21,
      "fer": 0.87,
      "nMSE": NaN,
      "nMSEf": NaN,
      "nMSEm": NaN,
      "nMSEL": NaN,
      "ver": 0.8180000000000001,
      "verf": 0.7,
      "verm": 0.86,
      "verL": 0.78,
      "ber": 0.36070000000000013,
      "iber": 0.3628083333333334,
      "sber": 0.35753749999999995,
      "ier": 0.6377749999999999,
      "ser": 0.5401750000000001,
      "EbN0dB": 17.0,
      "SNRdB": 23.19788758288394,
      "rate": 4.166666666666667,
      "C": 7.713063493892065,
      "ShannonLimitdB": 6.096215400993904
}