{
      "T": 94.0,
      "fer": 0.9,
      "nMSE": NaN,
      "nMSEf": NaN,
      "nMSEm": NaN,
      "nMSEL": NaN,
      "ver": 0.8936,
      "verf": 0.88,
      "verm": 0.9,
      "verL": 0.89,
      "ber": 0.44000000000000006,
      "iber": 0.4407083333333335,
      "sber": 0.43893750000000004,
      "ier": 0.772,
      "ser": 0.662525,
      "EbN0dB": 18.0,
      "SNRdB": 24.19788758288394,
      "rate": 4.166666666666667,
      "C": 8.04384149156735,
      "ShannonLimitdB": 6.096215400993904
}