{
      "T": 100.0,
      "fer": 1.0,
      "nMSE": NaN,
      "nMSEf": NaN,
      "nMSEm": NaN,
      "nMSEL": NaN,
      "ver": 0.9984000000000001,
      "verf": 0.99,
      "verm": 1.0,
      "verL": 1.0,
      "ber": 0.49922000000000005,
      "iber": 0.49871666666666686,
      "sber": 0.499975,
      "ier": 0.8704249999999999,
      "ser": 0.7490000000000001,
      "EbN0dB": 19.0,
      "SNRdB": 25.19788758288394,
      "rate": 4.166666666666667,
      "C": 8.374909486479678,
      "ShannonLimitdB": 6.096215400993904
}