{
      "T": 100.0,
      "fer": 1.0,
      "nMSE": NaN,
      "nMSEf": NaN,
      "nMSEm": NaN,
      "nMSEL": NaN,
      "ver": 1.0,
      "verf": 1.0,
      "verm": 1.0,
      "verL": 1.0,
      "ber": 0.4993500000000002,
      "iber": 0.500475,
      "sber": 0.49766250000000006,
      "ier": 0.8761999999999999,
      "ser": 0.7483249999999999,
      "EbN0dB": 22.0,
      "SNRdB": 28.19788758288394,
      "rate": 4.166666666666667,
      "C": 9.36931851503025,
      "ShannonLimitdB": 6.096215400993904
}