{
      "T": 100.0,
      "fer": 1.0,
      "nMSE": NaN,
      "nMSEf": NaN,
      "nMSEm": NaN,
      "nMSEL": NaN,
      "ver": 1.0,
      "verf": 1.0,
      "verm": 1.0,
      "verL": 1.0,
      "ber": 0.500205,
      "iber": 0.4982583333333333,
      "sber": 0.5031249999999998,
      "ier": 0.87555,
      "ser": 0.753025,
      "EbN0dB": 25.0,
      "SNRdB": 31.19788758288394,
      "rate": 4.166666666666667,
      "C": 10.364808439537487,
      "ShannonLimitdB": 6.096215400993904
}