{
      "T": 92.14,
      "fer": 1.0,
      "nMSE": 0.7374902767181399,
      "nMSEf": 0.32557698967350107,
      "nMSEm": 0.8411518657207488,
      "nMSEL": 0.3394958727702921,
      "ver": 0.9819999999999999,
      "verf": 0.78,
      "verm": 1.0,
      "verL": 0.85,
      "ber": 0.3097699999999999,
      "iber": 0.31562500000000004,
      "sber": 0.3009875000000001,
      "ier": 0.5559750000000002,
      "ser": 0.45842500000000014,
      "EbN0dB": 7.0,
      "SNRdB": 13.19788758288394,
      "rate": 4.166666666666667,
      "C": 4.451725536345913,
      "ShannonLimitdB": 6.096215400993904
}