{
      "T": 93.04,
      "fer": 1.0,
      "nMSE": 0.740146935653687,
      "nMSEf": 0.35369356124881185,
      "nMSEm": 0.8352923887968063,
      "nMSEL": 0.30159493165786133,
      "ver": 0.9811999999999997,
      "verf": 0.87,
      "verm": 1.0,
      "verL": 0.8,
      "ber": 0.31023,
      "iber": 0.3189166666666666,
      "sber": 0.29719999999999996,
      "ier": 0.5577,
      "ser": 0.45525000000000015,
      "EbN0dB": 7.0,
      "SNRdB": 13.19788758288394,
      "rate": 4.166666666666667,
      "C": 4.451725536345913,
      "ShannonLimitdB": 6.096215400993904
}