{
      "T": 100.0,
      "fer": 1.0,
      "nMSE": 0.7150881946563722,
      "nMSEf": 0.35120191450964233,
      "nMSEm": 0.8260161101818084,
      "nMSEL": 0.25892404525381063,
      "ver": 0.9508,
      "verf": 0.74,
      "verm": 1.0,
      "verL": 0.68,
      "ber": 0.29614999999999986,
      "iber": 0.3056250000000001,
      "sber": 0.2819375000000002,
      "ier": 0.5344250000000001,
      "ser": 0.43435000000000007,
      "EbN0dB": 8.0,
      "SNRdB": 14.19788758288394,
      "rate": 4.166666666666667,
      "C": 4.7702946401146855,
      "ShannonLimitdB": 6.096215400993904
}