{
      "T": 99.27,
      "fer": 1.0,
      "nMSE": 0.7139142646789548,
      "nMSEf": 0.2354303641233308,
      "nMSEm": 0.8319576019048691,
      "nMSEL": 0.2385403067962984,
      "ver": 0.9547999999999998,
      "verf": 0.63,
      "verm": 1.0,
      "verL": 0.7,
      "ber": 0.29947499999999994,
      "iber": 0.30751666666666655,
      "sber": 0.28741249999999996,
      "ier": 0.5379250000000001,
      "ser": 0.4396,
      "EbN0dB": 8.0,
      "SNRdB": 14.19788758288394,
      "rate": 4.166666666666667,
      "C": 4.7702946401146855,
      "ShannonLimitdB": 6.096215400993904
}