{
      "T": 100.0,
      "fer": 1.0,
      "nMSE": 0.6709644001007082,
      "nMSEf": 0.2013535149927369,
      "nMSEm": 0.8211552824079991,
      "nMSEL": 0.18277324622043334,
      "ver": 0.9044000000000001,
      "verf": 0.55,
      "verm": 1.0,
      "verL": 0.47,
      "ber": 0.27886999999999995,
      "iber": 0.28711666666666674,
      "sber": 0.26650000000000007,
      "ier": 0.5031,
      "ser": 0.40982499999999994,
      "EbN0dB": 9.0,
      "SNRdB": 15.19788758288394,
      "rate": 4.166666666666667,
      "C": 5.091573319049874,
      "ShannonLimitdB": 6.096215400993904
}