{
      "T": 32.94,
      "fer": 0.06,
      "nMSE": 0.017079833793640135,
      "nMSEf": 0.0030570603907108308,
      "nMSEm": 0.013804934173822402,
      "nMSEL": 1.347510199196161e-17,
      "ver": 0.0256,
      "verf": 0.02,
      "verm": 0.04,
      "verL": 0.0,
      "ber": 0.00577,
      "iber": 0.005858333333333334,
      "sber": 0.0056375,
      "ier": 0.010275000000000001,
      "ser": 0.008525,
      "EbN0dB": 10.0,
      "SNRdB": 15.228787452803376,
      "rate": 3.3333333333333335,
      "C": 5.1015380264620624,
      "ShannonLimitdB": 4.351768928552211
}