{
      "T": 26.78,
      "fer": 0.03,
      "nMSE": 0.012248538970947265,
      "nMSEf": 0.006139112114906311,
      "nMSEm": 0.02076580286026001,
      "nMSEL": 0.0012719279527664184,
      "ver": 0.013999999999999999,
      "verf": 0.01,
      "verm": 0.02,
      "verL": 0.01,
      "ber": 0.004200000000000001,
      "iber": 0.00425,
      "sber": 0.004125,
      "ier": 0.007349999999999999,
      "ser": 0.006174999999999999,
      "EbN0dB": 11.0,
      "SNRdB": 16.228787452803374,
      "rate": 3.3333333333333335,
      "C": 5.42506246854199,
      "ShannonLimitdB": 4.351768928552211
}