{
      "T": 24.33,
      "fer": 0.01,
      "nMSE": 0.005178386306762695,
      "nMSEf": 0.0,
      "nMSEm": 0.0013628764450550079,
      "nMSEL": 0.00673365592956543,
      "ver": 0.0052,
      "verf": 0.0,
      "verm": 0.01,
      "verL": 0.01,
      "ber": 0.0017200000000000002,
      "iber": 0.0017666666666666666,
      "sber": 0.00165,
      "ier": 0.0029749999999999998,
      "ser": 0.002525,
      "EbN0dB": 12.0,
      "SNRdB": 17.228787452803374,
      "rate": 3.3333333333333335,
      "C": 5.750332438615321,
      "ShannonLimitdB": 4.351768928552211
}