{
      "T": 26.2,
      "fer": 0.06,
      "nMSE": 0.04539955863952636,
      "nMSEf": 0.015299991710646697,
      "nMSEm": 0.07068027973175049,
      "nMSEL": 2.627434620609032e-48,
      "ver": 0.0436,
      "verf": 0.02,
      "verm": 0.06,
      "verL": 0.0,
      "ber": 0.01439,
      "iber": 0.014508333333333331,
      "sber": 0.014212500000000001,
      "ier": 0.025849999999999998,
      "ser": 0.02145,
      "EbN0dB": 13.0,
      "SNRdB": 18.228787452803374,
      "rate": 3.3333333333333335,
      "C": 6.077002469147427,
      "ShannonLimitdB": 4.351768928552211
}