{
      "T": 26.36,
      "fer": 0.07,
      "nMSE": NaN,
      "nMSEf": NaN,
      "nMSEm": NaN,
      "nMSEL": NaN,
      "ver": 0.0588,
      "verf": 0.06,
      "verm": 0.06,
      "verL": 0.04,
      "ber": 0.02129,
      "iber": 0.021908333333333335,
      "sber": 0.0203625,
      "ier": 0.03825,
      "ser": 0.031575,
      "EbN0dB": 14.0,
      "SNRdB": 19.228787452803374,
      "rate": 3.3333333333333335,
      "C": 6.404793262921983,
      "ShannonLimitdB": 4.351768928552211
}