{
      "T": 26.96,
      "fer": 0.09,
      "nMSE": 0.1049876823425293,
      "nMSEf": 0.039280402362347505,
      "nMSEm": 0.13396301865577698,
      "nMSEL": 0.04655244618777688,
      "ver": 0.0828,
      "verf": 0.06,
      "verm": 0.09,
      "verL": 0.05,
      "ber": 0.029625,
      "iber": 0.029908333333333332,
      "sber": 0.0292,
      "ier": 0.05285,
      "ser": 0.044224999999999993,
      "EbN0dB": 15.0,
      "SNRdB": 20.228787452803374,
      "rate": 3.3333333333333335,
      "C": 6.733479829813874,
      "ShannonLimitdB": 4.351768928552211
}