{
      "T": 26.36,
      "fer": 0.08,
      "nMSE": NaN,
      "nMSEf": NaN,
      "nMSEm": NaN,
      "nMSEL": NaN,
      "ver": 0.08,
      "verf": 0.08,
      "verm": 0.08,
      "verL": 0.08,
      "ber": 0.036495,
      "iber": 0.03643333333333334,
      "sber": 0.036587499999999995,
      "ier": 0.0646,
      "ser": 0.0548,
      "EbN0dB": 16.0,
      "SNRdB": 21.228787452803374,
      "rate": 3.3333333333333335,
      "C": 7.06288144635409,
      "ShannonLimitdB": 4.351768928552211
}