{
      "T": 29.42,
      "fer": 0.13,
      "nMSE": NaN,
      "nMSEf": NaN,
      "nMSEm": NaN,
      "nMSEL": NaN,
      "ver": 0.13,
      "verf": 0.13,
      "verm": 0.13,
      "verL": 0.13,
      "ber": 0.06448999999999999,
      "iber": 0.06469166666666665,
      "sber": 0.06418750000000001,
      "ier": 0.11245,
      "ser": 0.09627500000000001,
      "EbN0dB": 17.0,
      "SNRdB": 22.228787452803374,
      "rate": 3.3333333333333335,
      "C": 7.3928532776669185,
      "ShannonLimitdB": 4.351768928552211
}