{
      "T": 36.47,
      "fer": 0.22,
      "nMSE": NaN,
      "nMSEf": NaN,
      "nMSEm": NaN,
      "nMSEL": NaN,
      "ver": 0.22,
      "verf": 0.22,
      "verm": 0.22,
      "verL": 0.22,
      "ber": 0.10976499999999997,
      "iber": 0.10944999999999999,
      "sber": 0.1102375,
      "ier": 0.191075,
      "ser": 0.16477500000000003,
      "EbN0dB": 18.0,
      "SNRdB": 23.228787452803374,
      "rate": 3.3333333333333335,
      "C": 7.723279461630942,
      "ShannonLimitdB": 4.351768928552211
}