{
      "T": 100.0,
      "fer": 1.0,
      "nMSE": NaN,
      "nMSEf": NaN,
      "nMSEm": NaN,
      "nMSEL": NaN,
      "ver": 1.0,
      "verf": 1.0,
      "verm": 1.0,
      "verL": 1.0,
      "ber": 0.49831999999999993,
      "iber": 0.49829999999999985,
      "sber": 0.49834999999999985,
      "ier": 0.8718249999999995,
      "ser": 0.74775,
      "EbN0dB": 19.0,
      "SNRdB": 24.228787452803374,
      "rate": 3.3333333333333335,
      "C": 8.054067447302389,
      "ShannonLimitdB": 4.351768928552211
}