{
      "T": 100.0,
      "fer": 1.0,
      "nMSE": NaN,
      "nMSEf": NaN,
      "nMSEm": NaN,
      "nMSEL": NaN,
      "ver": 1.0,
      "verf": 1.0,
      "verm": 1.0,
      "verL": 1.0,
      "ber": 0.5010400000000002,
      "iber": 0.5010249999999999,
      "sber": 0.5010625,
      "ier": 0.8775249999999997,
      "ser": 0.7511500000000001,
      "EbN0dB": 21.0,
      "SNRdB": 26.228787452803374,
      "rate": 3.3333333333333335,
      "C": 8.716448423885183,
      "ShannonLimitdB": 4.351768928552211
}