{
      "T": 100.0,
      "fer": 1.0,
      "nMSE": NaN,
      "nMSEf": NaN,
      "nMSEm": NaN,
      "nMSEL": NaN,
      "ver": 1.0,
      "verf": 1.0,
      "verm": 1.0,
      "verL": 1.0,
      "ber": 0.4984149999999999,
      "iber": 0.4978583333333335,
      "sber": 0.49925000000000025,
      "ier": 0.8713000000000001,
      "ser": 0.7474249999999999,
      "EbN0dB": 24.0,
      "SNRdB": 29.228787452803374,
      "rate": 3.3333333333333335,
      "C": 9.711315035503596,
      "ShannonLimitdB": 4.351768928552211
}