{
      "T": 100.0,
      "fer": 1.0,
      "nMSE": NaN,
      "nMSEf": NaN,
      "nMSEm": NaN,
      "nMSEL": NaN,
      "ver": 1.0,
      "verf": 1.0,
      "verm": 1.0,
      "verL": 1.0,
      "ber": 0.500565,
      "iber": 0.5005166666666665,
      "sber": 0.5006375,
      "ier": 0.8730000000000002,
      "ser": 0.75,
      "EbN0dB": 25.0,
      "SNRdB": 30.228787452803374,
      "rate": 3.3333333333333335,
      "C": 10.043153843271622,
      "ShannonLimitdB": 4.351768928552211
}