{
      "T": 94.69,
      "fer": 1.0,
      "nMSE": 0.6590926097869874,
      "nMSEf": 0.2761010857884014,
      "nMSEm": 0.7624717539548874,
      "nMSEL": 0.25087841942786815,
      "ver": 0.9811999999999999,
      "verf": 0.87,
      "verm": 1.0,
      "verL": 0.8,
      "ber": 0.26737,
      "iber": 0.2739166666666666,
      "sber": 0.25754999999999995,
      "ier": 0.4808499999999999,
      "ser": 0.3962500000000004,
      "EbN0dB": 5.0,
      "SNRdB": 10.228787452803376,
      "rate": 3.3333333333333335,
      "C": 3.528687021610552,
      "ShannonLimitdB": 4.351768928552211
}