{
      "T": 100.0,
      "fer": 1.0,
      "nMSE": 0.5886031433105471,
      "nMSEf": 0.1531835641195325,
      "nMSEm": 0.7508595430850983,
      "nMSEL": 0.11955285318807243,
      "ver": 0.9076,
      "verf": 0.56,
      "verm": 1.0,
      "verL": 0.46,
      "ber": 0.23894000000000012,
      "iber": 0.2448500000000001,
      "sber": 0.23007499999999986,
      "ier": 0.4255000000000002,
      "ser": 0.3510500000000001,
      "EbN0dB": 6.0,
      "SNRdB": 11.228787452803376,
      "rate": 3.3333333333333335,
      "C": 3.834937594231136,
      "ShannonLimitdB": 4.351768928552211
}