{
      "T": 95.06,
      "fer": 0.87,
      "nMSE": 0.4243363139209173,
      "nMSEf": 0.09316483839307013,
      "nMSEm": 0.614239994958043,
      "nMSEL": 0.07528139135444867,
      "ver": 0.6668000000000001,
      "verf": 0.26,
      "verm": 0.86,
      "verL": 0.26,
      "ber": 0.16879999999999998,
      "iber": 0.17300000000000004,
      "sber": 0.16250000000000012,
      "ier": 0.3029,
      "ser": 0.24922500000000006,
      "EbN0dB": 7.0,
      "SNRdB": 12.228787452803376,
      "rate": 3.3333333333333335,
      "C": 4.146186068027346,
      "ShannonLimitdB": 4.351768928552211
}