{
      "T": 67.64,
      "fer": 0.31,
      "nMSE": 0.1196602467605512,
      "nMSEf": 0.018097667564107304,
      "nMSEm": 0.19483732064851433,
      "nMSEL": 0.011966096684678398,
      "ver": 0.1936,
      "verf": 0.06,
      "verm": 0.27,
      "verL": 0.05,
      "ber": 0.04607500000000002,
      "iber": 0.04738333333333334,
      "sber": 0.0441125,
      "ier": 0.0831,
      "ser": 0.067775,
      "EbN0dB": 8.0,
      "SNRdB": 13.228787452803376,
      "rate": 3.3333333333333335,
      "C": 4.461522763187244,
      "ShannonLimitdB": 4.351768928552211
}