{
      "T": 44.52,
      "fer": 0.11,
      "nMSE": 0.031827122116088874,
      "nMSEf": 0.007123121637585444,
      "nMSEm": 0.036511698961257985,
      "nMSEL": 1.4227483530380444e-08,
      "ver": 0.045200000000000004,
      "verf": 0.01,
      "verm": 0.06,
      "verL": 0.0,
      "ber": 0.010925,
      "iber": 0.011200000000000002,
      "sber": 0.010512500000000001,
      "ier": 0.0196,
      "ser": 0.016050000000000002,
      "EbN0dB": 9.0,
      "SNRdB": 14.228787452803376,
      "rate": 3.3333333333333335,
      "C": 4.7801845047759,
      "ShannonLimitdB": 4.351768928552211
}