{
      "T": 92.25,
      "fer": 1.0,
      "nMSE": 0.6942889027595521,
      "nMSEf": 0.38153366350583795,
      "nMSEm": 0.8086542457342147,
      "nMSEL": 0.44277970305509007,
      "ver": 0.9200000000000004,
      "verf": 0.63,
      "verm": 1.0,
      "verL": 0.73,
      "ber": 0.2884999999999999,
      "iber": 0.2884999999999999,
      "sber": 0.0,
      "ier": 0.5560625000000001,
      "ser": 0.0,
      "EbN0dB": 10.0,
      "SNRdB": 16.19788758288394,
      "rate": 4.166666666666667,
      "C": 5.415037499278844,
      "ShannonLimitdB": 6.096215400993904
}