{
      "T": 96.05,
      "fer": 1.0,
      "nMSE": 0.6565755600929261,
      "nMSEf": 0.38670697226780193,
      "nMSEm": 0.8172992306947708,
      "nMSEL": 0.3614261057973182,
      "ver": 0.8649999999999999,
      "verf": 0.61,
      "verm": 1.0,
      "verL": 0.59,
      "ber": 0.27243750000000005,
      "iber": 0.27243750000000005,
      "sber": 0.0,
      "ier": 0.5217499999999999,
      "ser": 0.0,
      "EbN0dB": 11.0,
      "SNRdB": 17.19788758288394,
      "rate": 4.166666666666667,
      "C": 5.740259079728835,
      "ShannonLimitdB": 6.096215400993904
}