{
      "T": 95.46,
      "fer": 1.0,
      "nMSE": 0.6639524440765381,
      "nMSEf": 0.3516784504055977,
      "nMSEm": 0.8174283641576767,
      "nMSEL": 0.34333535805344584,
      "ver": 0.8629999999999995,
      "verf": 0.57,
      "verm": 0.99,
      "verL": 0.54,
      "ber": 0.2725625000000001,
      "iber": 0.2725625000000001,
      "sber": 0.0,
      "ier": 0.528125,
      "ser": 0.0,
      "EbN0dB": 12.0,
      "SNRdB": 18.19788758288394,
      "rate": 4.166666666666667,
      "C": 6.066890338826853,
      "ShannonLimitdB": 6.096215400993904
}