{
      "T": 96.9,
      "fer": 1.0,
      "nMSE": 0.6534615347385407,
      "nMSEf": 0.37308433443307876,
      "nMSEm": 0.8056300222873688,
      "nMSEL": 0.38220587244139,
      "ver": 0.8399999999999999,
      "verf": 0.54,
      "verm": 1.0,
      "verL": 0.56,
      "ber": 0.26749999999999996,
      "iber": 0.26749999999999996,
      "sber": 0.0,
      "ier": 0.5159374999999999,
      "ser": 0.0,
      "EbN0dB": 13.0,
      "SNRdB": 19.19788758288394,
      "rate": 4.166666666666667,
      "C": 6.394650122011396,
      "ShannonLimitdB": 6.096215400993904
}