{
      "T": 97.94,
      "fer": 1.0,
      "nMSE": NaN,
      "nMSEf": NaN,
      "nMSEm": NaN,
      "nMSEL": NaN,
      "ver": 0.7849999999999998,
      "verf": 0.53,
      "verm": 0.93,
      "verL": 0.46,
      "ber": 0.2574499999999999,
      "iber": 0.2574499999999999,
      "sber": 0.0,
      "ier": 0.49618750000000006,
      "ser": 0.0,
      "EbN0dB": 14.0,
      "SNRdB": 20.19788758288394,
      "rate": 4.166666666666667,
      "C": 6.7233119204408345,
      "ShannonLimitdB": 6.096215400993904
}