{
      "T": 96.93,
      "fer": 0.99,
      "nMSE": NaN,
      "nMSEf": NaN,
      "nMSEm": NaN,
      "nMSEL": NaN,
      "ver": 0.8139999999999996,
      "verf": 0.47,
      "verm": 0.98,
      "verL": 0.56,
      "ber": 0.2702750000000001,
      "iber": 0.2702750000000001,
      "sber": 0.0,
      "ier": 0.5241250000000001,
      "ser": 0.0,
      "EbN0dB": 15.0,
      "SNRdB": 21.19788758288394,
      "rate": 4.166666666666667,
      "C": 7.052693776320081,
      "ShannonLimitdB": 6.096215400993904
}