{
      "T": 97.71,
      "fer": 0.98,
      "nMSE": NaN,
      "nMSEf": NaN,
      "nMSEm": NaN,
      "nMSEL": NaN,
      "ver": 0.8490000000000001,
      "verf": 0.65,
      "verm": 0.95,
      "verL": 0.59,
      "ber": 0.31593750000000004,
      "iber": 0.31593750000000004,
      "sber": 0.0,
      "ier": 0.6109999999999999,
      "ser": 0.0,
      "EbN0dB": 16.0,
      "SNRdB": 22.19788758288394,
      "rate": 4.166666666666667,
      "C": 7.382649856361095,
      "ShannonLimitdB": 6.096215400993904
}