{
      "T": 97.55,
      "fer": 0.98,
      "nMSE": NaN,
      "nMSEf": NaN,
      "nMSEm": NaN,
      "nMSEL": NaN,
      "ver": 0.8619999999999999,
      "verf": 0.59,
      "verm": 0.98,
      "verL": 0.68,
      "ber": 0.34625000000000017,
      "iber": 0.34625000000000017,
      "sber": 0.0,
      "ier": 0.6723750000000003,
      "ser": 0.0,
      "EbN0dB": 17.0,
      "SNRdB": 23.19788758288394,
      "rate": 4.166666666666667,
      "C": 7.713063493892065,
      "ShannonLimitdB": 6.096215400993904
}