{
      "T": 98.58,
      "fer": 0.98,
      "nMSE": NaN,
      "nMSEf": NaN,
      "nMSEm": NaN,
      "nMSEL": NaN,
      "ver": 0.8750000000000003,
      "verf": 0.72,
      "verm": 0.98,
      "verL": 0.69,
      "ber": 0.3619125000000001,
      "iber": 0.3619125000000001,
      "sber": 0.0,
      "ier": 0.7036249999999998,
      "ser": 0.0,
      "EbN0dB": 18.0,
      "SNRdB": 24.19788758288394,
      "rate": 4.166666666666667,
      "C": 8.04384149156735,
      "ShannonLimitdB": 6.096215400993904
}