{
      "T": 100.0,
      "fer": 1.0,
      "nMSE": NaN,
      "nMSEf": NaN,
      "nMSEm": NaN,
      "nMSEL": NaN,
      "ver": 0.9490000000000002,
      "verf": 0.81,
      "verm": 1.0,
      "verL": 0.8,
      "ber": 0.41678750000000003,
      "iber": 0.41678750000000003,
      "sber": 0.0,
      "ier": 0.8071875000000003,
      "ser": 0.0,
      "EbN0dB": 19.0,
      "SNRdB": 25.19788758288394,
      "rate": 4.166666666666667,
      "C": 8.374909486479678,
      "ShannonLimitdB": 6.096215400993904
}