{
      "T": 99.89,
      "fer": 1.0,
      "nMSE": NaN,
      "nMSEf": NaN,
      "nMSEm": NaN,
      "nMSEL": NaN,
      "ver": 0.9650000000000002,
      "verf": 0.87,
      "verm": 1.0,
      "verL": 0.83,
      "ber": 0.43962500000000004,
      "iber": 0.43962500000000004,
      "sber": 0.0,
      "ier": 0.8526250000000002,
      "ser": 0.0,
      "EbN0dB": 20.0,
      "SNRdB": 26.19788758288394,
      "rate": 4.166666666666667,
      "C": 8.706208198600704,
      "ShannonLimitdB": 6.096215400993904
}