{
      "T": 99.2,
      "fer": 1.0,
      "nMSE": NaN,
      "nMSEf": NaN,
      "nMSEm": NaN,
      "nMSEL": NaN,
      "ver": 0.9860000000000001,
      "verf": 0.94,
      "verm": 1.0,
      "verL": 0.92,
      "ber": 0.45615000000000017,
      "iber": 0.45615000000000017,
      "sber": 0.0,
      "ier": 0.8809375000000003,
      "ser": 0.0,
      "EbN0dB": 21.0,
      "SNRdB": 27.19788758288394,
      "rate": 4.166666666666667,
      "C": 9.037690406212704,
      "ShannonLimitdB": 6.096215400993904
}