{
      "T": 99.5,
      "fer": 1.0,
      "nMSE": NaN,
      "nMSEf": NaN,
      "nMSEm": NaN,
      "nMSEL": NaN,
      "ver": 0.985,
      "verf": 0.92,
      "verm": 1.0,
      "verL": 0.93,
      "ber": 0.4654874999999999,
      "iber": 0.4654874999999999,
      "sber": 0.0,
      "ier": 0.906875,
      "ser": 0.0,
      "EbN0dB": 22.0,
      "SNRdB": 28.19788758288394,
      "rate": 4.166666666666667,
      "C": 9.36931851503025,
      "ShannonLimitdB": 6.096215400993904
}