{
      "T": 99.32,
      "fer": 1.0,
      "nMSE": NaN,
      "nMSEf": NaN,
      "nMSEm": NaN,
      "nMSEL": NaN,
      "ver": 0.988,
      "verf": 0.92,
      "verm": 1.0,
      "verL": 0.96,
      "ber": 0.4748499999999998,
      "iber": 0.4748499999999998,
      "sber": 0.0,
      "ier": 0.9228125000000007,
      "ser": 0.0,
      "EbN0dB": 23.0,
      "SNRdB": 29.19788758288394,
      "rate": 4.166666666666667,
      "C": 9.701062609259104,
      "ShannonLimitdB": 6.096215400993904
}