{
      "T": 98.91,
      "fer": 1.0,
      "nMSE": NaN,
      "nMSEf": NaN,
      "nMSEm": NaN,
      "nMSEL": NaN,
      "ver": 1.0,
      "verf": 1.0,
      "verm": 1.0,
      "verL": 1.0,
      "ber": 0.4906875000000002,
      "iber": 0.4906875000000002,
      "sber": 0.0,
      "ier": 0.9566874999999996,
      "ser": 0.0,
      "EbN0dB": 26.0,
      "SNRdB": 32.197887582883936,
      "rate": 4.166666666666667,
      "C": 10.696776206369186,
      "ShannonLimitdB": 6.096215400993904
}