{
      "T": 100.0,
      "fer": 1.0,
      "nMSE": NaN,
      "nMSEf": NaN,
      "nMSEm": NaN,
      "nMSEL": NaN,
      "ver": 1.0,
      "verf": 1.0,
      "verm": 1.0,
      "verL": 1.0,
      "ber": 0.4923624999999997,
      "iber": 0.4923624999999997,
      "sber": 0.0,
      "ier": 0.9580624999999999,
      "ser": 0.0,
      "EbN0dB": 27.0,
      "SNRdB": 33.197887582883936,
      "rate": 4.166666666666667,
      "C": 11.028790233101528,
      "ShannonLimitdB": 6.096215400993904
}