{
      "T": 73.43,
      "fer": 1.0,
      "nMSE": 0.7404197306632996,
      "nMSEf": 0.5271020905969089,
      "nMSEm": 0.8214897418022156,
      "nMSEL": 0.5109504839543166,
      "ver": 0.9830000000000002,
      "verf": 0.94,
      "verm": 1.0,
      "verL": 0.89,
      "ber": 0.30831250000000016,
      "iber": 0.30831250000000016,
      "sber": 0.0,
      "ier": 0.5980625,
      "ser": 0.0,
      "EbN0dB": 7.0,
      "SNRdB": 13.19788758288394,
      "rate": 4.166666666666667,
      "C": 4.451725536345913,
      "ShannonLimitdB": 6.096215400993904
}