{
      "T": 79.48,
      "fer": 1.0,
      "nMSE": 0.7345436205863958,
      "nMSEf": 0.5360961103750004,
      "nMSEm": 0.8227892357110977,
      "nMSEL": 0.4894924669187574,
      "ver": 0.9740000000000003,
      "verf": 0.92,
      "verm": 1.0,
      "verL": 0.86,
      "ber": 0.30745000000000006,
      "iber": 0.30745000000000006,
      "sber": 0.0,
      "ier": 0.5943124999999998,
      "ser": 0.0,
      "EbN0dB": 8.0,
      "SNRdB": 14.19788758288394,
      "rate": 4.166666666666667,
      "C": 4.7702946401146855,
      "ShannonLimitdB": 6.096215400993904
}