{
      "T": 89.95,
      "fer": 1.0,
      "nMSE": 0.7019951157569885,
      "nMSEf": 0.4470973340633401,
      "nMSEm": 0.8194173777103424,
      "nMSEL": 0.45318355241304814,
      "ver": 0.9279999999999997,
      "verf": 0.77,
      "verm": 1.0,
      "verL": 0.69,
      "ber": 0.29193750000000007,
      "iber": 0.29193750000000007,
      "sber": 0.0,
      "ier": 0.5623124999999999,
      "ser": 0.0,
      "EbN0dB": 9.0,
      "SNRdB": 15.19788758288394,
      "rate": 4.166666666666667,
      "C": 5.091573319049874,
      "ShannonLimitdB": 6.096215400993904
}