{
      "T": 10.0,
      "fer": 1.0,
      "nMSE": 0.4264112071990967,
      "nMSEf": 0.3945921428734437,
      "nMSEm": 0.3823506903834641,
      "nMSEL": 0.39877907710149885,
      "ver": 0.7509999999999999,
      "verf": 0.72,
      "verm": 0.73,
      "verL": 0.7,
      "ber": 0.159125,
      "iber": 0.159125,
      "sber": 0.0,
      "ier": 0.306125,
      "ser": 0.0,
      "EbN0dB": 0.0,
      "SNRdB": -1.205739312058498,
      "rate": 0.7575757575757577,
      "C": 0.8135868757691188,
      "ShannonLimitdB": -0.40169721684476634
}