{
      "T": 10.0,
      "fer": 1.0,
      "nMSE": 0.31150919651985165,
      "nMSEf": 0.2742389850114705,
      "nMSEm": 0.2897451415611431,
      "nMSEL": 0.3142615797743201,
      "ver": 0.5965,
      "verf": 0.51,
      "verm": 0.56,
      "verL": 0.55,
      "ber": 0.11300000000000003,
      "iber": 0.11300000000000003,
      "sber": 0.0,
      "ier": 0.21599999999999994,
      "ser": 0.0,
      "EbN0dB": 1.0,
      "SNRdB": -0.20573931205849805,
      "rate": 0.7575757575757577,
      "C": 0.9662321182270822,
      "ShannonLimitdB": -0.40169721684476634
}