{
      "T": 3.959,
      "fer": 0.0002,
      "nMSE": 7.498955208134655e-06,
      "nMSEf": 3.3794990340027283e-16,
      "nMSEm": 5.053494185205287e-19,
      "nMSEL": 1.0658621285385481e-15,
      "ver": 1.5000000000000002e-05,
      "verf": 0.0,
      "verm": 0.0,
      "verL": 0.0,
      "ber": 2.4999999999999998e-06,
      "iber": 2.4999999999999998e-06,
      "sber": 0.0,
      "ier": 3.7500000000000005e-06,
      "ser": 0.0,
      "EbN0dB": 10.0,
      "SNRdB": 8.794260687941502,
      "rate": 0.7575757575757577,
      "C": 3.1002641234734294,
      "ShannonLimitdB": -0.40169721684476634
}