{
      "T": 10.0,
      "fer": 1.0,
      "nMSE": 0.2201496815681458,
      "nMSEf": 0.20409763704683456,
      "nMSEm": 0.20982597628137684,
      "nMSEL": 0.188692183041949,
      "ver": 0.4264999999999998,
      "verf": 0.35,
      "verm": 0.42,
      "verL": 0.34,
      "ber": 0.07537499999999998,
      "iber": 0.07537499999999998,
      "sber": 0.0,
      "ier": 0.14725,
      "ser": 0.0,
      "EbN0dB": 2.0,
      "SNRdB": 0.794260687941502,
      "rate": 0.7575757575757577,
      "C": 1.1379471897984124,
      "ShannonLimitdB": -0.40169721684476634
}