{
      "T": 10.0,
      "fer": 0.99,
      "nMSE": 0.12367676593363283,
      "nMSEf": 0.14263236394699047,
      "nMSEm": 0.14612994363019718,
      "nMSEL": 0.12406122923695889,
      "ver": 0.2500000000000001,
      "verf": 0.28,
      "verm": 0.31,
      "verL": 0.26,
      "ber": 0.040600000000000004,
      "iber": 0.040600000000000004,
      "sber": 0.0,
      "ier": 0.077875,
      "ser": 0.0,
      "EbN0dB": 3.0,
      "SNRdB": 1.794260687941502,
      "rate": 0.7575757575757577,
      "C": 1.3285850962692478,
      "ShannonLimitdB": -0.40169721684476634
}