{
      "T": 10.0,
      "fer": 0.72,
      "nMSE": 0.03904056447441691,
      "nMSEf": 0.04070695885485737,
      "nMSEm": 0.011474964971570172,
      "nMSEL": 0.03037634501602374,
      "ver": 0.08199999999999998,
      "verf": 0.08,
      "verm": 0.02,
      "verL": 0.06,
      "ber": 0.01304999999999999,
      "iber": 0.01304999999999999,
      "sber": 0.0,
      "ier": 0.023999999999999994,
      "ser": 0.0,
      "EbN0dB": 4.0,
      "SNRdB": 2.794260687941502,
      "rate": 0.7575757575757577,
      "C": 1.53751687388966,
      "ShannonLimitdB": -0.40169721684476634
}