{
      "T": 10.0,
      "fer": 0.4102,
      "nMSE": 0.013058361573828125,
      "nMSEf": 0.01283379263397158,
      "nMSEm": 0.01437815796687729,
      "nMSEL": 0.01297143747044552,
      "ver": 0.029055000000001503,
      "verf": 0.0295,
      "verm": 0.0329,
      "verL": 0.0292,
      "ber": 0.004033000000000063,
      "iber": 0.004033000000000063,
      "sber": 0.0,
      "ier": 0.007847500000000401,
      "ser": 0.0,
      "EbN0dB": 5.0,
      "SNRdB": 3.794260687941502,
      "rate": 0.7575757575757577,
      "C": 1.763694091540468,
      "ShannonLimitdB": -0.40169721684476634
}