{
      "T": 10.0,
      "fer": 0.3103,
      "nMSE": 0.009168550443717581,
      "nMSEf": 0.009199256753376893,
      "nMSEm": 0.009161122839015498,
      "nMSEL": 0.010707714649941392,
      "ver": 0.020390000000000567,
      "verf": 0.0205,
      "verm": 0.0199,
      "verL": 0.0236,
      "ber": 0.002820500000000029,
      "iber": 0.002820500000000029,
      "sber": 0.0,
      "ier": 0.005476250000000157,
      "ser": 0.0,
      "EbN0dB": 5.25,
      "SNRdB": 4.044260687941502,
      "rate": 0.7575757575757577,
      "C": 1.8227778481869652,
      "ShannonLimitdB": -0.40169721684476634
}