{
      "T": 10.0,
      "fer": 0.2353,
      "nMSE": 0.006507283832579716,
      "nMSEf": 0.00576512473687673,
      "nMSEm": 0.006167029842013031,
      "nMSEL": 0.00635502964723432,
      "ver": 0.014499999999999869,
      "verf": 0.0131,
      "verm": 0.0133,
      "verL": 0.0147,
      "ber": 0.0020077500000000165,
      "iber": 0.0020077500000000165,
      "sber": 0.0,
      "ier": 0.0038524999999999926,
      "ser": 0.0,
      "EbN0dB": 5.5,
      "SNRdB": 4.294260687941502,
      "rate": 0.7575757575757577,
      "C": 1.8828309186553374,
      "ShannonLimitdB": -0.40169721684476634
}