{
      "T": 10.0,
      "fer": 0.172,
      "nMSE": 0.004506714055337144,
      "nMSEf": 0.004633160837480539,
      "nMSEm": 0.004238937850544612,
      "nMSEL": 0.00477637201942593,
      "ver": 0.010179999999999719,
      "verf": 0.0101,
      "verm": 0.0091,
      "verL": 0.0113,
      "ber": 0.001358500000000011,
      "iber": 0.001358500000000011,
      "sber": 0.0,
      "ier": 0.0026649999999999283,
      "ser": 0.0,
      "EbN0dB": 5.75,
      "SNRdB": 4.544260687941502,
      "rate": 0.7575757575757577,
      "C": 1.9438287296673482,
      "ShannonLimitdB": -0.40169721684476634
}