{
      "T": 10.0,
      "fer": 0.1207,
      "nMSE": 0.003064303019187433,
      "nMSEf": 0.0027721250512899704,
      "nMSEm": 0.0030648929719529904,
      "nMSEL": 0.0031900055635314868,
      "ver": 0.006859999999999876,
      "verf": 0.0063,
      "verm": 0.0067,
      "verL": 0.007,
      "ber": 0.0009235000000000046,
      "iber": 0.0009235000000000046,
      "sber": 0.0,
      "ier": 0.001802499999999968,
      "ser": 0.0,
      "EbN0dB": 6.0,
      "SNRdB": 4.794260687941502,
      "rate": 0.7575757575757577,
      "C": 2.005746125933588,
      "ShannonLimitdB": -0.40169721684476634
}