{
      "T": 10.0,
      "fer": 0.0866,
      "nMSE": 0.0021236375782036124,
      "nMSEf": 0.0025248113110164774,
      "nMSEm": 0.0023210752577114764,
      "nMSEL": 0.0024223106487148184,
      "ver": 0.004779999999999952,
      "verf": 0.006,
      "verm": 0.0049,
      "verL": 0.0053,
      "ber": 0.0006464999999999985,
      "iber": 0.0006464999999999985,
      "sber": 0.0,
      "ier": 0.0012437499999999866,
      "ser": 0.0,
      "EbN0dB": 6.25,
      "SNRdB": 5.044260687941502,
      "rate": 0.7575757575757577,
      "C": 2.0685574817514896,
      "ShannonLimitdB": -0.40169721684476634
}