{
      "T": 9.9985,
      "fer": 0.054,
      "nMSE": 0.0013527930868315456,
      "nMSEf": 0.001266117875859086,
      "nMSEm": 0.0011434044030347917,
      "nMSEL": 0.0013689170783436656,
      "ver": 0.002940000000000025,
      "verf": 0.003,
      "verm": 0.0025,
      "verL": 0.0033,
      "ber": 0.00039849999999999646,
      "iber": 0.00039849999999999646,
      "sber": 0.0,
      "ier": 0.0007750000000000064,
      "ser": 0.0,
      "EbN0dB": 6.5,
      "SNRdB": 5.294260687941502,
      "rate": 0.7575757575757577,
      "C": 2.1322368092919883,
      "ShannonLimitdB": -0.40169721684476634
}