{
      "T": 9.9876,
      "fer": 0.0336,
      "nMSE": 0.0008125589167097321,
      "nMSEf": 0.0010423121216209454,
      "nMSEm": 0.0007846141932846109,
      "nMSEL": 0.0010459235625762003,
      "ver": 0.0018250000000000106,
      "verf": 0.0024,
      "verm": 0.0017,
      "verL": 0.0025,
      "ber": 0.0002429999999999992,
      "iber": 0.0002429999999999992,
      "sber": 0.0,
      "ier": 0.00047125000000000286,
      "ser": 0.0,
      "EbN0dB": 6.75,
      "SNRdB": 5.544260687941502,
      "rate": 0.7575757575757577,
      "C": 2.1967578628514017,
      "ShannonLimitdB": -0.40169721684476634
}