{
      "T": 9.9071,
      "fer": 0.0201,
      "nMSE": 0.00047726555426354136,
      "nMSEf": 0.0003811827282464329,
      "nMSEm": 0.0004746855821340131,
      "nMSEL": 0.0005542811832344404,
      "ver": 0.0010700000000000015,
      "verf": 0.0009,
      "verm": 0.0009,
      "verL": 0.0013,
      "ber": 0.00013899999999999964,
      "iber": 0.00013899999999999964,
      "sber": 0.0,
      "ier": 0.00027250000000000044,
      "ser": 0.0,
      "EbN0dB": 7.0,
      "SNRdB": 5.794260687941502,
      "rate": 0.7575757575757577,
      "C": 2.262094238449332,
      "ShannonLimitdB": -0.40169721684476634
}