{
      "T": 9.6614,
      "fer": 0.0131,
      "nMSE": 0.0003047027418589304,
      "nMSEf": 0.00026449546634617344,
      "nMSEm": 0.00033908753065219294,
      "nMSEL": 0.00030181542206891615,
      "ver": 0.0006849999999999985,
      "verf": 0.0009,
      "verm": 0.0006,
      "verL": 0.0007,
      "ber": 8.89999999999999e-05,
      "iber": 8.89999999999999e-05,
      "sber": 0.0,
      "ier": 0.0001749999999999996,
      "ser": 0.0,
      "EbN0dB": 7.25,
      "SNRdB": 6.044260687941502,
      "rate": 0.7575757575757577,
      "C": 2.3282194682581014,
      "ShannonLimitdB": -0.40169721684476634
}