{
      "T": 9.0795,
      "fer": 0.0113,
      "nMSE": 0.0002763892766427816,
      "nMSEf": 0.0005232094002466448,
      "nMSEm": 0.0003059565805791593,
      "nMSEL": 0.00020586886169164426,
      "ver": 0.0006099999999999988,
      "verf": 0.0011,
      "verm": 0.0006,
      "verL": 0.0005,
      "ber": 8.67499999999999e-05,
      "iber": 8.67499999999999e-05,
      "sber": 0.0,
      "ier": 0.00015749999999999968,
      "ser": 0.0,
      "EbN0dB": 7.5,
      "SNRdB": 6.294260687941502,
      "rate": 0.7575757575757577,
      "C": 2.395107109452343,
      "ShannonLimitdB": -0.40169721684476634
}