{
      "T": 8.0601,
      "fer": 0.0067,
      "nMSE": 0.00015626761764718784,
      "nMSEf": 2.815574178355251e-05,
      "nMSEm": 0.00014082248542683146,
      "nMSEL": 0.00025860001346179857,
      "ver": 0.0003449999999999996,
      "verf": 0.0001,
      "verm": 0.0003,
      "verL": 0.0006,
      "ber": 5.175000000000003e-05,
      "iber": 5.175000000000003e-05,
      "sber": 0.0,
      "ier": 8.87499999999999e-05,
      "ser": 0.0,
      "EbN0dB": 7.75,
      "SNRdB": 6.544260687941502,
      "rate": 0.7575757575757577,
      "C": 2.4627308271669577,
      "ShannonLimitdB": -0.40169721684476634
}