{
      "T": 6.9146,
      "fer": 0.004,
      "nMSE": 0.00010298122237268814,
      "nMSEf": 5.259431770676677e-05,
      "nMSEm": 0.00019539871156311271,
      "nMSEL": 0.0001992999108847578,
      "ver": 0.00021500000000000008,
      "verf": 0.0002,
      "verm": 0.0004,
      "verL": 0.0005,
      "ber": 2.9750000000000008e-05,
      "iber": 2.9750000000000008e-05,
      "sber": 0.0,
      "ier": 5.625e-05,
      "ser": 0.0,
      "EbN0dB": 8.0,
      "SNRdB": 6.794260687941502,
      "rate": 0.7575757575757577,
      "C": 2.531064471346166,
      "ShannonLimitdB": -0.40169721684476634
}