{
      "T": 5.8809,
      "fer": 0.0023,
      "nMSE": 5.8524059664984254e-05,
      "nMSEf": 2.198530711266261e-08,
      "nMSEm": 4.9273987270373005e-05,
      "nMSEL": 4.981259828977197e-05,
      "ver": 0.00012000000000000004,
      "verf": 0.0,
      "verm": 0.0001,
      "verL": 0.0001,
      "ber": 1.5250000000000003e-05,
      "iber": 1.5250000000000003e-05,
      "sber": 0.0,
      "ier": 3.1250000000000014e-05,
      "ser": 0.0,
      "EbN0dB": 8.25,
      "SNRdB": 7.044260687941502,
      "rate": 0.7575757575757577,
      "C": 2.6000821473546174,
      "ShannonLimitdB": -0.40169721684476634
}