{
      "T": 5.1436,
      "fer": 0.0019,
      "nMSE": 5.2575143996626394e-05,
      "nMSEf": 0.0001464759724229103,
      "nMSEm": 1.0235627532122187e-06,
      "nMSEL": 0.0001000216429832988,
      "ver": 0.000105,
      "verf": 0.0003,
      "verm": 0.0,
      "verL": 0.0002,
      "ber": 1.4750000000000003e-05,
      "iber": 1.4750000000000003e-05,
      "sber": 0.0,
      "ier": 2.625e-05,
      "ser": 0.0,
      "EbN0dB": 8.5,
      "SNRdB": 7.294260687941502,
      "rate": 0.7575757575757577,
      "C": 2.6697582803024376,
      "ShannonLimitdB": -0.40169721684476634
}