{
      "T": 4.6781,
      "fer": 0.0011,
      "nMSE": 3.0406252588715382e-05,
      "nMSEf": 1.221731637552626e-08,
      "nMSEm": 4.999660731532346e-05,
      "nMSEL": 2.853318991142199e-06,
      "ver": 5.9999999999999995e-05,
      "verf": 0.0,
      "verm": 0.0001,
      "verL": 0.0,
      "ber": 6.749999999999999e-06,
      "iber": 6.749999999999999e-06,
      "sber": 0.0,
      "ier": 1.4999999999999999e-05,
      "ser": 0.0,
      "EbN0dB": 8.75,
      "SNRdB": 7.544260687941502,
      "rate": 0.7575757575757577,
      "C": 2.7400676731091327,
      "ShannonLimitdB": -0.40169721684476634
}