{
      "T": 4.3222,
      "fer": 0.0005,
      "nMSE": 1.2129546600278913e-05,
      "nMSEf": 1.0973100068448625e-12,
      "nMSEm": 7.169947166375093e-13,
      "nMSEL": 3.425564617066682e-13,
      "ver": 2.5e-05,
      "verf": 0.0,
      "verm": 0.0,
      "verL": 0.0,
      "ber": 3.7499999999999997e-06,
      "iber": 3.7499999999999997e-06,
      "sber": 0.0,
      "ier": 6.25e-06,
      "ser": 0.0,
      "EbN0dB": 9.0,
      "SNRdB": 7.794260687941502,
      "rate": 0.7575757575757577,
      "C": 2.8109855583959744,
      "ShannonLimitdB": -0.40169721684476634
}