{
      "T": 4.1791,
      "fer": 0.0012,
      "nMSE": 2.9829853332813684e-05,
      "nMSEf": 7.640855065420149e-10,
      "nMSEm": 1.9592914203803904e-15,
      "nMSEL": 7.184816516322684e-13,
      "ver": 5.9999999999999995e-05,
      "verf": 0.0,
      "verm": 0.0,
      "verL": 0.0,
      "ber": 7.250000000000001e-06,
      "iber": 7.250000000000001e-06,
      "sber": 0.0,
      "ier": 1.4999999999999999e-05,
      "ser": 0.0,
      "EbN0dB": 9.25,
      "SNRdB": 8.044260687941502,
      "rate": 0.7575757575757577,
      "C": 2.882487644352724,
      "ShannonLimitdB": -0.40169721684476634
}