{
      "T": 4.0608,
      "fer": 0.0002,
      "nMSE": 4.996092777670431e-06,
      "nMSEf": 4.4648493924825535e-14,
      "nMSEm": 1.5805339194920366e-16,
      "nMSEL": 8.06775059092572e-13,
      "ver": 1e-05,
      "verf": 0.0,
      "verm": 0.0,
      "verL": 0.0,
      "ber": 1.5e-06,
      "iber": 1.5e-06,
      "sber": 0.0,
      "ier": 2.5e-06,
      "ser": 0.0,
      "EbN0dB": 9.5,
      "SNRdB": 8.294260687941502,
      "rate": 0.7575757575757577,
      "C": 2.9545501547724227,
      "ShannonLimitdB": -0.40169721684476634
}