{
      "T": 4.014,
      "fer": 0.0005,
      "nMSE": 1.238320947685507e-05,
      "nMSEf": 4.6225985967809064e-05,
      "nMSEm": 2.258672184658513e-15,
      "nMSEL": 8.181282421901291e-15,
      "ver": 2.5e-05,
      "verf": 0.0001,
      "verm": 0.0,
      "verL": 0.0,
      "ber": 2.7500000000000004e-06,
      "iber": 2.7500000000000004e-06,
      "sber": 0.0,
      "ier": 6.25e-06,
      "ser": 0.0,
      "EbN0dB": 9.75,
      "SNRdB": 8.544260687941502,
      "rate": 0.7575757575757577,
      "C": 3.027149863487635,
      "ShannonLimitdB": -0.40169721684476634
}