{
      "T": 66.12,
      "fer": 1.0,
      "nMSE": 0.5247521648406983,
      "nMSEf": 0.2917709906375967,
      "nMSEm": 0.6184264132380486,
      "nMSEL": 0.2659467856772244,
      "ver": 0.9944999999999997,
      "verf": 0.94,
      "verm": 1.0,
      "verL": 0.93,
      "ber": 0.207115625,
      "iber": 0.20919531249999998,
      "sber": 0.19879687500000004,
      "ier": 0.3932499999999999,
      "ser": 0.19879687500000004,
      "EbN0dB": 2.0,
      "SNRdB": 5.187587626244128,
      "rate": 2.0833333333333335,
      "C": 2.104960848571501,
      "ShannonLimitdB": 1.9149828156875195
}