{
      "T": 99.51,
      "fer": 1.0,
      "nMSE": 0.39274011406302456,
      "nMSEf": 0.12694256484741345,
      "nMSEm": 0.49405280070724983,
      "nMSEL": 0.12158632835535854,
      "ver": 0.9224999999999999,
      "verf": 0.62,
      "verm": 0.98,
      "verL": 0.64,
      "ber": 0.14947187500000003,
      "iber": 0.15141796875,
      "sber": 0.1416875000000001,
      "ier": 0.28365625,
      "ser": 0.1416875000000001,
      "EbN0dB": 3.0,
      "SNRdB": 6.187587626244128,
      "rate": 2.0833333333333335,
      "C": 2.3664751113979383,
      "ShannonLimitdB": 1.9149828156875195
}