{
      "T": 85.47,
      "fer": 0.99,
      "nMSE": 0.04768033217452468,
      "nMSEf": 0.014864965911059201,
      "nMSEm": 0.07328516378882562,
      "nMSEL": 0.013293682723163003,
      "ver": 0.19000000000000003,
      "verf": 0.11,
      "verm": 0.23,
      "verL": 0.07,
      "ber": 0.016659375000000004,
      "iber": 0.016871093749999993,
      "sber": 0.015812499999999997,
      "ier": 0.031890625000000006,
      "ser": 0.015812499999999997,
      "EbN0dB": 4.0,
      "SNRdB": 7.187587626244128,
      "rate": 2.0833333333333335,
      "C": 2.639949102311349,
      "ShannonLimitdB": 1.9149828156875195
}