{
      "T": 45.4,
      "fer": 0.54,
      "nMSE": 0.002585306357595982,
      "nMSEf": 0.0009441341263311004,
      "nMSEm": 0.0013224441330114739,
      "nMSEL": 0.003896117340667755,
      "ver": 0.022999999999999986,
      "verf": 0.01,
      "verm": 0.02,
      "verL": 0.04,
      "ber": 0.0007656250000000004,
      "iber": 0.0007812499999999996,
      "sber": 0.0007031250000000003,
      "ier": 0.0014999999999999994,
      "ser": 0.0007031250000000003,
      "EbN0dB": 5.0,
      "SNRdB": 8.187587626244127,
      "rate": 2.0833333333333335,
      "C": 2.9237345959040155,
      "ShannonLimitdB": 1.9149828156875195
}