{
      "T": 19.56,
      "fer": 0.1,
      "nMSE": 0.0002596769096095157,
      "nMSEf": 0.00014106691672504217,
      "nMSEm": 3.1384679214361204e-06,
      "nMSEL": 1.5023390453580179e-05,
      "ver": 0.0027500000000000003,
      "verf": 0.0,
      "verm": 0.0,
      "verL": 0.0,
      "ber": 9.0625e-05,
      "iber": 0.00010156250000000001,
      "sber": 4.687500000000001e-05,
      "ier": 0.00017187500000000002,
      "ser": 4.687500000000001e-05,
      "EbN0dB": 6.0,
      "SNRdB": 9.187587626244127,
      "rate": 2.0833333333333335,
      "C": 3.216284026671513,
      "ShannonLimitdB": 1.9149828156875195
}