{
      "T": 13.37,
      "fer": 0.0,
      "nMSE": 1.2527147059265778e-05,
      "nMSEf": 1.36310247428378e-11,
      "nMSEm": 2.5973786989180964e-06,
      "nMSEL": 9.206151579429403e-05,
      "ver": 0.0,
      "verf": 0.0,
      "verm": 0.0,
      "verL": 0.0,
      "ber": 0.0,
      "iber": 0.0,
      "sber": 0.0,
      "ier": 0.0,
      "ser": 0.0,
      "EbN0dB": 7.0,
      "SNRdB": 10.187587626244127,
      "rate": 2.0833333333333335,
      "C": 3.516191778127995,
      "ShannonLimitdB": 1.9149828156875195
}