{
      "T": 81.03,
      "fer": 1.0,
      "nMSE": 0.4261959674954414,
      "nMSEf": 0.2662675602676609,
      "nMSEm": 0.4300812058243901,
      "nMSEL": 0.2759488799596875,
      "ver": 0.91375,
      "verf": 0.82,
      "verm": 0.91,
      "verL": 0.74,
      "ber": 0.15835286458333334,
      "iber": 0.159677734375,
      "sber": 0.155703125,
      "ier": 0.29953125,
      "ser": 0.2359375,
      "EbN0dB": 1.0,
      "SNRdB": 2.5296746020854353,
      "rate": 1.4222222222222223,
      "C": 1.480509013479828,
      "ShannonLimitdB": 0.723366455324522
}