{
      "T": 98.76,
      "fer": 1.0,
      "nMSE": 0.17707305178046226,
      "nMSEf": 0.11563289816887164,
      "nMSEm": 0.1862884911149058,
      "nMSEL": 0.10421718576210154,
      "ver": 0.549375,
      "verf": 0.45,
      "verm": 0.52,
      "verL": 0.4,
      "ber": 0.061015625000000025,
      "iber": 0.061767578125,
      "sber": 0.05951171875,
      "ier": 0.1158203125,
      "ser": 0.0892578125,
      "EbN0dB": 2.0,
      "SNRdB": 3.5296746020854353,
      "rate": 1.4222222222222223,
      "C": 1.7022454269706686,
      "ShannonLimitdB": 0.723366455324522
}