{
      "T": 86.91,
      "fer": 0.97,
      "nMSE": 0.040010193753696514,
      "nMSEf": 0.024806738464858823,
      "nMSEm": 0.03471840409464182,
      "nMSEL": 0.019592714374544306,
      "ver": 0.1625,
      "verf": 0.11,
      "verm": 0.14,
      "verL": 0.08,
      "ber": 0.012890625,
      "iber": 0.013125,
      "sber": 0.012421875,
      "ier": 0.024453125,
      "ser": 0.0197265625,
      "EbN0dB": 3.0,
      "SNRdB": 4.529674602085436,
      "rate": 1.4222222222222223,
      "C": 1.9402443450924172,
      "ShannonLimitdB": 0.723366455324522
}