{
      "T": 53.63,
      "fer": 0.57,
      "nMSE": 0.007156581247909344,
      "nMSEf": 0.005337777827007423,
      "nMSEm": 0.008349424569972161,
      "nMSEL": 0.004391071768238949,
      "ver": 0.0321875,
      "verf": 0.03,
      "verm": 0.04,
      "verL": 0.02,
      "ber": 0.0021223958333333333,
      "iber": 0.002138671875,
      "sber": 0.00208984375,
      "ier": 0.004140625,
      "ser": 0.003125,
      "EbN0dB": 4.0,
      "SNRdB": 5.529674602085436,
      "rate": 1.4222222222222223,
      "C": 2.192970770975604,
      "ShannonLimitdB": 0.723366455324522
}