{
      "T": 29.69,
      "fer": 0.19,
      "nMSE": 0.001752979801185332,
      "nMSEf": 0.0039290337182288524,
      "nMSEm": 0.0005106447437764561,
      "nMSEL": 0.0016954562666609103,
      "ver": 0.0075,
      "verf": 0.02,
      "verm": 0.0,
      "verL": 0.02,
      "ber": 0.0005208333333333334,
      "iber": 0.000546875,
      "sber": 0.00046875,
      "ier": 0.0009765625,
      "ser": 0.0007421875,
      "EbN0dB": 5.0,
      "SNRdB": 6.529674602085436,
      "rate": 1.4222222222222223,
      "C": 2.458765611628972,
      "ShannonLimitdB": 0.723366455324522
}