{
      "T": 9.74,
      "fer": 0.02,
      "nMSE": 9.34255201407877e-05,
      "nMSEf": 3.7381040583032683e-07,
      "nMSEm": 2.673653579484253e-10,
      "nMSEL": 1.4595265033168688e-08,
      "ver": 0.000625,
      "verf": 0.0,
      "verm": 0.0,
      "verL": 0.0,
      "ber": 4.557291666666666e-05,
      "iber": 3.90625e-05,
      "sber": 5.859375e-05,
      "ier": 7.8125e-05,
      "ser": 7.8125e-05,
      "EbN0dB": 6.0,
      "SNRdB": 7.529674602085436,
      "rate": 1.4222222222222223,
      "C": 2.735948564509701,
      "ShannonLimitdB": 0.723366455324522
}