{
      "T": 6.29,
      "fer": 0.0,
      "nMSE": 7.226175318149523e-09,
      "nMSEf": 3.866030416114748e-20,
      "nMSEm": 2.160916278424331e-15,
      "nMSEL": 4.049991277565269e-20,
      "ver": 0.0,
      "verf": 0.0,
      "verm": 0.0,
      "verL": 0.0,
      "ber": 0.0,
      "iber": 0.0,
      "sber": 0.0,
      "ier": 0.0,
      "ser": 0.0,
      "EbN0dB": 7.0,
      "SNRdB": 8.529674602085436,
      "rate": 1.4222222222222223,
      "C": 3.022899729678403,
      "ShannonLimitdB": 0.723366455324522
}