{
      "T": 5.59,
      "fer": 0.0,
      "nMSE": 3.250296114609486e-16,
      "nMSEf": 1.5971170219811406e-21,
      "nMSEm": 1.8144960104850603e-27,
      "nMSEL": 2.1065303375903126e-24,
      "ver": 0.0,
      "verf": 0.0,
      "verm": 0.0,
      "verL": 0.0,
      "ber": 0.0,
      "iber": 0.0,
      "sber": 0.0,
      "ier": 0.0,
      "ser": 0.0,
      "EbN0dB": 8.0,
      "SNRdB": 9.529674602085436,
      "rate": 1.4222222222222223,
      "C": 3.318116595242853,
      "ShannonLimitdB": 0.723366455324522
}