{
      "T": 34.86,
      "fer": 0.08,
      "nMSE": 0.02101666240692139,
      "nMSEf": 6.4025255579209e-17,
      "nMSEm": 0.026436168074486694,
      "nMSEL": 0.0005625433474779129,
      "ver": 0.030399999999999996,
      "verf": 0.0,
      "verm": 0.05,
      "verL": 0.01,
      "ber": 0.0072,
      "iber": 0.007381250000000001,
      "sber": 0.006475000000000001,
      "ier": 0.013699999999999999,
      "ser": 0.006475000000000001,
      "EbN0dB": 10.0,
      "SNRdB": 15.228787452803376,
      "rate": 3.3333333333333335,
      "C": 5.1015380264620624,
      "ShannonLimitdB": 4.351768928552211
}