{
      "T": 27.27,
      "fer": 0.02,
      "nMSE": 0.00396249771118164,
      "nMSEf": 4.112105958057502e-37,
      "nMSEm": 5.570481472682345e-18,
      "nMSEL": 0.0,
      "ver": 0.0052,
      "verf": 0.0,
      "verm": 0.0,
      "verL": 0.0,
      "ber": 0.0011,
      "iber": 0.00113125,
      "sber": 0.0009750000000000001,
      "ier": 0.0022,
      "ser": 0.0009750000000000001,
      "EbN0dB": 11.0,
      "SNRdB": 16.228787452803374,
      "rate": 3.3333333333333335,
      "C": 5.42506246854199,
      "ShannonLimitdB": 4.351768928552211
}