{
      "T": 28.05,
      "fer": 0.07,
      "nMSE": 0.045905926895141606,
      "nMSEf": 0.0033140599727636217,
      "nMSEm": 0.08568508625030517,
      "nMSEL": 0.0012512505054473877,
      "ver": 0.046,
      "verf": 0.01,
      "verm": 0.07,
      "verL": 0.01,
      "ber": 0.01421,
      "iber": 0.01429375,
      "sber": 0.013875000000000002,
      "ier": 0.027025,
      "ser": 0.013875000000000002,
      "EbN0dB": 12.0,
      "SNRdB": 17.228787452803374,
      "rate": 3.3333333333333335,
      "C": 5.750332438615321,
      "ShannonLimitdB": 4.351768928552211
}