{
      "T": 26.14,
      "fer": 0.06,
      "nMSE": 0.043783833694458006,
      "nMSEf": 0.007493922114372253,
      "nMSEm": 0.06742747366428375,
      "nMSEL": 0.019204521731172975,
      "ver": 0.04,
      "verf": 0.02,
      "verm": 0.06,
      "verL": 0.02,
      "ber": 0.01287,
      "iber": 0.01305,
      "sber": 0.012150000000000001,
      "ier": 0.024525,
      "ser": 0.012150000000000001,
      "EbN0dB": 13.0,
      "SNRdB": 18.228787452803374,
      "rate": 3.3333333333333335,
      "C": 6.077002469147427,
      "ShannonLimitdB": 4.351768928552211
}