{
      "T": 30.1,
      "fer": 0.12,
      "nMSE": 0.1254417266845703,
      "nMSEf": 0.0655256164073944,
      "nMSEm": 0.1386536741256714,
      "nMSEL": 0.02369825594127178,
      "ver": 0.10959999999999999,
      "verf": 0.07,
      "verm": 0.12,
      "verL": 0.07,
      "ber": 0.03769000000000001,
      "iber": 0.03828125,
      "sber": 0.035324999999999995,
      "ier": 0.07139999999999999,
      "ser": 0.035324999999999995,
      "EbN0dB": 14.0,
      "SNRdB": 19.228787452803374,
      "rate": 3.3333333333333335,
      "C": 6.404793262921983,
      "ShannonLimitdB": 4.351768928552211
}