{
      "T": 24.96,
      "fer": 0.06,
      "nMSE": 0.07519274597167969,
      "nMSEf": 0.04309360563755035,
      "nMSEm": 0.08070354819297791,
      "nMSEL": 0.04464167386293411,
      "ver": 0.06,
      "verf": 0.06,
      "verm": 0.06,
      "verL": 0.06,
      "ber": 0.021075,
      "iber": 0.021275,
      "sber": 0.020274999999999998,
      "ier": 0.040025,
      "ser": 0.020274999999999998,
      "EbN0dB": 15.0,
      "SNRdB": 20.228787452803374,
      "rate": 3.3333333333333335,
      "C": 6.733479829813874,
      "ShannonLimitdB": 4.351768928552211
}