{
      "T": 28.88,
      "fer": 0.12,
      "nMSE": NaN,
      "nMSEf": NaN,
      "nMSEm": NaN,
      "nMSEL": NaN,
      "ver": 0.11960000000000001,
      "verf": 0.11,
      "verm": 0.12,
      "verL": 0.12,
      "ber": 0.056334999999999996,
      "iber": 0.056381249999999994,
      "sber": 0.05615000000000001,
      "ier": 0.10462500000000002,
      "ser": 0.05615000000000001,
      "EbN0dB": 16.0,
      "SNRdB": 21.228787452803374,
      "rate": 3.3333333333333335,
      "C": 7.06288144635409,
      "ShannonLimitdB": 4.351768928552211
}