{
      "T": 30.36,
      "fer": 0.14,
      "nMSE": NaN,
      "nMSEf": NaN,
      "nMSEm": NaN,
      "nMSEL": NaN,
      "ver": 0.14,
      "verf": 0.14,
      "verm": 0.14,
      "verL": 0.14,
      "ber": 0.06942,
      "iber": 0.06915624999999999,
      "sber": 0.070475,
      "ier": 0.13144999999999998,
      "ser": 0.070475,
      "EbN0dB": 17.0,
      "SNRdB": 22.228787452803374,
      "rate": 3.3333333333333335,
      "C": 7.3928532776669185,
      "ShannonLimitdB": 4.351768928552211
}