{
      "T": 31.95,
      "fer": 0.16,
      "nMSE": NaN,
      "nMSEf": NaN,
      "nMSEm": NaN,
      "nMSEL": NaN,
      "ver": 0.16,
      "verf": 0.16,
      "verm": 0.16,
      "verL": 0.16,
      "ber": 0.079685,
      "iber": 0.0793875,
      "sber": 0.08087499999999999,
      "ier": 0.14975,
      "ser": 0.08087499999999999,
      "EbN0dB": 18.0,
      "SNRdB": 23.228787452803374,
      "rate": 3.3333333333333335,
      "C": 7.723279461630942,
      "ShannonLimitdB": 4.351768928552211
}