{
      "T": 92.22,
      "fer": 1.0,
      "nMSE": 0.6645443363189698,
      "nMSEf": 0.27777508085428393,
      "nMSEm": 0.766064682006836,
      "nMSEL": 0.2503416975427262,
      "ver": 0.9791999999999994,
      "verf": 0.84,
      "verm": 1.0,
      "verL": 0.79,
      "ber": 0.2742899999999999,
      "iber": 0.27685000000000004,
      "sber": 0.26405000000000006,
      "ier": 0.521325,
      "ser": 0.26405000000000006,
      "EbN0dB": 5.0,
      "SNRdB": 10.228787452803376,
      "rate": 3.3333333333333335,
      "C": 3.528687021610552,
      "ShannonLimitdB": 4.351768928552211
}