{
      "T": 100.0,
      "fer": 1.0,
      "nMSE": 0.5985261528015137,
      "nMSEf": 0.13208135122814105,
      "nMSEm": 0.7589539223909378,
      "nMSEL": 0.18048652823295921,
      "ver": 0.9204000000000001,
      "verf": 0.54,
      "verm": 1.0,
      "verL": 0.56,
      "ber": 0.24440500000000004,
      "iber": 0.24804999999999996,
      "sber": 0.22982500000000003,
      "ier": 0.4629000000000001,
      "ser": 0.22982500000000003,
      "EbN0dB": 6.0,
      "SNRdB": 11.228787452803376,
      "rate": 3.3333333333333335,
      "C": 3.834937594231136,
      "ShannonLimitdB": 4.351768928552211
}