{
      "T": 97.46,
      "fer": 0.95,
      "nMSE": 0.4572934964984308,
      "nMSEf": 0.0841204605143361,
      "nMSEm": 0.662834712692442,
      "nMSEL": 0.11120742613772111,
      "ver": 0.7172000000000003,
      "verf": 0.25,
      "verm": 0.9,
      "verL": 0.34,
      "ber": 0.18460500000000002,
      "iber": 0.18683125000000003,
      "sber": 0.17570000000000005,
      "ier": 0.3485250000000001,
      "ser": 0.17570000000000005,
      "EbN0dB": 7.0,
      "SNRdB": 12.228787452803376,
      "rate": 3.3333333333333335,
      "C": 4.146186068027346,
      "ShannonLimitdB": 4.351768928552211
}