{
      "T": 72.58,
      "fer": 0.41,
      "nMSE": 0.14890510816574098,
      "nMSEf": 0.010885975802838906,
      "nMSEm": 0.2504709146312977,
      "nMSEL": 0.015190009386277988,
      "ver": 0.23639999999999997,
      "verf": 0.03,
      "verm": 0.37,
      "verL": 0.04,
      "ber": 0.05721499999999999,
      "iber": 0.058037500000000006,
      "sber": 0.053925,
      "ier": 0.10905000000000001,
      "ser": 0.053925,
      "EbN0dB": 8.0,
      "SNRdB": 13.228787452803376,
      "rate": 3.3333333333333335,
      "C": 4.461522763187244,
      "ShannonLimitdB": 4.351768928552211
}