{
      "T": 44.97,
      "fer": 0.11,
      "nMSE": 0.040259429836273196,
      "nMSEf": 0.013109975244765404,
      "nMSEm": 0.06909390658142338,
      "nMSEL": 0.0024981713295209994,
      "ver": 0.0544,
      "verf": 0.02,
      "verm": 0.08,
      "verL": 0.01,
      "ber": 0.014809999999999999,
      "iber": 0.01479375,
      "sber": 0.014875000000000001,
      "ier": 0.027675,
      "ser": 0.014875000000000001,
      "EbN0dB": 9.0,
      "SNRdB": 14.228787452803376,
      "rate": 3.3333333333333335,
      "C": 4.7801845047759,
      "ShannonLimitdB": 4.351768928552211
}